Time,temperature,CO,CO2
0.0,20.0,0.0,0.00038641183
0.5,20.00000545423661,0.0,0.00038641183
1.0,20.000018629959047,0.0,0.00038641183
1.5,20.000037035460323,0.0,0.00038641183
2.0,20.0000531538157,0.0,0.00038641183
2.5,20.00006925799371,0.0,0.00038641183
3.0,20.000085252730223,1.1847361772559745e-74,0.00038641183
3.5,20.000100942999293,6.625679551139348e-71,0.00038641183
4.0,20.000116570014857,1.4140734629819714e-68,0.00038641183
4.5,20.000132276643882,8.496066115233226e-67,0.00038641183
5.0,20.000148013809632,2.4430518948978384e-65,0.00038641183
5.5,20.000163637938456,4.279463676122175e-64,0.00038641183
6.0,20.00017888062175,5.225075503680144e-63,0.00038641183
6.5,20.00019437490378,4.838354237064566e-62,0.00038641183
7.0,20.000209625032348,3.5961815918090945e-61,0.00038641183
7.5,20.000224600778314,2.2332749578701416e-60,0.00038641183
8.0,20.000239618607278,1.1934679912706438e-59,0.00038641183
8.5,20.00025513983217,5.612926147532978e-59,0.00038641183
9.0,20.000270504920916,2.364326639410643e-58,0.00038641183
9.5,20.000285634824273,9.046841247171572e-58,0.00038641183
10.0,20.000300839529086,3.1811682258313923e-57,0.00038641183
10.5,20.000316005745105,1.0379133634959159e-56,0.00038641183
11.0,20.000331212375457,3.167643036199105e-56,0.00038641183
11.5,20.00034637666695,9.105113996613126e-56,0.00038641183
12.0,20.000361191974292,2.4793489189165163e-55,0.00038641183
12.5,20.000376271645013,6.427744673785117e-55,0.00038641183
13.0,20.000391110732306,1.5933700443194374e-54,0.00038641183
13.5,20.00040579233611,3.7908587790916807e-54,0.00038641183
14.0,20.000420391449655,8.684474088682837e-54,0.00038641183
14.5,20.000435127909338,1.9212605361141758e-53,0.00038641183
15.0,20.00045000601744,4.1150576609137037e-53,0.00038641183
15.5,20.00046482639095,8.552764100122959e-53,0.00038641183
16.0,20.000479101991928,1.7285361783381125e-52,0.00038641183
16.5,20.000493310546574,3.403435809636444e-52,0.00038641183
17.0,20.000508161768273,6.540166888812337e-52,0.00038641183
17.5,20.000522554961115,1.228589890237276e-51,0.00038641183
18.0,20.000536968672357,2.2596618060850453e-51,0.00038641183
18.5,20.000551334978795,4.0750475083272986e-51,0.00038641183
19.0,20.000565127644844,7.21567099648462e-51,0.00038641183
19.5,20.00057945215463,1.256173908236704e-50,0.00038641183
20.0,20.000593345343567,2.152796690841668e-50,0.00038641183
20.5,20.00060713036845,3.6363484839404157e-50,0.00038641183
21.0,20.00062091539334,6.061034644211695e-50,0.00038641183
21.5,20.000634894282307,9.980196331466964e-50,0.00038641183
22.0,20.000648903453946,1.62525418015269e-49,0.00038641183
22.5,20.000662912625575,2.6203783228604794e-49,0.00038641183
23.0,20.000677021616042,4.187307830982013e-49,0.00038641183
23.5,20.000690437393462,6.639007249133667e-49,0.00038641183
24.0,20.00070468981497,1.0455450677458673e-48,0.00038641183
24.5,20.00071903520673,1.6373255335047706e-48,0.00038641183
25.0,20.00073825298838,2.5525194673709453e-48,0.00038641183
25.5,20.00076006302007,3.9659080232094255e-48,0.00038641183
26.0,20.00078224058298,6.1484679384352e-48,0.00038641183
26.5,20.000804644219713,9.52326584359914e-48,0.00038641183
27.0,20.0008277039945,1.4758236348012032e-47,0.00038641183
27.5,20.00085122502518,2.292397902717534e-47,0.00038641183
28.0,20.000876839816673,3.5767181473405695e-47,0.00038641183
28.5,20.000904491881744,5.619191968075388e-47,0.00038641183
29.0,20.000930874720282,8.632528974839312e-47,0.00038641183
29.5,20.00096495142561,1.4206402608675066e-46,0.00038641183
30.0,20.001002951101942,2.410830811066516e-46,0.00038641183
30.5,20.001038051349106,4.012447343348692e-46,0.00038641183
31.0,20.001074294517842,6.8423059473366366e-46,0.00038641183
31.5,20.00111231846389,1.2100916252108619e-45,0.00038641183
32.0,20.001153044339812,2.2779171739781815e-45,0.00038641183
32.5,20.001198623953037,4.81191809967017e-45,0.00038641183
33.0,20.00124800721573,1.252285025125329e-44,0.00038641183
33.5,20.0012986673799,4.522708045119609e-44,0.00038641183
34.0,20.001349922495432,2.5624665602814654e-43,0.00038641183
34.5,20.00140196172829,2.1969574769745507e-42,0.00038641183
35.0,20.00145508557413,2.407271536264964e-41,0.00038641183
35.5,20.001509886350878,2.8995834844365623e-40,0.00038641183
36.0,20.001568038160087,3.721066547335385e-39,0.00038641183
36.5,20.001628756680862,4.978983147988224e-38,0.00038641183
37.0,20.001691769760942,5.700140286030479e-37,0.00038641183
37.5,20.001756052330194,5.610557123129401e-36,0.00038641183
38.0,20.0018222496533,4.551039240322888e-35,0.00038641183
38.5,20.001890270717716,3.3901285290154222e-34,0.00038641183
39.0,20.001960548870827,2.4086963991092754e-33,0.00038641183
39.5,20.00203391996594,1.6176035547713094e-32,0.00038641183
40.0,20.002111107951762,1.0711337121760939e-31,0.00038641183
40.5,20.002191819627317,6.492405075339896e-31,0.00038641183
41.0,20.00227557262388,4.065175931605272e-30,0.00038641183
41.5,20.002363142949747,2.315439474877144e-29,0.00038641183
42.0,20.002454329864438,1.0739408583946914e-28,0.00038641183
42.5,20.0025495622237,4.695823602307206e-28,0.00038641183
43.0,20.002650165725587,2.3989864170691487e-27,0.00038641183
43.5,20.002758040918884,1.2305497428295563e-26,0.00038641183
44.0,20.00287329218358,6.733350654291742e-26,0.00038641183
44.5,20.0029962915674,4.07801509320558e-25,0.00038641183
45.0,20.003127463251698,1.8702249053199794e-24,0.00038641183
45.5,20.003268112437166,5.8519605687437104e-24,0.00038641183
46.0,20.00342010067394,2.0207932990146402e-23,0.00038641183
46.5,20.003585544903878,7.931328208253547e-23,0.00038641183
47.0,20.003768058303933,2.5272190342010557e-22,0.00038641183
47.5,20.003971539387177,5.059288294775541e-22,0.00038641183
48.0,20.004197739060984,1.1624474530164918e-21,0.00038641183
48.5,20.004450712070728,3.759822435758938e-21,0.00038641183
49.0,20.00473418914937,1.584229074072174e-20,0.00038641183
49.5,20.005047798406224,7.913831252956846e-20,0.00038641183
50.0,20.005395499755792,4.194882436158156e-19,0.00038641183
50.5,20.005786276947653,2.2165312249316354e-18,0.00038641183
51.0,20.006258086694586,1.2005984394597747e-17,0.00038641183
51.5,20.00691598937365,7.161504196604235e-17,0.00038641183
52.0,20.00822309478336,4.51103765950947e-16,0.00038641183
52.5,20.018861076497245,2.672378116467592e-15,0.00038641183
53.0,20.053872945639036,1.5512823124626566e-14,0.00038641183
53.5,20.113430976350728,1.0429642851965793e-13,0.00038641183463321077
54.0,20.19933622062966,6.476804185071403e-13,0.00038641186305907524
54.5,20.300466174107424,3.0744790142536414e-12,0.00038641199715453453
55.0,20.396834721130073,1.7523407562645516e-11,0.00038641278614938863
55.5,20.484763437757255,8.393511874854685e-11,0.0003864164057738241
56.0,20.560917474529642,2.8576239214087267e-10,0.00038642741334951895
56.5,20.620888794886223,9.77675866488621e-10,0.00038646515217910987
57.0,20.667801363329325,4.737652669853135e-09,0.00038667021983065605
57.5,20.705914941248892,1.763666267842155e-08,0.00038737373580761416
58.0,20.73153338697759,4.410954979530132e-08,0.00038881757169487776
58.5,20.760667584015916,9.084288858040127e-08,0.0003913664147960489
59.0,20.788429279668794,1.6610627963458258e-07,0.00039547128979294224
59.5,20.810441798845556,2.637782009926833e-07,0.0004007983317001172
60.0,20.829530615537,3.791290180775139e-07,0.00040708958277683186
60.5,20.845500963334295,5.004083208435632e-07,0.0004137041739968469
61.0,20.858433404055663,6.203442404492973e-07,0.0004202454981092359
61.5,20.867326060087468,7.244344156116414e-07,0.0004259225927944431
62.0,20.8716783731799,8.023481747103631e-07,0.00043017202127755913
62.5,20.872592417178566,8.561467034009002e-07,0.0004331061989009939
63.0,20.871909659572875,8.913034404128851e-07,0.00043502365402382857
63.5,20.87100868345881,9.130923871892324e-07,0.0004362120273155971
64.0,20.870899355733883,9.262502463606525e-07,0.00043692965898169686
64.5,20.872977944962557,9.342226211906429e-07,0.0004373644729109131
65.0,20.879741307628183,9.392886657149284e-07,0.0004376407759535572
65.5,20.894672055225723,9.431359301594491e-07,0.00043785060622807424
66.0,20.920868320031797,9.470773079818321e-07,0.00043806556737633316
66.5,20.962064774820387,9.520053279326295e-07,0.000438334342521429
67.0,21.02399982953842,9.59351855133577e-07,0.0004387350235864937
67.5,21.108337599547042,9.716999187263848e-07,0.000439408489931169
68.0,21.209487878128723,9.949826120738662e-07,0.00044067833083896333
68.5,21.32149314769971,1.037872247370927e-06,0.000443017537689845
69.0,21.439089618800576,1.1101513156138601e-06,0.0004469596494662573
69.5,21.55712928449557,1.2140559915356241e-06,0.0004526266260653168
70.0,21.673947345562762,1.3450672071328292e-06,0.0004597719967430423
70.5,21.787722398734203,1.4963159309748495e-06,0.00046802112434047736
71.0,21.893180460242533,1.6603897462818755e-06,0.0004769697371771228
71.5,21.9858476922046,1.829263516161463e-06,0.00048618013704131684
72.0,22.060786224491483,1.9961768536119104e-06,0.0004952836160470196
72.5,22.11575344445991,2.1583670763906892e-06,0.0005041294951110636
73.0,22.152378680686596,2.3130661424095283e-06,0.0005125668072727438
73.5,22.174707885818755,2.4592594521061847e-06,0.0005205402120396324
74.0,22.185842186288134,2.5947251996281062e-06,0.0005279285328821057
74.5,22.188036727477453,2.716841312062266e-06,0.0005345887662954729
75.0,22.183366672886518,2.824381574951938e-06,0.0005404540287124351
75.5,22.173885784355367,2.9166699734038443e-06,0.0005454874482702785
76.0,22.16293853842581,2.9939449591001332e-06,0.0005497020387706346
76.5,22.155000220742853,3.054384776738322e-06,0.0005529984371373067
77.0,22.153255672961382,3.0976461002048585e-06,0.0005553579135750251
77.5,22.171020753524203,3.128650424135931e-06,0.0005570488982449915
78.0,22.251471268319797,3.1517723931732857e-06,0.0005583099707583109
78.5,22.45006136115466,3.171356462160611e-06,0.0005593780883983684
79.0,22.770276322810087,3.2051641369697216e-06,0.0005612219643101066
79.5,23.15304095834277,3.2855467669225973e-06,0.0005656060437678709
80.0,23.561593058751555,3.4450112462010835e-06,0.0005743032631905138
80.5,23.980290494263517,3.6936821285151284e-06,0.0005878658088358746
81.0,24.36458644650951,4.030339275014977e-06,0.0006062271433701864
81.5,24.665883171418244,4.437497818422275e-06,0.0006284336327516155
82.0,24.89525024714959,4.885672372955098e-06,0.0006528771396935189
82.5,25.095519443176666,5.36308513062454e-06,0.0006789152998134885
83.0,25.30647504996221,5.858926794391055e-06,0.0007059585974660488
83.5,25.53488561098659,6.3152945303425145e-06,0.0007308489587967385
84.0,25.76303001841679,6.684193527860205e-06,0.0007509687447337942
84.5,25.96433881948274,6.967295474776431e-06,0.0007664091671052759
85.0,26.12133819685486,7.176615525535247e-06,0.0007778255324160342
85.5,26.214572721514703,7.32512807394388e-06,0.0007859253891241298
86.0,26.2432443014173,7.423157076544209e-06,0.0007912719288009954
86.5,26.21550667350493,7.470051925755538e-06,0.0007938295886450162
87.0,26.16477810817419,7.470218241820779e-06,0.0007938386630595405
87.5,26.092557137769553,7.44418737989276e-06,0.00079241894230141
88.0,26.007530430684074,7.3770571493866345e-06,0.0007887576516679309
88.5,25.930143498026943,7.283616401949136e-06,0.0007836613848389371
89.0,25.855470865497153,7.180620900120433e-06,0.0007780439901554849
89.5,25.79074823104979,7.0899805162525445e-06,0.000773100441870712
90.0,25.7396479070051,7.005045041177551e-06,0.0007684680414495963
90.5,25.69793121440869,6.913752636365837e-06,0.0007634889328455216
91.0,25.66897338252077,6.8406597633128044e-06,0.0007595024366466583
91.5,25.660230306672876,6.8004794869822294e-06,0.0007573109993542658
92.0,25.671030514538053,6.79887508589449e-06,0.000757223509191125
92.5,25.695170600801728,6.84597892815125e-06,0.0007597925429535533
93.0,25.72588156925316,6.937277079121335e-06,0.0007647719359087223
93.5,25.75838611870453,7.062301957533382e-06,0.0007715908453144801
94.0,25.790009887142112,7.215994488344931e-06,0.0007799732724252534
94.5,25.81826528544864,7.39785972653503e-06,0.0007898922025437507
95.0,25.840283646060858,7.601859315925536e-06,0.0008010183807627389
95.5,25.854330205165553,7.79956998252496e-06,0.0008118015823332231
96.0,25.86133610075979,7.973405757989094e-06,0.0008212825917337358
96.5,25.86102163292765,8.122767129521066e-06,0.0008294287731109405
97.0,25.852469461476907,8.239562209517922e-06,0.0008357987978392579
97.5,25.834266616345943,8.319106861794368e-06,0.0008401371675165068
98.0,25.807731510673076,8.366051812047238e-06,0.0008426975724462334
98.5,25.77573263287251,8.3944376591545e-06,0.0008442457263258437
99.0,25.740530865602786,8.409670565377199e-06,0.0008450765477769574
99.5,25.704983890745943,8.406189224657914e-06,0.0008448866565575129
100.0,25.671517294419658,8.396773334585753e-06,0.0008443731249624376
100.5,25.641671029672363,8.400848206189102e-06,0.0008445953688419641
101.0,25.617714814493535,8.423472143413356e-06,0.0008458292876790398
101.5,25.601669144524465,8.481126972816768e-06,0.0008489737637533034
102.0,25.593993505945452,8.609004131286437e-06,0.0008559482107888685
102.5,25.594473966837693,8.81038278336124e-06,0.000866931423705695
103.0,25.605934017779575,9.067696716744002e-06,0.0008809653665644545
103.5,25.630629745272213,9.388322464303729e-06,0.0008984523783898854
104.0,25.66522467536351,9.781467550483147e-06,0.0009198945694592607
104.5,25.708001671470203,1.0210248706536213e-05,0.0009432803442525723
105.0,25.75825489644483,1.06191781717133e-05,0.0009655834213232535
105.5,25.81310600309545,1.0965348073873836e-05,0.0009844635585708377
106.0,25.87219146253783,1.1228506396883195e-05,0.0009988162468337702
106.5,25.934467470037365,1.1417092649764982e-05,0.0010091017794661191
107.0,25.996430954462618,1.1550036183443948e-05,0.001016352520496157
107.5,26.05430128058968,1.1631608227804564e-05,0.001020801491267374
108.0,26.105661013395203,1.167553696596732e-05,0.0010231973522301795
108.5,26.148618270005542,1.1684466587389805e-05,0.001023684424467229
109.0,26.182948408381687,1.1670494470375823e-05,0.0010229223577800529
109.5,26.213406798587847,1.165059311143837e-05,0.0010218369325247125
110.0,26.240883361665315,1.1633475562748381e-05,0.0010209033375121542
110.5,26.26131823336225,1.1627271262250105e-05,0.001020564958383228
111.0,26.27610871269717,1.1636617778802122e-05,0.001021074724988703
111.5,26.28368320375675,1.1665558377768813e-05,0.001022653155324793
112.0,26.28091288465254,1.1714741996429365e-05,0.0010253356354726554
112.5,26.27053646264056,1.1780943312319705e-05,0.0010289462897866697
113.0,26.26429138701948,1.1858336230260238e-05,0.001033167291490821
113.5,26.273828098724834,1.1969705647364387e-05,0.0010392413845820136
114.0,26.298422044145433,1.2145107994502834e-05,0.0010488078477641162
114.5,26.3484319678188,1.2375320934537017e-05,0.001061363695536615
115.0,26.471963555185717,1.264035345731375e-05,0.001075818619424966
115.5,26.649156105044206,1.2892097993383181e-05,0.0010895487851651513
116.0,26.886954543718442,1.3234620769925964e-05,0.0011082300318626817
116.5,27.126301372897238,1.3635661628784978e-05,0.0011301028641376007
117.0,27.286331569820454,1.3994958260217877e-05,0.0011496989537613477
117.5,27.41215461264314,1.4324863477567531e-05,0.001167692052029715
118.0,27.52769128295441,1.4622233933297695e-05,0.001183910686562002
118.5,27.64208745928959,1.4886795467319601e-05,0.0011983399031563816
119.0,27.755924892049407,1.5113520694926365e-05,0.0012107055291264877
119.5,27.87379467662769,1.530363383103024e-05,0.0012210743196640172
120.0,27.99738113561468,1.546675405242985e-05,0.0012299709345174599
120.5,28.130243143646467,1.560907638652411e-05,0.001237733210179544
121.0,28.27617237324466,1.5732325548153157e-05,0.0012444552256372678
121.5,28.432021050777895,1.5838714554628717e-05,0.0012502577185141514
122.0,28.597229252289686,1.593521349454307e-05,0.001255520791732903
122.5,28.776519575701744,1.6033028027748078e-05,0.0012608556040349195
123.0,28.97075475240676,1.6141045379122874e-05,0.0012667468887578423
123.5,29.182490313740782,1.625803387134615e-05,0.0012731274529465817
124.0,29.402579455055697,1.638155417867662e-05,0.0012798642601260842
124.5,29.609678485498907,1.651587118746848e-05,0.0012871899177334528
125.0,29.78100654751994,1.6660026684765284e-05,0.001295052211090456
125.5,29.903387797341583,1.6806550318680655e-05,0.0013030436481490822
126.0,29.982056897417618,1.6952621076778765e-05,0.001311010336710274
126.5,30.027500549530522,1.7095943335710397e-05,0.001318827150331141
127.0,30.047599054346296,1.7244123181265257e-05,0.001326908901504206
127.5,30.047945736231597,1.7409724796479727e-05,0.0013359408326699615
128.0,30.032214333869042,1.7598112935546995e-05,0.0013462155704588369
128.5,30.00964140085041,1.7797211143208734e-05,0.0013570744257451939
129.0,29.993452018828595,1.8012427319437162e-05,0.0013688123294169862
129.5,30.00888046603413,1.828144198679672e-05,0.0013834844304374534
130.0,30.090525514640056,1.863719072113736e-05,0.0014028870055519359
130.5,30.278640528445177,1.9106045271701196e-05,0.0014284584017543525
131.0,30.58822425683545,1.9661661713233812e-05,0.0014587618336927577
131.5,30.98068443011483,2.0273408831282403e-05,0.001492126617386476
132.0,31.41322128853339,2.0899138336910687e-05,0.0015262539860294324
132.5,31.87094085393943,2.1486982309299973e-05,0.0015583150817298768
133.0,32.30971146362455,2.2006042911944478e-05,0.0015866247443356999
133.5,32.652573731863825,2.245659424503237e-05,0.0016111978837266743
134.0,32.86260691104834,2.2844496665039333e-05,0.0016323541230310668
134.5,32.96882377739896,2.3167817257953234e-05,0.0016499880723208121
135.0,33.01141076883437,2.3430238841318506e-05,0.0016643006075258715
135.5,33.01485434433887,2.3641517905408405e-05,0.0016758238013408042
136.0,32.9948664505996,2.3814568458099663e-05,0.001685262003704862
136.5,32.9591554305235,2.3967564924148466e-05,0.0016936064253641621
137.0,32.922945597432594,2.4083463704533494e-05,0.0016999275648796686
137.5,32.8748554681254,2.4238051658066212e-05,0.001708358828198241
138.0,32.8303712099906,2.439417200580985e-05,0.0017168736580241472
138.5,32.804211646637036,2.4542281725030765e-05,0.0017249515845446934
139.0,32.814467571734696,2.4691827411196288e-05,0.0017331078379614687
139.5,32.87194476689103,2.4846526745647655e-05,0.001741545154308265
140.0,32.97608521013406,2.50133701202215e-05,0.0017506448211719553
140.5,33.12369916293457,2.5197277463082508e-05,0.0017606751442011295
141.0,33.30025358409822,2.5403733640213027e-05,0.001771935300929273
141.5,33.48125086244646,2.5643960890450058e-05,0.001785037328975913
142.0,33.64694672960893,2.5909436929585844e-05,0.0017995164307249194
142.5,33.79599011219294,2.6192669910512015e-05,0.0018149640216271982
143.0,33.97725483176404,2.6423270916824315e-05,0.0018275410285886226
143.5,34.37860627675847,2.671546736244434e-05,0.0018434774406739561
144.0,34.96406969007253,2.6983181507550315e-05,0.0018580786366068052
144.5,35.61278827734273,2.7229615251250117e-05,0.0018715191628063967
145.0,36.55324473791483,2.7634942016208738e-05,0.001893625747032022
145.5,37.54744791252448,2.817349890173211e-05,0.0019229986998051693
146.0,38.17240617505258,2.864590245962125e-05,0.001948763674362995
146.5,38.6686967528555,2.925056814026957e-05,0.0019817422466336544
147.0,38.868771385833796,2.9877174315237604e-05,0.002015917446001001
147.5,38.87158456390306,3.049713801146622e-05,0.002049730328186646
148.0,38.83760671473593,3.110016404826327e-05,0.0020826194595028697
148.5,38.823396824832614,3.1626756317837045e-05,0.0021113399203831883
149.0,38.85240954209087,3.204061711817632e-05,0.002133911936370789
149.5,38.9236450786078,3.23550466566541e-05,0.002151060948007202
150.0,39.03585961084998,3.2633608854511713e-05,0.002166253776293902
150.5,39.168847305967425,3.2913922334187326e-05,0.0021815421271452057
151.0,39.2814903087934,3.321878595594109e-05,0.002198169451126689
151.5,39.33541577123946,3.356428887510843e-05,0.002217013208970265
152.0,39.34021269901533,3.394473466428961e-05,0.0022377627978145483
152.5,39.31761079683242,3.4356052778906186e-05,0.0022601961608608523
153.0,39.290764388837,3.47035496458236e-05,0.0022791486772096078
153.5,39.251536830126234,3.515128851616486e-05,0.0023035684198133284
154.0,39.2138986982743,3.551032744432358e-05,0.002323150465159717
154.5,39.169917957952705,3.588657842348101e-05,0.0023436712433647783
155.0,39.127250240019855,3.621932320026762e-05,0.002361819187569229
155.5,39.083249407784244,3.645933443666364e-05,0.0023749094404650413
156.0,39.04999038962255,3.659676409328463e-05,0.00238240489297134
156.5,39.01614859593517,3.6717049974139906e-05,0.0023889653035640457
157.0,38.98795526050416,3.678508414562137e-05,0.002392675867293905
157.5,38.9677874295749,3.6793574440886695e-05,0.0023931389348543584
158.0,38.962410350238194,3.677710971865868e-05,0.0023922409445928145
158.5,39.00189101680519,3.6748100084725095e-05,0.002390658759769733
159.0,39.12844313231302,3.672472427819693e-05,0.0023893838486416454
159.5,39.398616186250116,3.6746695459216756e-05,0.002390582181458342
160.0,39.78196936798191,3.688400771725423e-05,0.002398071173670106
160.5,40.394062938365174,3.7333790576831684e-05,0.0024226024100558892
161.0,41.08124471082756,3.8167190038504954e-05,0.0024680561538653937
161.5,41.655991760886906,3.908244186966085e-05,0.002517974136959458
162.0,42.24654776334777,4.0233035580050664e-05,0.002580727673403837
162.5,42.725915870232,4.1363051337721174e-05,0.002642358885614426
163.0,43.0435824104801,4.2286777784486e-05,0.002692739066010634
163.5,43.126898416663025,4.273214789667961e-05,0.002717029624378681
164.0,43.07233923942775,4.2854602035167324e-05,0.002723708289929098
164.5,42.91146791848879,4.2867955318204786e-05,0.0027244366023443304
165.0,42.731724943333305,4.276543471806746e-05,0.002718845097929682
165.5,42.532530149901746,4.263188485639278e-05,0.0027115612886366982
166.0,42.29931383471165,4.254317030557603e-05,0.0027067227928298833
166.5,42.16631776823751,4.2595386663328195e-05,0.0027095706452795825
167.0,42.31603901229909,4.3050112619003474e-05,0.0027343714926816687
167.5,42.801440525941196,4.3879262389342924e-05,0.002779593415840812
168.0,43.70825015334532,4.507659616782669e-05,0.0028448961904041317
168.5,44.755787040490134,4.621257357043397e-05,0.0029068525880526237
169.0,45.70372274313166,4.710623667020034e-05,0.0029555931068994987
169.5,46.60618798079831,4.793191133859434e-05,0.003000625519761542
170.0,47.215839897353334,4.859763858565908e-05,0.0030369343673634177
170.5,47.71863623487758,4.936269052271401e-05,0.0030786604064412275
171.0,47.96576286593629,5.00816790341251e-05,0.0031178740875322207
171.5,47.98405909445554,5.085846028615571e-05,0.003160240032792787
172.0,47.83763872812887,5.1391969924328783e-05,0.0031893376569116067
172.5,47.568995650514516,5.2069450764236984e-05,0.0032262875023777626
173.0,47.244524984740025,5.2725198394167035e-05,0.0032620520152828103
173.5,46.95312870247687,5.324413151439991e-05,0.0032903546914169308
174.0,46.659849939281905,5.3738118277322045e-05,0.0033172969872413338
174.5,46.421985040793665,5.412622909763166e-05,0.003338464529404917
175.0,46.29035016211225,5.44095542897083e-05,0.003353917127436706
175.5,46.237718337723756,5.468245000011296e-05,0.0033688009308857282
176.0,46.31979110824942,5.486889292344436e-05,0.0033789694676465273
176.5,46.51935399484266,5.5014338818545905e-05,0.0033869021318843704
177.0,46.82888184755855,5.5172183140339705e-05,0.00339551100858582
177.5,47.162020456697704,5.536713495735955e-05,0.0034061438206311437
178.0,47.644323917390636,5.5726708203017824e-05,0.003425754978374485
178.5,48.209623620209086,5.6179498381677363e-05,0.0034504501230150472
179.0,49.084109825383216,5.6630335485441204e-05,0.003475038784068474
179.5,50.705671882594594,5.728617362228308e-05,0.0035108083477999323
180.0,52.29786787270773,5.788310728362246e-05,0.003543365277500908
180.5,53.90554391137604,5.848882858418159e-05,0.003576401475826847
181.0,54.83240391538134,5.879987231945994e-05,0.0035933658512451072
181.5,55.42003476241485,5.8987443297123154e-05,0.0036035960407543215
182.0,55.65984038493175,5.906649067671277e-05,0.0036079070475145895
182.5,55.76870249476634,5.910377598412035e-05,0.003609940667847072
183.0,55.90227066126766,5.932759542984417e-05,0.00362214788068671
183.5,56.15334656219405,6.021805620155036e-05,0.003670713838558327
184.0,56.36223968790225,6.180262450457312e-05,0.003757136237865851
184.5,56.52162417405908,6.369067829701137e-05,0.003860110981270481
185.0,56.60727561815159,6.530283557137544e-05,0.003948038428617099
185.5,56.62205712507318,6.666291258859118e-05,0.004022217208482867
186.0,56.596192526592326,6.727695911096653e-05,0.004055707392501858
186.5,56.5482141277346,6.772352549509971e-05,0.004080063202340318
187.0,56.43458405069758,6.809193756678664e-05,0.004100156399952096
187.5,56.270324510269994,6.824886320378506e-05,0.004108715184398446
188.0,56.03083961689717,6.842994507337845e-05,0.004118591311210682
188.5,55.932819764074,6.862965739751647e-05,0.004129483592772911
189.0,55.98065447304229,6.895129116067517e-05,0.0041470257056591
189.5,56.18503051465298,6.94502372402789e-05,0.004174238339176521
190.0,56.46374055308933,7.012931985123967e-05,0.004211275573252657
190.5,56.834105239919886,7.108392678956058e-05,0.004263339998377167
191.0,57.40473185610034,7.231840560139449e-05,0.004330668699187097
191.5,58.128077505310124,7.358167476749914e-05,0.004399567460561885
192.0,58.87310373465321,7.474010179516331e-05,0.004462748257334866
192.5,59.417957725580116,7.604948564052689e-05,0.004534162201511813
193.0,59.4440261144788,7.716818142799024e-05,0.004595176122590013
193.5,59.265204924120255,7.782278972444949e-05,0.004630878632997661
194.0,59.02533826763711,7.844449393638302e-05,0.00466478631028995
194.5,58.785542122184054,7.88574116732163e-05,0.004687307001650509
195.0,58.6815299630516,7.883254501782087e-05,0.004685950651202177
195.5,58.580392643193214,7.835619848731969e-05,0.004659970621349466
196.0,58.44621793064376,7.776125755328855e-05,0.00462752262740784
196.5,58.24840525668558,7.717850098323405e-05,0.004595738884797727
197.0,58.071274440418854,7.707603850481925e-05,0.004590150697313241
197.5,57.922873977426626,7.729371951623355e-05,0.00460202301445999
198.0,57.7561254974694,7.821797438081449e-05,0.004652432046272956
198.5,57.68733211625538,7.971748604356567e-05,0.004734215454629731
199.0,57.686237493805045,8.154591519451003e-05,0.004833938428604299
199.5,57.73965305070796,8.375830262695802e-05,0.004954602211104368
200.0,57.84869479943361,8.559955842408869e-05,0.005055024618876365
200.5,58.10254569027763,8.69583864356114e-05,0.005129135307384201
201.0,58.70538606367376,8.815173944563145e-05,0.005194220849120566
201.5,59.37701601542563,8.873479859977109e-05,0.0052260209650763076
202.0,60.59133931464692,8.938324672004345e-05,0.005261387667069555
202.5,62.159297699860986,8.990754035366614e-05,0.0052899829612691055
203.0,63.70831370884398,9.03599776934283e-05,0.005314658978805516
203.5,65.99130472635485,9.099929931336279e-05,0.005349527316056721
204.0,68.05212005614902,9.173037129584238e-05,0.005389400215837071
204.5,69.46182627324733,9.300869376445198e-05,0.005459120018745953
205.0,71.2280164919813,9.561085442861769e-05,0.005601042357561163
205.5,72.90423059770109,9.852387467639379e-05,0.005759918551633759
206.0,73.87931783867145,0.00010035509656523146,0.005859793623712944
206.5,74.18336984447734,0.00010192032168959697,0.00594516149068155
207.0,73.33747072526683,0.00010284473545992695,0.0059955791894184445
207.5,72.0050203249405,0.00010356684671612456,0.006034963258147834
208.0,70.16883686513079,0.0001046106371374231,0.006091891702957267
208.5,68.3353668709738,0.00010515159505277117,0.006121395743209569
209.0,66.30121521745909,0.00010506222553628895,0.006116521532256638
209.5,65.04649209523153,0.00010476447947883123,0.006100282240621827
210.0,64.05767863761078,0.00010449066968302678,0.006085348828907914
210.5,63.06398435644772,0.00010383775125112163,0.006049738370504429
211.0,62.335400946022965,0.00010301672155393516,0.006004959367728188
211.5,61.65563036316087,0.00010190126579006186,0.005944122246779652
212.0,61.145049418428954,0.00010054529853494276,0.005870167739360239
212.5,60.805388761010555,9.908070116536142e-05,0.0057902882519138485
213.0,60.625548920991214,9.764272753361146e-05,0.005711861052465416
213.5,60.5879721553337,9.610270897578948e-05,0.005627868062784849
214.0,60.64881895548677,9.551521675299955e-05,0.005595826192651131
214.5,61.08690028279897,9.536908311755756e-05,0.005587856124312978
215.0,63.27360446231096,9.600587089585493e-05,0.005622586607117523
215.5,66.83441968922777,9.695538675127136e-05,0.005674373416908364
216.0,70.40843222144265,9.836572472101649e-05,0.005751293462889521
216.5,72.83859880650621,0.00010018518758448167,0.005850527254476068
217.0,73.68893172150054,0.00010201457609598361,0.0059503024419086375
217.5,73.5545527865543,0.00010371531123034699,0.006043060683505746
218.0,73.01949330680839,0.00010542427988898714,0.006136268017081217
218.5,72.07725509562157,0.00010746046187696132,0.006247321499234157
219.0,71.09284774798435,0.00010883591919410924,0.00632233932564701
219.5,70.18797016534862,0.0001100580191500519,0.006388992894914314
220.0,69.40202595906122,0.00011138440944461076,0.006461334592180523
220.5,68.99523140108413,0.00011242815363124187,0.006518260283507173
221.0,68.40076788389139,0.0001132469469230322,0.006562917510232633
221.5,67.67304446216471,0.00011378840169808365,0.006592448405496617
222.0,66.94230153568819,0.00011374927963969261,0.006590314626440878
222.5,66.16802302857472,0.00011302595361121188,0.00655086423254594
223.0,66.33042221640804,0.00011228520106257135,0.0065104638109385006
223.5,67.0905366082016,0.00011145228418079943,0.006465036357166225
224.0,68.28794347033006,0.00011090344506519944,0.006435102512306984
224.5,68.8674237304194,0.0001112490429619679,0.006453951330539038
225.0,69.1984579661326,0.00011297567990690123,0.006548122457183169
225.5,69.32666246116466,0.000115490755651606,0.006685295183440662
226.0,69.40850770015018,0.00011836741019660355,0.006842188234622462
226.5,69.4953751046802,0.00012027844082716233,0.006946416253438191
227.0,69.56189529934792,0.00012112227910008863,0.006992438948861056
227.5,69.57879629477911,0.00012156829401106648,0.007016764783067613
228.0,69.80458118775914,0.0001219186966179501,0.007035876131737164
228.5,70.26472236773591,0.00012199676908814434,0.007040134320778667
229.0,70.69569374569741,0.00012192288802318953,0.007036104756144301
229.5,71.1211745930762,0.00012223110624174036,0.007052914787783676
230.0,71.23968189389622,0.00012335946328232998,0.007114455504439617
230.5,71.43208197119142,0.00012518872788702892,0.007214224165424447
231.0,73.00539028085822,0.00012714042989367503,0.007320670399070437
231.5,76.69391317381604,0.00012910966572387755,0.0074280724080399855
232.0,79.76446351172278,0.0001303431861719446,0.007495348887094803
232.5,81.4748506334593,0.0001317862318995067,0.007574052832628561
233.0,81.87821657782075,0.00013380226863993186,0.007684007980141756
233.5,81.39650289139453,0.00013623816003747587,0.007816861693532037
234.0,80.64122589625084,0.0001389708079791082,0.00796590097915125
234.5,80.20952006176958,0.00014236860961957585,0.008151217290919617
235.0,80.49399438435857,0.00014626018629029035,0.008363464427338084
235.5,81.2562994346077,0.0001506097728480165,0.00860069145750775
236.0,81.26613928158417,0.00015480888009433604,0.00882971126563186
236.5,80.9012043281313,0.0001575155084898603,0.008977331222269232
237.0,80.24460774184055,0.00015840324268162796,0.009025748562733575
237.5,79.68290968752088,0.00015723772928692782,0.008962181386072084
238.0,80.31656002390535,0.0001543275963419221,0.008803462257155018
238.5,81.80792815074372,0.00015158875380417527,0.00865408525925055
239.0,82.33248225005352,0.00014824568146314045,0.008471753793831084
239.5,81.56661486396258,0.000145260738495261,0.008308954564658296
240.0,80.35802647916275,0.00014322768531306726,0.008198071486191052
240.5,78.95764655259087,0.00014233798459370415,0.008149547260811626
241.0,77.07908469656793,0.00014227180673868537,0.008145937498333361
241.5,74.74378560917744,0.00014379171250815016,0.008228833346609938
242.0,74.1015169233831,0.00014663759662916998,0.008384048625212522
242.5,75.66639157138357,0.00014988216172463008,0.00856100748354883
243.0,78.30757776107734,0.00015214482994873297,0.008684413810504863
243.5,81.02619027592652,0.0001540124357415102,0.008786273515954776
244.0,82.51313629216868,0.00015492880061258752,0.008836251975429216
244.5,83.13165355597808,0.00015498104207781958,0.008839101096120915
245.0,83.9008354118844,0.00015429996227243922,0.008801955032986994
245.5,84.94522721830353,0.00015344093820015582,0.008755103578677995
246.0,86.3970296253198,0.00015272729824045034,0.008716181934328836
246.5,86.97717053384811,0.00015300859214498392,0.008731523669522352
247.0,86.39705855432906,0.00015431651354714954,0.00880285751813294
247.5,85.51719529799944,0.00015648857247273614,0.008921322416641808
248.0,84.91035150975033,0.00015944401076894142,0.009082512208161492
248.5,84.00522841241096,0.00016292295308319288,0.009272254264533942
249.0,82.62872760685262,0.00016638969838060117,0.009461331092767278
249.5,81.2083673487422,0.0001689599788634127,0.009601514789509552
250.0,80.21508244264419,0.00016982127554229665,0.009648489813369751
250.5,79.43204591861762,0.00016974013230707037,0.00964406426945931
251.0,79.05876644803666,0.000168891560528789,0.00959778319004814
251.5,78.7182348404802,0.00016741053707692273,0.009517007841645896
252.0,78.49671685922192,0.00016528661084730454,0.009401168514647845
252.5,78.24007059808885,0.00016259810270892816,0.009254537112572025
253.0,78.75265037974376,0.00015970044712268347,0.009096498609041279
253.5,82.35223421363784,0.0001570457324718543,0.008951710028675917
254.0,86.8485404554281,0.00015670825124265345,0.008933303602096257
254.5,89.7758542049593,0.00015885871907026565,0.009050590270608777
255.0,90.55702402608668,0.00016281486676255718,0.009266359124482815
255.5,90.04009009122998,0.00016681491231250445,0.009484522436900443
256.0,89.02222098981625,0.00016898679610656146,0.009602977365482589
256.5,87.30748976316954,0.00017068485372791407,0.009695589667773303
257.0,85.66679237415248,0.00017139601341102482,0.009734376553198277
257.5,84.36254436774438,0.00017175481294441224,0.009753945415232038
258.0,83.89789915517292,0.00017175915770159279,0.009754182335705658
258.5,84.10244376360009,0.00017166452442846303,0.009749020981486934
259.0,84.60970546710669,0.00017169537497717195,0.00975070350565984
259.5,85.27345097681733,0.00017225823821177212,0.009781401987585692
260.0,86.27472327727214,0.0001735045630667646,0.009849377036463413
260.5,89.67062977499914,0.00017573555654251642,0.009971055784362538
261.0,95.39446024311027,0.00017856756205231167,0.010125513675134442
261.5,103.41637545374044,0.00018401351903991883,0.010422536957604426
262.0,106.0049157449757,0.0001881730662118488,0.010649399319116515
262.5,106.36521165788731,0.00019233994769480978,0.010876661832851296
263.0,105.51451900296446,0.00019449692687864234,0.010994303928485282
263.5,104.27679049632916,0.0001954909212617215,0.01104851618754034
264.0,103.10674311655504,0.0001958845621184557,0.011069985418929151
264.5,101.54995183549264,0.00019652240659577905,0.011104773511884797
265.0,99.52548415475648,0.00019729848163759964,0.01114710068085105
265.5,96.9288218007873,0.0001973034385338515,0.01114737133687276
266.0,94.18360891525063,0.00019494173149885562,0.011018563219680613
266.5,91.88570499294129,0.00019136474465695656,0.010823473988395225
267.0,90.28177828947534,0.00019046096784858306,0.010774181704419572
267.5,89.10953847241895,0.00019347480304210887,0.010938556673718612
268.0,88.31759402471766,0.0001970278167760563,0.011132338562436717
268.5,87.52991115421462,0.00019984081357086057,0.011285759936120684
269.0,86.86272873628228,0.00020094424117551407,0.01134594096963349
269.5,86.60488582888779,0.00020089458240290175,0.011343232649994024
270.0,87.15724540675122,0.00019991097542639114,0.011289586935906443
270.5,88.12357404721976,0.00019820868575839553,0.011196743408316284
271.0,89.09721050775865,0.00019600394576809154,0.011076496480257726
271.5,89.7794735007204,0.00019338500198411054,0.010933659150770141
272.0,89.59754827774016,0.00019188172966277419,0.010851670346321084
272.5,88.92428196550662,0.00019068713083830778,0.01078651655106714
273.0,87.96422480217912,0.00019006645787862485,0.0107526649432138
273.5,86.98903014789492,0.00018982384374681982,0.010739432803493584
274.0,86.2441463420761,0.00018990456011771766,0.010743835175486934
274.5,85.51883856494717,0.00019017883982820006,0.010758794342474303
275.0,84.87991928246151,0.00019051949883993404,0.010777374195099835
275.5,84.28305898513564,0.00019093985193220818,0.010800300505858815
276.0,83.92728401857825,0.00019125121716241885,0.010817282201528508
276.5,83.80133895680991,0.00019164622008372987,0.010838825807709649
277.0,84.18833320712011,0.0001924192658932829,0.01088098792802176
277.5,85.36566690077021,0.00019400054510514768,0.01096723088547667
278.0,91.66170510862248,0.00019682159684270283,0.011121091463410743
278.5,101.49857236951695,0.00020047269936399948,0.011320223186082449
279.0,107.88327697118753,0.0002050515440225666,0.011569954039990725
279.5,108.02529533282296,0.00020982578611665156,0.011830341636750032
280.0,103.82960870096449,0.00021328846486984082,0.012019197035133437
280.5,105.50301513669805,0.00021452150750503468,0.01208644740468916
281.0,106.89755990587257,0.00021663508364935477,0.012201721961918115
281.5,102.56196278983008,0.0002180194283656424,0.01227722460572951
282.0,94.9528777955995,0.0002179634902845594,0.012274173660304024
282.5,88.04154946009253,0.00021654076341894127,0.012196577784633894
283.0,85.14673906073205,0.00021457901458715847,0.012089583778135671
283.5,84.36657735788378,0.0002118416513565084,0.011940287767581194
284.0,84.20499715416904,0.00020950289433773018,0.01181273148952254
284.5,83.91446046315947,0.0002071579127686416,0.011684835816532938
285.0,83.6019768057392,0.00020540191950921174,0.011589063496459062
285.5,83.29389011195686,0.0002043703407696566,0.011532801063415027
286.0,84.11846593499395,0.00020390280811865985,0.01150730156238399
286.5,86.96027202228623,0.00020362714901563464,0.011492267400045506
287.0,89.6538704958383,0.00020344507973041453,0.011482337138683211
287.5,91.9153875480906,0.00020362151779467394,0.01149196002948872
288.0,92.31124890561584,0.00020466565349188984,0.011548907320896142
288.5,92.16499018610403,0.00020777873125334256,0.011718695387794334
289.0,91.60274708002873,0.00021305081803766742,0.01200623583535951
289.5,91.48742882897695,0.00021900639503757356,0.012331053792188636
290.0,92.01330865149293,0.00022487206751686714,0.012650968558688476
290.5,92.77617206722083,0.00023061563850975626,0.012964223872611367
291.0,92.56482774877824,0.000233474003190879,0.013120119495266765
291.5,91.41987352497712,0.00023467014902542053,0.013185357512620855
292.0,89.39726893136508,0.0002341881271241668,0.013159067837401776
292.5,87.32013158788693,0.0002327598378461682,0.013081168438660853
293.0,85.72971583290781,0.00023095741422998983,0.012982863949542239
293.5,84.79326355952279,0.0002290970866435753,0.01288140147720107
294.0,84.13108473517158,0.00022710883351143016,0.012772961881701668
294.5,83.44533810730097,0.00022534138244390204,0.012676565054816423
295.0,82.96879316999717,0.00022378298490661891,0.01259156962655038
295.5,83.38942076823983,0.00022264040764468938,0.012529253243281458
296.0,85.11660736833706,0.00022184254056852823,0.01248573752253863
296.5,88.04409434973932,0.00022170877760733644,0.012478442048085967
297.0,91.84975106288543,0.00022210787491486702,0.012500208720857033
297.5,95.86091204267453,0.00022302909013758625,0.012550452170875597
298.0,99.25754838590403,0.00022444466302623734,0.01262765784275592
298.5,101.0470467697492,0.00022638895201374936,0.012733699528626768
299.0,101.38384221396902,0.00022858605461812038,0.01285352993062361
299.5,100.86304159728995,0.00023041654306410727,0.012953364809449665
300.0,100.20466078268647,0.0002321088161023918,0.013045661875776354
300.5,99.75400772437519,0.00023378195610971212,0.013136914903401319
301.0,99.299885223822,0.00023535094734488358,0.013222488250631187
301.5,99.29311199920875,0.00023637763573447251,0.013278483974770152
302.0,99.63083154299521,0.00023695439146317478,0.013309940230635177
302.5,99.40595769135803,0.00023706499334918518,0.013315972368888889
303.0,98.41750796864875,0.00023679475765654427,0.013301233652337797
303.5,97.04170948541248,0.0002364043655435447,0.013279941581025127
304.0,96.72624849353284,0.00023592376723243852,0.013253729960520995
304.5,99.40414327585769,0.00023524842489033445,0.013216896513371964
305.0,102.75200762849403,0.00023488773787353192,0.013197224500844252
305.5,105.7485322491173,0.00023579288501374504,0.013246591462448781
306.0,108.95515901242752,0.00023792136205552555,0.013362678742944556
306.5,112.759803378155,0.00024061657464661718,0.013509675960222968
307.0,113.63954716804645,0.00024264073529173873,0.01362007417958871
307.5,112.30966984532085,0.00024406090641660775,0.01369753062132016
308.0,109.64307206989847,0.00024552698216661836,0.013777490680938108
308.5,105.85299155527478,0.0002466890236036548,0.01384086837953708
309.0,100.78905222404185,0.0002474096040969932,0.01388016871738135
309.5,97.19930179381116,0.0002461966159390651,0.013814012403112244
310.0,93.64934694973105,0.00024418422724981645,0.013704256429464106
310.5,91.10766039163323,0.00024526743779091997,0.013763334775125985
311.0,89.36271151273002,0.00024844269776504765,0.01393651427373044
311.5,88.80968982372136,0.0002499301670375374,0.01401764105871235
312.0,88.52455979890586,0.00025051630459511145,0.014049608758113329
312.5,88.59603404598785,0.0002496546753134336,0.014002615603496433
313.0,88.73161966152188,0.0002471880397616871,0.013868084638065725
313.5,90.3162354400106,0.0002440930963459806,0.013699286031259507
314.0,94.39458824814291,0.00023944700387728928,0.013445887652718442
314.5,97.47792892593515,0.00023693263737706966,0.013308753869412509
315.0,98.41233777533385,0.0002361642685404017,0.013266846819345543
315.5,97.74112100863869,0.00023680592784687277,0.013301842812777253
316.0,96.75526389730325,0.00023841504936787149,0.013389604546936343
316.5,95.41641522270993,0.00024115039556203835,0.013538791013475725
317.0,93.95877872999996,0.0002444835148073716,0.013720579829488903
317.5,92.5098100248935,0.00024765019583711717,0.01389329102937888
318.0,90.8953134043115,0.0002505300295189522,0.014050357501815424
318.5,89.31709120891044,0.0002530338920109506,0.01418691880534539
319.0,88.1110362243166,0.00025475797059335085,0.014280950068860343
319.5,90.87272560162418,0.000255015770847415,0.014295010647726546
320.0,96.49291002957699,0.00025372850430524486,0.014224802642011095
320.5,97.97345277016623,0.0002521038968016861,0.014136196377081947
321.0,95.5523452656401,0.0002520479913443021,0.014133147365486645
321.5,91.84944390232016,0.0002543559428791153,0.01425902340248829
322.0,89.05247132888243,0.0002579008857801721,0.014452365020905421
322.5,87.8775826464594,0.0002610574698892529,0.014624525606437023
323.0,87.97901297601848,0.00026289938868501124,0.014724984165839053
323.5,88.40904317777084,0.00026255914151012685,0.014706426890563989
324.0,88.67276262348264,0.0002606848865985576,0.014604204965359142
324.5,88.75602249989875,0.0002575585773966321,0.014433695531025718
325.0,88.77449231371034,0.0002540866608397754,0.014244336671394967
325.5,88.75027998016219,0.0002510616993165067,0.014079354671195376
326.0,88.33996137333685,0.0002489065719362122,0.013961814029725551
326.5,87.54893158899787,0.0002470438475519026,0.013860220436471565
327.0,86.49833941432838,0.00024559741760612976,0.013781332006180409
327.5,85.64596331173058,0.00024530973941730763,0.013765642012701662
328.0,85.7196081729776,0.00024616501120773376,0.013812288846222057
328.5,87.73156694227552,0.00024755412071122295,0.013888050952170373
329.0,91.50823009458308,0.0002490467924073473,0.013969461460451102
329.5,95.81017104877172,0.0002502979335755564,0.014037699186071027
330.0,99.53748795150878,0.00025103229975072147,0.014077751451067568
330.5,103.04573290947664,0.0002512659118424136,0.014090492722632908
331.0,106.74328573609273,0.0002513759137155902,0.014096492015277762
331.5,109.68596483078235,0.0002524055213396321,0.014152647182438437
332.0,110.72949833650632,0.00025475534831582286,0.014280807165420826
332.5,110.21495321001939,0.00025768165609647224,0.014440408310278487
333.0,108.93433660153411,0.000259090774821215,0.014517261669537214
333.5,106.71814221458507,0.0002599549495319254,0.01456439406710818
334.0,104.11473274306567,0.0002605558547800275,0.0145971677523089
334.5,101.1092802247903,0.0002611222100886879,0.014628056723148335
335.0,98.09305008912791,0.0002613259190056038,0.014639166791752587
335.5,94.45238898104827,0.0002612235459648168,0.014633583326911307
336.0,90.72718767517298,0.0002602794060477645,0.01458208988245222
336.5,87.44852929036944,0.0002576798109800352,0.014440307611861275
337.0,86.28195483594635,0.0002558699881351068,0.014341599941708751
337.5,86.15960458619803,0.0002549636742422287,0.014292169327492122
338.0,87.48565780666789,0.0002547494232599005,0.014280484007122358
338.5,89.81734446458489,0.00025467256402525424,0.014276291901798991
339.0,92.91723763952172,0.0002546592494664812,0.014275565640574668
339.5,94.54081537791015,0.0002545564462956988,0.01426995857547319
340.0,94.16735917761697,0.0002541305751088766,0.014246732049462502
340.5,92.58950400776098,0.00025339298027031535,0.01420650319321473
341.0,90.69845860418926,0.0002526139443386853,0.014164014262285371
341.5,88.79572105044188,0.000251807676366999,0.014120040274501524
342.0,87.16013365015188,0.0002502106376563867,0.014032937768878359
342.5,86.1868472949703,0.0002484226409908523,0.01393542019483359
343.0,86.0095010382262,0.0002480631325300977,0.013915812498486821
343.5,86.06270310472198,0.0002491625273327069,0.013975773902371971
344.0,86.14426288264382,0.00025086904921365385,0.01406884764558175
344.5,86.36088387213395,0.0002535471819371576,0.014214913341122085
345.0,87.25611385275674,0.0002567220967904009,0.014388073571128292
345.5,89.19470651229913,0.00026053544861681356,0.014596054689280361
346.0,91.07531963056759,0.00026339774034624634,0.014752164582511787
346.5,94.1063507707543,0.0002657713264909362,0.014881620159913019
347.0,98.2271248149497,0.00026849911312662634,0.015030394048139628
347.5,100.78786373814927,0.0002722230250415026,0.015233496683467095
348.0,101.13248045205438,0.0002769231989614866,0.015489845030184676
348.5,101.34291629918391,0.0002821541126273393,0.01577514004634672
349.0,103.3473109156441,0.00028557308609525236,0.01596161115356929
349.5,107.89646939997992,0.00028714878383099483,0.016047549834574227
350.0,109.95098662048613,0.00028556401250702426,0.015961116322631714
350.5,109.02890412313428,0.00028278233851215036,0.01580940346037313
351.0,105.9646735003114,0.00028011840613989097,0.015664111975793104
351.5,101.51652313924372,0.00027754059785529484,0.015523517938692086
352.0,97.03477364989622,0.00027574467412847854,0.015425567794589447
352.5,93.48839276708864,0.00027473393396530287,0.015370442146227665
353.0,91.48246316289679,0.00027426724153529553,0.01534498863700461
353.5,90.65850129798712,0.0002741915324443871,0.015340859502287703
354.0,90.66235089535115,0.00027448342583708755,0.015356779502754563
354.5,90.99084912685574,0.00027497016839686067,0.015383326203146166
355.0,91.5897333009453,0.0002753024915390276,0.015401451243429606
355.5,95.10685478539197,0.00027585157635366534,0.015431398649977657
356.0,101.41511848044964,0.0002771197330060403,0.015500564209002586
356.5,104.57045182868896,0.0002791419749435011,0.01561085757163052
357.0,105.77880348510838,0.0002838589663048141,0.015868122904710888
357.5,105.13577342912801,0.0002890843853149938,0.016153117939717996
358.0,103.30999193644281,0.0002927720146579133,0.016354241920050156
358.5,101.11070889728515,0.0002946232213514068,0.01645520706073048
359.0,98.70536447650898,0.00029629494363036,0.016546382844852412
359.5,96.43915179160709,0.00029755168261221806,0.016614925702976673
360.0,94.7479372333594,0.0002979693715987758,0.016637706608727133
360.5,93.55523058269996,0.0002973325365864708,0.016602973401835083
361.0,92.55320578111727,0.0002957882559331911,0.016518748056255035
361.5,91.6244305012979,0.0002933449717964548,0.016385490979593065
362.0,91.39169645678814,0.00029085947138934886,0.01624993133332343
362.5,93.45314839514629,0.00028840822163099706,0.01611623965883897
363.0,96.5474842611553,0.0002864707148479861,0.01601056799754519
363.5,98.81334097148785,0.00028480646252843674,0.01591979949540559
364.0,100.31402476411633,0.00028377719401009513,0.015863662921293473
364.5,102.50191772476492,0.00028457703755619497,0.0159072867284905
365.0,103.61533864494338,0.00028864153214732834,0.01612896448650367
365.5,104.4269824646186,0.0002944716516992865,0.01644694023665905
366.0,105.72377813878832,0.0002987069361216463,0.016677933148965703
366.5,105.58913563130946,0.0003013283085331795,0.016820903095461283
367.0,103.13598364267129,0.0003033433297771345,0.016930802784774067
367.5,99.524117178348,0.00030433130092240995,0.016984687298748666
368.0,95.23816035409078,0.00030200762964997454,0.016857953679033397
368.5,92.9230681194432,0.00029682855528203206,0.016575486166183692
369.0,93.14744058145206,0.00028910577045397363,0.016154284397500728
369.5,94.1004534782043,0.00028097304813041996,0.015710724329120098
370.0,94.52054245187395,0.0002763602228983537,0.015459140107043108
370.5,94.44874448525688,0.00027655955987616524,0.015470012037613985
371.0,94.06387283514741,0.0002790923241640022,0.015608149188383108
371.5,93.38151992986914,0.0002824449695623765,0.01579100321157958
372.0,92.45110744039356,0.00028562095001342957,0.01596422160151041
372.5,91.31446829679429,0.00028799302467747204,0.01609359497169771
373.0,90.34806832652139,0.0002892189945290646,0.016160459248559966
373.5,89.81865372871249,0.00028995176148432155,0.01620042454042258
374.0,90.95133978207193,0.00028998515001588034,0.016202245564363244
374.5,92.687014703778,0.0002895653797518695,0.016179351167023955
375.0,94.11253809401458,0.0002890394273367828,0.0161506658270838
375.5,94.77757662362309,0.000288445439216718,0.01611826953244078
376.0,94.79404996430328,0.00028831581182634826,0.016111199542839478
376.5,94.67369578034378,0.00028866503355916653,0.016130246309993
377.0,94.4669251084115,0.0002896316703064181,0.01618296665536926
377.5,94.52316726159552,0.00029123859926074544,0.01627060876619489
378.0,95.19420464336478,0.0002934875946220149,0.016393269706814397
378.5,96.58672436021189,0.0002956050444511847,0.0165087556861218
379.0,98.60597993066625,0.0002984849447723569,0.01666582575039635
379.5,100.15680063742711,0.0003012667749452859,0.01681754714505161
380.0,99.99731385243588,0.000301231771394758,0.016815638083485525
380.5,98.79724007600792,0.0003004987203242946,0.016775657378395543
381.0,96.74749640566287,0.00029966458243446757,0.016730163332128546
381.5,94.99545943340051,0.0002990232681142941,0.016695185934101027
382.0,93.4258116304871,0.00029828139113955083,0.01665472402437394
382.5,93.18605826470677,0.00029781527407149146,0.016629302007871098
383.0,94.1601042361487,0.00029729181191017167,0.016600752033552196
383.5,94.85564279546513,0.0002966690631763826,0.016566787378927313
384.0,94.89544176511383,0.0002960229655939544,0.016531549233279468
384.5,94.95558602994832,0.0002957441690119865,0.01651634340156185
385.0,95.55819285852596,0.00029588101399766913,0.016523806842424667
385.5,96.48435077202039,0.00029627670722221546,0.016545388159984572
386.0,96.98526757130853,0.00029665828216800255,0.016566199215311026
386.5,96.77672822211808,0.00029690292252118405,0.016579541865403138
387.0,96.39219581480734,0.0002967543642344924,0.01657143959700586
387.5,96.33441924611378,0.0002966307654548208,0.016564698654048932
388.0,96.53004638996559,0.00029692144371563266,0.01658055194712297
388.5,96.39183145300619,0.0002975759125305491,0.016616247134048304
389.0,96.35733519044082,0.0002989665474051381,0.016692092688230117
389.5,96.86814443057109,0.0003013661534041605,0.016822967628836553
390.0,97.27815157714969,0.0003050816275459776,0.017025609962606297
390.5,96.4072700584506,0.00030985853261964716,0.017286142842066216
391.0,94.69225488241042,0.0003141086654408231,0.017517945772211226
391.5,92.32210817876238,0.0003181932350426988,0.017740718725787547
392.0,90.18769153367509,0.00032011448085708053,0.017845504044840796
392.5,88.47676065663649,0.00032014816914697786,0.017847341555064643
393.0,87.58784043905398,0.00031900192503644124,0.01778482496273425
393.5,87.94800060442773,0.0003171036211047903,0.017681291220243416
394.0,90.381756160793,0.00031399310015569097,0.017511642952797724
394.5,94.11360502087123,0.00031025422001408544,0.01730772379300801
395.0,97.04237260511813,0.0003061735747484247,0.017085164866445176
395.5,97.89446314263476,0.0003030293776101199,0.016913679615481757
396.0,97.17974797951739,0.00030188115941615876,0.016851055940710225
396.5,95.56625394396741,0.0003020323614239824,0.01685930265114239
397.0,94.31076151505286,0.0003034096400125318,0.0169344194807477
397.5,94.25836924573328,0.00030553590412596144,0.017050386056494768
398.0,95.9464622907945,0.0003078622666506709,0.01717726654181928
398.5,99.68034286703394,0.00031034551854329555,0.017312703466508476
399.0,107.93888875020535,0.00031325896902217914,0.017471603486373572
399.5,116.94561760619473,0.00031642821298717347,0.017644454575590697
400.0,120.6348372412268,0.0003188730339350092,0.017777795317408425
400.5,117.03818358157167,0.0003192965903515043,0.017800895940143203
401.0,112.95885740091217,0.00031880176997603623,0.017773908514897123
401.5,112.1700947325522,0.0003202179520935719,0.017851147397020154
402.0,108.87543958583049,0.00032363919880636907,0.018037742487750696
402.5,100.0156261687306,0.00032576281236613416,0.01815356489675651
403.0,91.82059867363805,0.0003259071314799337,0.0181614363395951
403.5,90.51642032388493,0.0003250745528680701,0.018116027248210813
404.0,90.94940994547008,0.0003236902919086911,0.018040529331654915
404.5,90.40097998806377,0.0003221058958668084,0.017954116214877608
405.0,88.80075118380563,0.00032002963047815064,0.017840876226752837
405.5,86.96807913910422,0.0003183336949318245,0.017748379919798846
406.0,84.95672112081024,0.000316287187530056,0.017636763115858024
406.5,83.68224321141794,0.0003143373561392797,0.01753041863864351
407.0,83.2485873541499,0.00031242148335673074,0.01742592667827506
407.5,83.11385354832363,0.00031025907063957726,0.01730798837375987
408.0,83.15421127079264,0.000307989609963264,0.01718421151259972
408.5,83.2405263417331,0.00030585895232230397,0.01706800520378476
409.0,83.32872933723766,0.00030369012418543495,0.01694971711596932
409.5,83.31177467930428,0.00030244757164885706,0.016881948025341955
410.0,83.03889026060041,0.0003009901612041567,0.016802460410578438
410.5,82.86240703658416,0.0002997256713708116,0.016733495318826334
411.0,83.30598533658862,0.00029742149407725716,0.016607824878145962
411.5,84.74124074192575,0.0002922481092567702,0.016325667645103823
412.0,87.03682821719732,0.00028431168748923767,0.01589281425405194
412.5,88.15860002824748,0.00027982606032457975,0.015648167488398666
413.0,88.38635114454905,0.00027796789892808546,0.015546822965475772
413.5,87.93344174103126,0.0002786866017659996,0.015586021280809844
414.0,87.45199481702225,0.00027998063764571253,0.015656598259160086
414.5,87.1908874431517,0.000281008955636761,0.015712682953576217
415.0,87.1506074146349,0.0002821166529120225,0.015773096456562406
415.5,87.54012625471833,0.000282805370122297,0.0158106594791956
416.0,88.19928543782667,0.00028333088157606653,0.015839320916159666
416.5,88.31984853448883,0.00028342592743279925,0.015844504597449877
417.0,87.91628139767674,0.0002832189927846493,0.01583321850688671
417.5,88.40562294143085,0.00028292543315851405,0.015817207826516206
418.0,89.88591742636828,0.00028239165950516673,0.015788095780061295
418.5,91.43984593532237,0.0002821424354879749,0.015774503046315988
419.0,92.48139476221003,0.0002829263850310915,0.015817259573414958
419.5,92.95513111046118,0.0002858152153726328,0.015974816919211755
420.0,93.57675260052133,0.0002918577344869868,0.016304376656403222
420.5,94.64632631849611,0.0003008837334663864,0.016796656120181587
421.0,95.8363707977703,0.0003083577498069702,0.017204290174123893
421.5,97.02688708046661,0.00031291345090686393,0.01745275877270018
422.0,97.46524456942521,0.0003141070259465713,0.017517856571484348
422.5,97.3455264947265,0.00031163427188563974,0.017382991833476694
423.0,96.90783421382469,0.00030652887589519115,0.017104542822095326
423.5,96.52047153349366,0.0002973264943571895,0.01660264393026874
424.0,99.03069701896649,0.0002888551485059243,0.01614061538829846
424.5,103.57161241480263,0.00028783806228767123,0.016085143109423227
425.0,106.37733307293188,0.00029296298544655613,0.016364657241276753
425.5,105.57334757544793,0.0002962486965051831,0.016543860353855407
426.0,103.79878599771168,0.00029885014168126137,0.016685743617429524
426.5,100.8405901149406,0.0002995886083090004,0.016726019667225145
427.0,97.54162921379047,0.00029796920346483594,0.016637696963326534
427.5,95.97926823957319,0.00029450157761985957,0.01644857235568433
428.0,97.0948437938868,0.0002899715993703783,0.01620150674605067
428.5,99.89700867634895,0.0002860037876197142,0.015985101654173363
429.0,101.02556256983577,0.0002833384582503985,0.01583973424212567
429.5,100.67476164925527,0.0002823473112447472,0.01578567689588233
430.0,100.48340767125806,0.000282737952775897,0.01580698228409073
430.5,101.31663639601892,0.00028409124680289446,0.01588079127622634
431.0,102.78471336332413,0.000287252426391662,0.01605320237886465
431.5,103.5946928103711,0.0002920202917246116,0.016313242690749262
432.0,103.14424423820442,0.000297893285162424,0.01663355674519471
432.5,101.89249715779124,0.0003037300570754642,0.016951895021000304
433.0,100.58889627271041,0.00030730811789811424,0.017147043104764618
433.5,98.88471309764874,0.0003095896282225602,0.017271477073894415
434.0,96.73901330393056,0.00031090760386400385,0.017343359497679022
434.5,94.3821283065483,0.00031151036756273836,0.017376234564715373
435.0,92.27044266924449,0.0003117474058273447,0.017389162528185766
435.5,90.42647455847002,0.00031158552076951775,0.017380333154818243
436.0,88.89542683722354,0.00031079058539466864,0.017336977322713682
436.5,87.72481032252844,0.00030959676949514055,0.017271866276991833
437.0,87.4061082048123,0.00030799815254985987,0.0171846775120625
437.5,88.02991264377656,0.000306018990969742,0.01707673372337061
438.0,89.15465018131435,0.0003030303357439028,0.016913732172793454
438.5,90.34074087437658,0.00030104324738346546,0.016805355807275994
439.0,94.9515008004472,0.0003001524461347677,0.01675677173131457
439.5,101.33086397496895,0.0003032399241677248,0.01692516327148995
440.0,107.60723992442323,0.00030943707591741875,0.017263156508594602
440.5,111.80137367043437,0.0003176188784108568,0.017709393489733122
441.0,111.33024064032342,0.0003235311506279796,0.01803184968494306
441.5,108.96318215734381,0.0003270268174272331,0.01822250402375199
442.0,105.03211405694805,0.00032977437665015395,0.01837235603375596
442.5,101.82917446954572,0.00033053853696523,0.018414033679428815
443.0,98.55205712145082,0.0003310495935315914,0.018441906629525454
443.5,96.10541631520734,0.00033161705025401783,0.01847285568925961
444.0,93.5966436260199,0.0003321345992231221,0.018501083147706304
444.5,92.05115161589384,0.0003321679365343088,0.01850290141000231
445.0,91.84717510264778,0.0003316322132352065,0.01847368293527914
445.5,92.8445043388389,0.0003305834353020213,0.018416482647805626
446.0,95.3034778793849,0.0003290479878533719,0.01833273890323997
446.5,98.890858536018,0.0003272262006909936,0.01823337805308783
447.0,102.12759292437443,0.00032599005674752564,0.01816595853264332
447.5,103.0417843047485,0.00032669376516747964,0.01820433904365833
448.0,102.76365331034857,0.00032826511233983286,0.018290040520004346
448.5,101.50642920954148,0.0003301426262806168,0.018392440430785584
449.0,99.8106285551017,0.0003318838384905115,0.018487406503371315
449.5,97.9348873730388,0.0003328309608201515,0.018539062923512224
450.0,96.31727922435222,0.0003326350020568051,0.018528375343130992
450.5,95.38646668773674,0.0003318262693405581,0.01848426680693331
451.0,94.89458395335478,0.0003308592808991198,0.018431527140023437
451.5,94.40410133457847,0.00033004877383469673,0.018387322013197583
452.0,93.61992567321265,0.0003293267219538408,0.018347940919754446
452.5,92.48572516868128,0.0003287928922426965,0.01831882567233622
453.0,91.20945514627606,0.0003286659119912909,0.018311900324835092
453.5,90.08608294779079,0.00032869027510893636,0.018313229212847438
454.0,89.8128293043257,0.0003285502478550258,0.018305592275721136
454.5,90.00762233590406,0.000328087284367656,0.018280342039278624
455.0,90.58686511768163,0.0003272181184025112,0.0182329373559784
455.5,91.77698096987879,0.00032595098103862423,0.018163827683110485
456.0,93.85915371852818,0.0003244092323514771,0.018079740314016903
456.5,96.26928987455715,0.0003235721170708104,0.018034084092237612
457.0,99.3081276549912,0.00032462605487077774,0.018091565860450236
457.5,103.84945292995688,0.00032686359150613784,0.01821360159301237
458.0,109.76134784379109,0.00033046154340023,0.01840983450842922
458.5,111.5831910007282,0.00033463440547012546,0.018637422902136012
459.0,110.67382363547681,0.00033877554513509866,0.01886328119055846
459.5,107.34532257025673,0.0003410862990196047,0.018989310069459562
460.0,103.49533793257733,0.00034230258801473006,0.019055646668788496
460.5,101.06082920029787,0.00034306913007718323,0.019097453911427444
461.0,98.99802160888508,0.0003438597573912854,0.019140575079139542
461.5,96.47622788727504,0.00034422616700322385,0.0191605590531477
462.0,93.85302848372183,0.0003435969631767201,0.019126242201335096
462.5,91.48634831385608,0.0003419935390008236,0.019038791432408882
463.0,90.33350365967786,0.0003394070478552059,0.018897723746066228
463.5,91.05038085057309,0.00033687788284905706,0.01875978233277063
464.0,93.04062590838961,0.00033450678593995975,0.018630462544481436
464.5,94.78367022230967,0.00033323743693677523,0.01856123208800733
465.0,97.53409173914501,0.00033210072782236525,0.018499235570128093
465.5,103.00096741581422,0.00033158943380378665,0.018471349851942077
466.0,108.99803778844996,0.00033117645163800144,0.018448825889288742
466.5,112.11038568819622,0.0003317696461147203,0.018481178368642458
467.0,112.25781338608358,0.0003327864208157558,0.01853663381901977
467.5,110.71506336607489,0.0003339218195451139,0.018598558603965972
468.0,107.77544331083696,0.00033569137218781734,0.018695070149642962
468.5,104.40012713762825,0.00033709589630455156,0.01877167312954526
469.0,100.87436270298039,0.0003372447316570506,0.01877979079999735
469.5,97.36170601072304,0.0003365833846697455,0.01874372074845795
470.0,94.5613417446478,0.00033563424015717596,0.018691953936253752
470.5,92.45559531222048,0.0003341855710866001,0.018612943557833758
471.0,91.91843325322286,0.0003327408524782118,0.018534148299951838
471.5,92.21213618783715,0.0003304906240875988,0.01841142062790836
472.0,93.2582040950365,0.00032784068644543747,0.018266892445068295
472.5,94.93783259864354,0.00032490071487074976,0.018106545988369274
473.0,96.72943373422181,0.00032213565309771575,0.017955738806759335
473.5,97.33483046436885,0.00032062348948418487,0.01787326530358175
474.0,98.18709101259715,0.0003189375181167524,0.017781312180683868
474.5,100.94439666723831,0.0003173523021625348,0.01769485438343414
475.0,104.99348676966301,0.0003168758357863839,0.017668868006816833
475.5,107.80877280949794,0.00031788425319440646,0.017723867056920566
476.0,107.80849631976685,0.0003205561027892248,0.01786958998694525
476.5,106.14256449919259,0.00032336506671580393,0.018022791351554643
477.0,103.65004600644544,0.00032638414217119673,0.01818745248682541
477.5,101.32356752946902,0.0003286738638457974,0.018312334088624576
478.0,98.48540116400714,0.00033100953557560996,0.01843972197252332
478.5,96.43593087751351,0.00033293734004820476,0.018544864783557134
479.0,95.64051534972008,0.0003344374303117178,0.018626679825154042
479.5,95.77772682795873,0.00033566717294244557,0.018693749943591048
480.0,96.93721000410552,0.00033662348659145694,0.018745907694886703
480.5,99.05996140785437,0.00033785160086815,0.018812889008982935
481.0,100.73117013080159,0.00033903463889452034,0.01887741232372557
481.5,101.93624987876171,0.00034058427428127917,0.018961929646017055
482.0,102.01849238235461,0.00034143158134245335,0.019008141882840238
482.5,102.07848585443926,0.0003421241108139667,0.019045912503936505
483.0,102.67691219692631,0.00034222427407583627,0.01905137533522162
483.5,103.56971713111179,0.00034150247344721826,0.019012008571194873
484.0,104.04047692061808,0.0003397583989480213,0.018916886479538354
484.5,103.77052486356129,0.0003379098196249229,0.018816064546451836
485.0,103.0778169337943,0.0003365006884925414,0.018739210334178292
485.5,102.77275536694495,0.00033535794842953103,0.01867688497732484
486.0,103.58111930874804,0.00033454141323865303,0.01863235104569887
486.5,104.43699284057229,0.00033389867413126926,0.018597296081057313
487.0,104.34321937141095,0.0003333842275573735,0.018569237938348134
487.5,103.06230080280952,0.00033331640867604716,0.01856553926641218
488.0,100.89473286639142,0.00033424623604991416,0.01861625194757692
488.5,97.82210921981087,0.0003367171052627428,0.018751013769213336
489.0,93.72898935129295,0.00033992433463857224,0.018925936565261155
489.5,90.89715283653203,0.000342510480645368,0.019066985145955683
490.0,89.74247572004037,0.0003443366602839985,0.019166585358993446
490.5,89.54197910638884,0.0003449463010699756,0.019199835272761995
491.0,89.36626676228019,0.0003444020629128271,0.019170152154164264
491.5,89.37467846166228,0.00034241592945376796,0.019061828619005048
492.0,89.46505555402632,0.0003383985833589355,0.018842721600441474
492.5,90.92995929293686,0.0003333449630627526,0.018567096464575644
493.0,97.19891433863619,0.0003306152615459633,0.018418217882760466
493.5,107.16926506358381,0.00033239329131182856,0.01851519206452674
494.0,112.73276707578847,0.0003379932797332131,0.018820616194161963
494.5,112.38459233632705,0.0003444921265138455,0.01917506450767767
495.0,109.81308883563692,0.00035070856109018,0.019514109675951383
495.5,106.66698966547625,0.0003552134978263272,0.01975980947166868
496.0,103.8019938684348,0.0003581449142503273,0.019919689523434012
496.5,100.42549414953065,0.000360021832204668,0.020022057061706986
497.0,97.55654485610194,0.0003603096020015574,0.02003775185508197
497.5,94.1841552730887,0.0003595792235499803,0.019997917138487177
498.0,91.55074719647124,0.0003575938745511508,0.019889635736819393
498.5,90.78774008354871,0.0003548405052437921,0.019739466364477848
499.0,93.38279925960478,0.00035068513277626535,0.019512831962750988
499.5,99.28421097455893,0.00034620250046142967,0.01926834878079329
500.0,102.50420663682407,0.00034309613974415194,0.019098927313078065
500.5,102.66734995305464,0.00034294230422412516,0.01909053718639897
501.0,102.03290560701605,0.0003464075203931899,0.01927953049137951
501.5,101.2607859005437,0.00035130923974682944,0.01954687091073134
502.0,101.17730143513609,0.0003531568628568705,0.019647640275314057
502.5,102.70230717647574,0.00035260554205196134,0.019617571494322878
503.0,104.95156268029504,0.00035214484425671823,0.0195924450561546
503.5,106.30576681100402,0.00035189099432389204,0.019578599790615703
504.0,106.04509081179725,0.0003517319491780936,0.019569925346448757
504.5,104.78341468309782,0.0003517916961380797,0.01957318400998773
505.0,102.7512257466113,0.0003520660522489741,0.019588147269028817
505.5,101.00011408123625,0.00035234009230518984,0.019603093685728594
506.0,98.91991990469641,0.00035274596042889024,0.019625230153727986
506.5,96.93035637784577,0.00035331945526146193,0.01965650818725415
507.0,95.72592182566919,0.000354165633484628,0.019702658804876327
507.5,95.32141316521628,0.00035498456994283514,0.019747323704281144
508.0,94.7963585646983,0.0003556527709519086,0.01978376750051945
508.5,94.37749884153783,0.0003558427485968455,0.019794129024621746
509.0,95.25771248258704,0.00035482258931332093,0.01973848958962687
509.5,97.53682388055368,0.00035267534043144773,0.019621378243684845
510.0,100.62799782997627,0.00035053011621206655,0.019504377282879057
510.5,103.68996434734709,0.0003507931238234029,0.019518721798733884
511.0,106.18344555853,0.00035501996158157157,0.019749254221107945
511.5,107.24808774418048,0.000359727174219506,0.02000598627662392
512.0,108.47677685985111,0.00036407981798485206,0.02024338006832791
512.5,108.89693062715178,0.00036785929913186284,0.020449513769624367
513.0,107.19339672332109,0.00037146312714191835,0.020646067124611388
513.5,103.40561553492097,0.0003743475404650144,0.020803383450330823
514.0,97.85992835011211,0.0003764540688365605,0.020918273578337258
514.5,92.60884953499253,0.0003776040096715441,0.020980991598045614
515.0,88.98524239391499,0.0003774325739671255,0.020971641755792903
515.5,88.47757485051946,0.00037537087912947184,0.020859196465565447
516.0,88.63625591945816,0.0003696461421827476,0.020546968279950294
516.5,89.71596164542775,0.00035872847513933364,0.019951517223536136
517.0,90.80771392711264,0.00034966869713444883,0.01945739557156727
517.5,92.35070004113187,0.00034208877926671083,0.019043985531582836
518.0,94.3066571650468,0.0003390852398053846,0.018880172130499192
518.5,96.52091645991884,0.0003408404909978841,0.018975903881639684
519.0,98.95813017039714,0.0003448368991675381,0.019193868484505258
519.5,101.61606227683225,0.00034884961312502767,0.019412722223682028
520.0,103.53855672721178,0.0003508867544696587,0.01952382854357762
520.5,104.18223092263736,0.0003518667283855014,0.019577276386941206
521.0,104.34497942360366,0.0003525137430367528,0.019612564777894005
521.5,104.28872806441635,0.0003527083727616213,0.01962317988774997
522.0,103.17064612197255,0.0003525185876534771,0.0196128289307009
522.5,101.39321774783737,0.00035211449546959303,0.019590789520000616
523.0,99.43022511034569,0.0003515300709892845,0.01955891470209786
523.5,97.95248521842251,0.0003509164933365349,0.019525450392214042
524.0,96.2423442531393,0.00035046588542744756,0.01950087391329342
524.5,94.72001591018893,0.0003509618747647355,0.019527925307984074
525.0,93.86540575850157,0.0003526570825464408,0.0196203822301332
525.5,93.46671595999193,0.0003549559343468934,0.01974576225620445
526.0,93.33229986081369,0.0003572485941136606,0.019870804375985162
526.5,93.21617182643382,0.0003595503136222849,0.019996340250984866
527.0,93.17368981414145,0.00036200350820260474,0.020130138089160567
527.5,93.31426661462112,0.0003638405445590054,0.020230330360734145
528.0,93.4298064301552,0.00036412336514411877,0.02024575532463807
528.5,93.26063994326576,0.00036286975071511316,0.02017738278237489
529.0,92.85733618364837,0.0003602985484518511,0.020037149288790544
529.5,93.00645548774104,0.00035669328198644965,0.019840517386402898
530.0,94.51069151490682,0.00035165514381475793,0.01956573653117384
530.5,95.92312119847709,0.00034668962046577437,0.01929491600923507
531.0,95.96461397793675,0.0003433074453853431,0.01911045186991812
531.5,95.34180463451067,0.0003425320958300111,0.019068164031982214
532.0,94.40919947510643,0.000342860538903866,0.01908607723583361
532.5,93.3694421954815,0.00034425606450249236,0.019162189514543657
533.0,91.91142486024086,0.0003465801082209066,0.01928894320284828
533.5,90.0640373341941,0.00034888659637379927,0.019414739565310635
534.0,88.13225713668582,0.0003510301867535256,0.019531651340060307
534.5,86.2822316224621,0.00035240406273388846,0.019606582948708377
535.0,84.60904456761826,0.00035248948918700085,0.01961124216770368
535.5,83.82659833952437,0.0003510275196940022,0.019531505695391027
536.0,86.76316588094188,0.000348466125732847,0.019391806924672378
536.5,96.66805849085546,0.0003453657843905516,0.019222714090796008
537.0,103.07708351043847,0.0003444178809502607,0.019171015111279503
537.5,106.91575773468509,0.000345402624231106,0.019224723011943185
538.0,106.95971387482666,0.00035292230752701826,0.019634847647334242
538.5,105.34154158661869,0.0003627182642015914,0.02016912065993478
539.0,103.1519311411703,0.00036919695603955603,0.02052246968230641
539.5,101.24922603999413,0.0003714223400551951,0.020643842564261324
540.0,99.40267152387388,0.0003711791434029696,0.020630578408858933
540.5,97.86755731643692,0.0003684573803289717,0.020482132847054
541.0,96.37465615171212,0.00036425616651257806,0.02025299802549059
541.5,94.88799604900615,0.0003599425084030863,0.020017730685447314
542.0,93.61555634708421,0.0003565539146587199,0.019832916244525895
542.5,92.50766896432208,0.0003534188810743883,0.01966193112970183
543.0,91.93847093343649,0.0003511661761359698,0.019539068070844805
543.5,91.7228401918809,0.0003497663512905397,0.019462721401256478
544.0,91.50869188222975,0.00034873064943395405,0.019406234261880206
544.5,91.23379843938412,0.0003479837637617693,0.019365498783816402
545.0,91.47300912895922,0.00034825701201401363,0.019380401802326506
545.5,93.71752202879011,0.00035032660762898297,0.01949327787189112
546.0,96.85431747596749,0.00035309536627809135,0.019644286546426613
546.5,100.43270265969906,0.0003576717223665795,0.019893881542551343
547.0,101.75636297314914,0.0003629893964434829,0.020183908530283495
547.5,102.07896306497952,0.0003699128853831717,0.020561516446876447
548.0,101.70631076695584,0.0003744910302431853,0.020811209047417057
548.5,101.80689030394635,0.0003773616889315881,0.02096777539511323
549.0,103.68595783416026,0.0003776324973296306,0.020982545178953392
549.5,104.21050525649669,0.00037573429879963685,0.02087901728368591
550.0,102.6959066518316,0.00037286390958766595,0.02072246587457314
550.5,100.17865614552643,0.00036999841151199344,0.02056618115433917
551.0,97.67892508427289,0.0003677295837939951,0.02044243895490104
551.5,94.99262844346693,0.00036537842446370076,0.020314206521224617
552.0,93.10760264393384,0.00036330790065562674,0.02020127946324441
552.5,92.02818637061537,0.00036163321405576935,0.020109941841782584
553.0,90.939035956366,0.0003598453665602013,0.020012432426297577
553.5,90.40521264035196,0.00035880824808793573,0.01995586780487894
554.0,91.1971613008801,0.000357861229226554,0.019904217600687325
554.5,95.4196686338013,0.0003575306293359717,0.0198861862527789
555.0,101.57304179651736,0.0003578949104795924,0.019906054166564026
555.5,106.02734364332599,0.0003606250039728273,0.020054953759294017
556.0,108.39738848587908,0.0003672693830820205,0.020417339461408602
556.5,110.01858177425132,0.00037586364904977523,0.02088607199540819
557.0,111.4833173268525,0.0003854129159633082,0.021406890639468556
557.5,111.529426387995,0.0003924023265116481,0.02178809417385086
558.0,109.58045262964126,0.00039583486888338534,0.02197530547386524
558.5,106.68936115657118,0.00039542145763760746,0.02195275797264123
559.0,103.26691228326916,0.00039453342009405695,0.021904324070563978
559.5,100.06901912707836,0.00039348159476318515,0.021846957546175765
560.0,99.3443906545241,0.000392802968082053,0.021809945222456627
560.5,98.96893165171913,0.00039150922818565517,0.021739384410421822
561.0,98.16999723133996,0.00038947177022926656,0.0216282607959031
561.5,97.52488195655167,0.00038594888481431426,0.0214361224095204
562.0,97.79469288537432,0.0003829856520901219,0.021274507396541072
562.5,97.66549151412103,0.00038015643403213975,0.021120201116386402
563.0,97.13360466780021,0.0003781459927162376,0.021010551162472677
563.5,97.28403506221265,0.00037826533336200507,0.021017060060223865
564.0,99.68914097948556,0.0003800247170762677,0.021113017183580583
564.5,105.23530338852476,0.000383792916991515,0.02131853547600377
565.0,110.34753568532193,0.00038912077363609444,0.021609117729356843
565.5,111.97843363933642,0.0003937612966832571,0.02186221250030046
566.0,110.95652652569036,0.00039515564515072793,0.021938260378370513
566.5,108.90428385518736,0.00039515701801941694,0.021938335238815658
567.0,106.84540695624061,0.0003963119484554782,0.022001325450256494
567.5,104.3828176264924,0.00039782453915911554,0.022083822374523252
568.0,102.04020538237185,0.0003979372409056446,0.02208996921739266
568.5,99.84509344060638,0.00039585150861795257,0.021976212988119997
569.0,97.353294349624,0.0003909809242403079,0.02171057050525524
569.5,94.82895899688219,0.00038478911906944437,0.021372868522990605
570.0,93.10638418757762,0.0003785496883853507,0.021032569333991807
570.5,92.43510042703987,0.0003744847576960473,0.020810866946783704
571.0,92.74912701339453,0.00037114239172144074,0.020628574143059773
571.5,93.64938817389672,0.00036863114999286753,0.020491610369090803
572.0,94.71127354301815,0.00036584688297954866,0.020339756050921257
572.5,95.82249144074233,0.0003631495765476718,0.020192644656889927
573.0,97.0722331947583,0.000361857778670335,0.02012218989801282
573.5,99.42652528279035,0.00036340442361080025,0.020206544010173768
574.0,102.87274189631353,0.00037013898000631096,0.02057384782724281
574.5,105.56081739922486,0.00038123488762323727,0.02117902042957176
575.0,106.59171441688859,0.0003938281157336654,0.021865856694706642
575.5,105.2582434476709,0.00039825343863541954,0.02210721446094739
576.0,102.95305223895527,0.0004006592246480275,0.022238426316906774
576.5,100.46503376422338,0.0004014205766312483,0.02227995047011262
577.0,98.35917904299744,0.0004013817862596823,0.022277835291924054
577.5,96.1450369578954,0.0004008234543426078,0.022247383805832965
578.0,94.87599501421793,0.00039964790125946955,0.022183268710285697
578.5,96.22626129543795,0.0003983047485841058,0.022110012911227828
579.0,98.05847216617057,0.0003969559667655246,0.022036450122574783
579.5,98.36712510991435,0.00039488848296074565,0.02192368946663609
580.0,98.03701055539193,0.00039303978096187636,0.021822860762200927
580.5,97.88208030413188,0.0003910877809267964,0.02171639852709387
581.0,100.70731240688443,0.00038876163503686787,0.021589530039504645
581.5,107.12661172523742,0.0003871350946907838,0.02150081835321281
582.0,111.6607505398082,0.000388370455302667,0.021568195260679004
582.5,111.92384623773776,0.0003909499435963731,0.021708880789983127
583.0,110.20912276232804,0.00039163151440580054,0.02174605400630739
583.5,107.3050521412841,0.0003919690301717582,0.021764462038038838
584.0,104.66077850382572,0.00039270591116232547,0.02180465159351322
584.5,101.01716157605534,0.00039357208440796805,0.02185189270407023
585.0,97.63828711908761,0.00039413495856639974,0.02188259173501745
585.5,96.68249388750542,0.00039396714438621973,0.021873439656486266
586.0,96.73986283057091,0.00039217201470943597,0.021775532712576335
586.5,97.31358201448941,0.0003873436497908064,0.021512192942249323
587.0,97.69403547659927,0.00038267859222961546,0.021257759988698464
587.5,98.0007035922894,0.0003785693912540983,0.021033643627362382
588.0,98.072117732807,0.0003781814310859226,0.0210124841901243
588.5,98.32651099557316,0.0003815576381592074,0.021196623011013365
589.0,99.19767011152858,0.0003860024647195942,0.021439044774826842
589.5,99.92911525995652,0.0003893537307794272,0.02162182316195255
590.0,99.82896336435954,0.00039069001764556195,0.02169470431901846
590.5,99.35820642041058,0.0003906854008027996,0.021694452693186213
591.0,99.22215813548038,0.0003899014790722125,0.021651697608974778
591.5,100.2457078989123,0.00038861093048855595,0.021581310879072647
592.0,102.33393629044863,0.00038765615748392364,0.021529237434229388
592.5,104.11813726254184,0.00038756031889302934,0.021524010090432116
593.0,103.70434280058628,0.00038791360575012127,0.021543278603804325
593.5,102.30864965285778,0.00038820472465729555,0.021559156251133048
594.0,100.99605081679236,0.0003883098080433176,0.02156488754700509
594.5,99.37198042910468,0.00038875749064244555,0.02158930442722358
595.0,98.36908784809864,0.000389422351307238,0.021625565506586182
595.5,97.00807612649677,0.0003905151229644065,0.021685165785070706
596.0,95.91510911959328,0.00039143607124125215,0.021735394311920585
596.5,96.30275820134719,0.00039174658785540243,0.021752329913806434
597.0,98.53488891353304,0.0003924719590986765,0.021791891826134724
597.5,100.49516651423886,0.0003946657422754543,0.021911540806809026
598.0,101.469763973485,0.00039847928215277297,0.022119532351939034
598.5,101.38128066104542,0.00040111914810257645,0.022263510836073145
599.0,101.15808759683011,0.00040273496579848125,0.022351637798639596
599.5,101.14760435040571,0.0004038301570560744,0.022411369672228534
600.0,104.43307136614965,0.0004043104240185861,0.02243756335962209
600.5,112.58540701206184,0.00040387132356964843,0.02241361479930675
601.0,118.02348813542582,0.00040219808076286773,0.022322356044596647
601.5,118.80247559446441,0.00040306397489218656,0.022369581917464285
602.0,116.92190578062151,0.00040662522795448177,0.022563813447902654
602.5,112.48770682269937,0.00041004451715672123,0.02275030170856848
603.0,108.20330493902725,0.00041271742528840416,0.022896082454091735
603.5,106.12547881432978,0.0004136258503725296,0.02294562793679614
604.0,104.08558802509421,0.0004129428423701488,0.022908376951095825
604.5,100.3748359859112,0.00041045881986501495,0.022772897945112714
605.0,96.34352224467732,0.00040596123426047987,0.022527599064745312
605.5,93.01735851111557,0.0004007351773060046,0.022242569116452476
606.0,91.47408033779702,0.0003956867947842581,0.021967229591060077
606.5,91.92454551274757,0.0003925652224925639,0.02179697845047173
607.0,93.2351730673576,0.0003897465939722498,0.02164325026455058
607.5,94.13884683816374,0.00038729396650123005,0.021509483446719376
608.0,94.47208265445147,0.00038466585061073497,0.02136614558009329
608.5,96.41076252082578,0.00038294477909876903,0.0212722780765975
609.0,98.38783885707285,0.0003811865135648593,0.021176382026559065
609.5,98.85180479052048,0.0003800846674911342,0.021116286900139582
610.0,98.17429817873597,0.00037985504525023446,0.021103763205920497
610.5,97.28411043615127,0.0003819735379075034,0.02121930638878543
611.0,97.0921483132618,0.00038792203264420696,0.02154373810438111
611.5,97.81575267901637,0.00039440248291261264,0.0218971827292433
612.0,99.10800743480492,0.0004004148778527556,0.022225099696170755
612.5,99.74680741650296,0.00040119672268213054,0.022267741668096735
613.0,99.60180123584112,0.0003978062928168042,0.022082827082553276
613.5,99.81217529882899,0.0003943737837567278,0.021895617381317397
614.0,100.39432059706682,0.00039122933571132624,0.021724118940457067
614.5,100.54262386060103,0.0003882327268604033,0.021560683452363047
615.0,100.04308258818689,0.00038596292419337927,0.021436888189428367
615.5,99.56345876485454,0.0003844163886122217,0.021352539968511216
616.0,99.13538574729559,0.000383299247422416,0.02129161065497837
616.5,98.51394478091026,0.00038247837688845524,0.02124684039717184
617.0,97.55968813636001,0.0003820997849463549,0.02122619177683677
617.5,96.38940621299585,0.0003827212577620195,0.02126008698624008
618.0,95.26865473845278,0.00038450903045504056,0.02135759257644845
618.5,94.53500607431407,0.0003862337131656847,0.02145165682413599
619.0,94.11646637883176,0.00038809787154628724,0.02155332853068897
619.5,94.46305119766457,0.00038931286267676884,0.021619594036390754
620.0,95.35884922305992,0.0003907979608170743,0.021700591699965223
620.5,96.10732519382428,0.00039208791703803503,0.02177094609779425
621.0,96.16904652958112,0.00039299703192385344,0.021820529197069234
621.5,95.82109785178697,0.0003933307870275095,0.021838732491095483
622.0,95.20263109565991,0.00039319175374255257,0.02183114928083807
622.5,94.77739436921554,0.00039308337873044465,0.021825238683494327
623.0,94.6918634770864,0.0003935873830420937,0.021852727346165824
623.5,95.28358338438653,0.0003947107989963019,0.021913998552711617
624.0,96.46711582648223,0.00039646667193266966,0.02200976394614475
624.5,97.97216607843548,0.00039903587581916855,0.022149888957891814
625.0,98.90188262894222,0.00040219096802118125,0.022321967889785892
625.5,98.88015737903389,0.00040483703603277877,0.022466285139602107
626.0,98.21459463024068,0.00040659288560140303,0.022562049176420355
626.5,97.1569487365087,0.0004073669333827544,0.022604265880500515
627.0,97.30654796277831,0.0004066300811766631,0.02256407795000588
627.5,99.78094190771894,0.00040413548019859006,0.022428022014163856
628.0,101.93932764253589,0.00040092740973386655,0.02225305337579807
628.5,102.26224769571228,0.00039800496329598967,0.022093662849934536
629.0,101.62572216649552,0.0003969095664736134,0.022033919665604057
629.5,100.79071777130855,0.0003972277682742233,0.022051274346074037
630.0,100.47358700032127,0.00039794074400202573,0.02209016001536368
630.5,100.46206704699512,0.0003997616837569068,0.022189474463577604
631.0,101.52609436808248,0.00040232535206199873,0.022329297424178544
631.5,104.558968675752,0.00040567406323662657,0.022511936633176383
632.0,108.36179566447953,0.0004101510736687496,0.022756113241434194
632.5,111.3080936503857,0.00041563686053239094,0.023055309194241654
633.0,113.69898607239939,0.0004230029704931012,0.023457057970377497
633.5,113.62544740508619,0.00042803182986010066,0.02373133275335465
634.0,111.84016136322774,0.00043068841298680885,0.023876223013079827
634.5,109.69235002211323,0.00043018799489639466,0.023848930128772764
635.0,107.67075065570543,0.00042875431897994206,0.023770737198517845
635.5,106.74803274891691,0.0004274488462911788,0.023699536482400137
636.0,105.2871655657409,0.00042578893489752904,0.02360900480893997
636.5,103.40683362953821,0.0004244813077301783,0.02353768643099651
637.0,101.73034192853136,0.00042320675739369743,0.02346817205915462
637.5,101.262834232169,0.000421991011955417,0.023401865502259114
638.0,101.86972335344895,0.0004212755605622004,0.02336284478816747
638.5,101.76100740737753,0.00042099617986399596,0.023347607188282965
639.0,100.87161684216073,0.00042079214253687463,0.023336478771116952
639.5,100.0974939681022,0.00042000251452058287,0.02329341262095697
640.0,100.71998151945701,0.000418090874408802,0.02318915162513053
640.5,101.92390705301234,0.00041576142855206195,0.02306210325489429
641.0,101.93591697964938,0.00041364995957742515,0.02294694335876649
641.5,100.38316847142093,0.0004109666090079752,0.022800592959264326
642.0,98.26094939395912,0.00040850280615056025,0.022666216749952537
642.5,96.01745268160676,0.00040647974621564804,0.022555878718833213
643.0,93.65886950820806,0.00040501346912661475,0.022475907696936345
643.5,92.09012988995015,0.00040452833078057895,0.02244944799928853
644.0,90.85035030583207,0.0004043008882255487,0.022437043200090188
644.5,90.14128860450815,0.00040414419408385424,0.022428497292293167
645.0,89.71926429162562,0.0004039582889776267,0.02241835815391874
645.5,89.36566408666546,0.0004036438209121241,0.022401206710725166
646.0,89.08847545874265,0.00040294307977188995,0.022362988277280667
646.5,89.14099148970425,0.0004020050899409926,0.02231183001365946
647.0,89.68986001460173,0.0004006646021380297,0.022238719778017703
647.5,92.13610786853228,0.0003989581142445675,0.02214564740097302
648.0,96.54652765954917,0.00039763956503155494,0.02207373358787454
648.5,100.40820768966336,0.00039615521757843783,0.02199277738715107
649.0,100.61226477822343,0.0003945888546973017,0.02190734730131002
649.5,98.85354447539345,0.00039448233227602867,0.021901537691460245
650.0,96.21401026525481,0.0003961407486568936,0.021991988322530947
650.5,94.30613989955638,0.00039860511635381586,0.02212639537658349
651.0,92.96713978781335,0.00040175999944437845,0.0222984628284956
651.5,93.90074663304263,0.0004039629128615328,0.022418610042875018
652.0,97.12940946413605,0.00040634280524159256,0.022548410103591734
652.5,100.5376192357667,0.00040866692690465694,0.022675168019105744
653.0,101.06303539675898,0.0004099505776854813,0.022745178071104696
653.5,99.72087387218524,0.00041029923248045685,0.022764194145376105
654.0,98.38606062291846,0.00041010388822552757,0.022753540004630046
654.5,98.40261091889532,0.0004096361266614908,0.022728028274827578
655.0,98.38624732280115,0.0004085366460428337,0.022668062383603246
655.5,97.45153382305347,0.00040677221698248283,0.022571829905328994
656.0,96.1707672024864,0.0004043298192204538,0.022438621317462555
656.5,95.74737995119014,0.00040264736203862847,0.022346859582782052
657.0,97.07972454389648,0.00040161917562795535,0.022290782438216927
657.5,100.36065006558292,0.0004013284211248133,0.02227492456950801
658.0,103.38677889329223,0.0004016191929772509,0.02229078347647431
658.5,105.44813051162974,0.00040182333852447667,0.02230191738610556
659.0,106.61766072179137,0.00040181790390289324,0.022301621231667863
659.5,106.29401083778376,0.0004018769966154823,0.02230484381764051
660.0,104.87548615097792,0.0004022067430569032,0.022322828283962495
660.5,102.50859985970965,0.00040287692035002203,0.022359380170192886
661.0,100.28988306636452,0.0004033858832384638,0.022387138861991177
661.5,97.75177733031255,0.00040348501967300815,0.022392545508282128
662.0,96.65765968769362,0.00040236789637632824,0.0223316177213075
662.5,96.39824811066508,0.0003997991452666193,0.022191517626173964
663.0,97.28309640602141,0.0003962758593580201,0.021999357138374386
663.5,98.72830368383059,0.0003942672378594162,0.021889806469649855
664.0,101.24909540427711,0.00039262142458266753,0.02180004351863408
664.5,103.87286396667609,0.0003928025455721146,0.021809921930505478
665.0,106.23896564912991,0.00039580937180646496,0.02197391479136207
665.5,107.29291533214412,0.00040051526810325796,0.022230575412741187
666.0,106.69909575131821,0.00040458246805747403,0.022452401034087827
666.5,105.11184074759123,0.00040764179130507277,0.022619256953618053
667.0,103.24799888189176,0.0004094268226790054,0.022716612659077304
667.5,101.27512335083314,0.00041131090596566606,0.022819370978462317
668.0,100.17054326773683,0.00041237329498239095,0.02287731344966806
668.5,99.42879466600509,0.00041243805810346746,0.022880845909348847
669.0,98.74442861559876,0.0004117205301429378,0.022841711633103074
669.5,98.27873655462687,0.0004106205501023617,0.022781718621878506
670.0,98.11102747816221,0.0004095238416641167,0.022721904064781903
670.5,97.95941313889713,0.00040871551999160455,0.02267781813627121
671.0,98.82381648481956,0.00040777879771272625,0.022626728916234257
671.5,102.31879488783491,0.00040685098282973475,0.022576125969582767
672.0,104.70281407575398,0.00040671865908025704,0.022568909126395663
672.5,104.41737702380948,0.00040797347364837297,0.02263734661234863
673.0,101.26619361959293,0.00041023178885750346,0.02276051565187838
673.5,97.77290530200635,0.00041273187159037453,0.02289687030026084
674.0,96.58716846117154,0.0004152053302557015,0.023031773371837892
674.5,98.47254352897589,0.0004165666066271115,0.023106017674120554
675.0,100.66119671115437,0.0004165604947478203,0.023105684249417346
675.5,102.19654689504094,0.0004161375566424169,0.023082617121062018
676.0,103.00374772045346,0.0004168954678488987,0.023123953638284653
676.5,105.47125546341537,0.00042038849888948235,0.023314464272290142
677.0,110.4357283631368,0.000426534862727034,0.02364968774106689
677.5,113.47176229563141,0.0004316335986822882,0.02392777359728753
678.0,111.83958874008997,0.0004323964916254295,0.023969381983206722
678.5,108.07888781699404,0.00043216064677907155,0.023956518981544158
679.0,104.63629455273738,0.0004318746693841374,0.023940921586993943
679.5,105.67235450466443,0.00043231766375857473,0.023965082732484055
680.0,107.8458443090927,0.0004316992459348484,0.023931353680771306
680.5,105.5095916129725,0.00042908493697944546,0.023788769136958328
681.0,102.20703111672381,0.0004250115943448778,0.023566608353163553
681.5,99.56495962934441,0.00041898740476282857,0.023238048021053663
682.0,99.46567085032618,0.0004161078525524857,0.023080997039146463
682.5,100.71679551066342,0.00041403452333243785,0.022967917075646067
683.0,102.13180400681007,0.00041263881014408447,0.022891794891241133
683.5,102.71118086900961,0.0004121529858735219,0.02286529796809096
684.0,102.49215684972847,0.0004127409062927278,0.022897363201315628
684.5,101.68345060326821,0.00041412818536842036,0.022973025555072343
685.0,100.36260127183792,0.0004160968230221697,0.02308039532185534
685.5,98.73446128949313,0.0004181921191027605,0.023194673482312158
686.0,96.58573907764769,0.00042015501217477493,0.023301729602174873
686.5,94.01105738357684,0.0004213704567583817,0.0233680201904458
687.0,90.78231804046132,0.00042192301797410424,0.023398156843754958
687.5,87.74805802594153,0.0004218057894223832,0.023391763300720254
688.0,85.35694209847252,0.0004209450797148809,0.02334482008220945
688.5,83.83980440921174,0.00041955781635179924,0.023269158559185904
689.0,83.6103202496173,0.0004180297845022643,0.023185819599891702
689.5,83.69476154376218,0.0004161135305915729,0.023081306512680026
690.0,83.80519315505967,0.00041436093340901307,0.022985719684676893
690.5,84.0239134537675,0.00041278305579655846,0.0228996620969493
691.0,84.26169001326993,0.0004107987931805654,0.0227914398226168
691.5,84.19212979868449,0.00040891403042830367,0.022688645037972285
692.0,83.66111350337852,0.0004066580692360748,0.022565604452821818
692.5,83.02289175242895,0.00040281305779582105,0.022355896787333407
693.0,82.40278399143163,0.0003963283159539755,0.02200221816845066
693.5,82.23588118614882,0.0003870113171120448,0.021494067405617594
694.0,83.23156711164152,0.0003765380284269508,0.020922852639197513
694.5,86.60962518879951,0.0003690598695716028,0.020514992758336688
695.0,90.43283236825152,0.0003666692729071035,0.020384609493136745
695.5,93.29842331034172,0.00036793410612947244,0.02045359387095631
696.0,94.8016112055569,0.00037374586798971264,0.02077056806118918
696.5,94.54388508430065,0.00038191064545944876,0.02121587627593099
697.0,93.53059110797729,0.00038672051227611336,0.021478206937022678
697.5,91.67505381734233,0.00039035194657869253,0.02167626591540542
698.0,89.94377485517299,0.00038816259884435735,0.021556858658926217
698.5,88.62157931237145,0.0003798369310600519,0.0211027756545775
699.0,88.53949486406547,0.00036928655328342616,0.0205273562918188
699.5,89.86786052360954,0.00036221236988706623,0.020141529307762616
700.0,92.92792102683958,0.00036024311342395637,0.020034125545476393
700.5,97.38622714175106,0.0003639834766490133,0.020238125577277527
701.0,105.18804263455173,0.0003719331197983439,0.02067170035634337
701.5,112.90908644607016,0.00038167427316669643,0.021202984243560954
702.0,116.11076020437507,0.00038697124773752814,0.0214918822100505
702.5,115.31238066092669,0.00038748141522136387,0.021519706879844593
703.0,112.69270160868258,0.00038785777006835215,0.02154023328868236
703.5,111.14297763263603,0.0003896886297300599,0.021640088500524374
704.0,110.64264846750102,0.0003931065982128663,0.02182650488494117
704.5,109.28313615654596,0.00039559226346134096,0.021962073463363607
705.0,106.82956308401985,0.0003970270190906626,0.022040325580301667
705.5,104.68508072943142,0.00039758879814049634,0.02207096510688739
706.0,102.32132066862248,0.00039772778465704963,0.022078545254602306
706.5,99.98717196307456,0.00039776788715386647,0.02208073262899585
707.0,97.74454081196856,0.0003980887475166744,0.022098232165306646
707.5,96.04828573768171,0.0003981775700642293,0.02210307667974357
708.0,94.56147275812901,0.0003977539345915402,0.022079971477594475
708.5,93.61567691421892,0.00039740448629958927,0.02206091267947394
709.0,92.97451891809658,0.0003971777736528862,0.0220485477874101
709.5,92.67979232159291,0.0003968556331156223,0.022030978351522523
710.0,92.75614981023082,0.00039626226902143554,0.021998615844022924
710.5,93.05166311332573,0.0003953802905080912,0.021950512681690185
711.0,93.28680802933023,0.00039443738000809317,0.021899086244916842
711.5,93.89276250488017,0.0003931647791912027,0.02182967827743364
712.0,95.00854672191812,0.0003919805606367798,0.021765090852662757
712.5,96.3489722360785,0.00039105311965775054,0.021714508097606236
713.0,97.33662853958212,0.00039016689416478454,0.021666173006221152
713.5,97.08473868870922,0.00038924646614814384,0.02161597303380399
714.0,95.52595515282827,0.0003889288478451685,0.021598650145122727
714.5,93.60200386958218,0.00038951652570638556,0.021630702211371658
715.0,91.81521912475418,0.00039125508521963096,0.02172552344102632
715.5,90.7533817157398,0.00039409622096989383,0.021880478976274247
716.0,92.25090400708716,0.00039684870899317254,0.02203060039343698
716.5,95.82836112208138,0.00039988090925782206,0.02219597701882776
717.0,98.73649572713579,0.0004032756298841476,0.022381125623851646
717.5,101.53862734584294,0.0004100167556709774,0.022748787715831543
718.0,103.94575832058378,0.0004198985178872946,0.023287740583451896
718.5,105.01120513778085,0.0004279067675767356,0.023724511525762697
719.0,105.06484949064978,0.00043292580906235955,0.023998251021631268
719.5,105.37475796544918,0.00043351935841511285,0.024030623365293255
720.0,106.33356720099852,0.00043159594774112555,0.023925720021927093
720.5,106.316137729727,0.0004283748338670097,0.02375003982425561
721.0,105.57625375233604,0.0004235533047337607,0.02348707296607065
721.5,104.42026293807163,0.00041746362249474057,0.023154940835395363
722.0,102.1974079685105,0.00041166170031273626,0.022838502989895964
722.5,97.85138949552132,0.0004068933984641542,0.022578439171387448
723.0,95.27460575828377,0.00040511659622550393,0.02248153221036876
723.5,93.09181641303898,0.00040310705539136054,0.02237193132509747
724.0,92.62481785748615,0.0004013754502100559,0.022277489421137837
724.5,93.38588863754653,0.00039996858695339697,0.022200759120378347
725.0,93.65013880946445,0.0003985072465430864,0.022121057247908308
725.5,93.41546152496707,0.00039685686148733113,0.022031045167557137
726.0,93.09135296724212,0.0003949858240726986,0.021928998336200458
726.5,92.68904526344463,0.0003922801956625785,0.021781432932866104
727.0,92.68618945021105,0.00038817274177079344,0.021557411801620022
727.5,94.13399147298688,0.0003844665183544236,0.021355274012437395
728.0,98.27580583681996,0.0003855998004251191,0.021417083086810982
728.5,103.67605526895777,0.0003897336834476689,0.02164254556047466
729.0,109.14601191751618,0.00039435035082961397,0.02189433939827752
729.5,110.88205813732957,0.00039638879513582915,0.022005516585393733
730.0,110.59768572955711,0.0003967070088730956,0.02202287223009634
730.5,109.48948985215937,0.00039740075987559415,0.022060709371870404
731.0,107.68692588264578,0.0003987167212616285,0.022132481903835675
731.5,105.7050746988846,0.0004001515563410176,0.02221073837524491
732.0,103.61081550111206,0.00040124874979972723,0.022270579413450096
732.5,100.6302139877803,0.00040256416891344183,0.022342322316608956
733.0,98.01319235019353,0.0004036222784327423,0.022400032105510264
733.5,96.48290842058762,0.0004043931625382751,0.022442075863104722
734.0,95.32429537003725,0.0004050162548324086,0.022476059600151012
734.5,94.03117437596434,0.00040529709642906123,0.022491376797221692
735.0,92.53504824244547,0.00040498907848579037,0.02247457753758481
735.5,91.67489477904932,0.00040379614922902003,0.02240951485810593
736.0,91.9110758489726,0.00040093829067822237,0.022253646889359754
736.5,94.13800110870501,0.0003957795482435502,0.021972288092475915
737.0,98.6581573997039,0.00038894752972420943,0.021599668777353358
737.5,103.10215201010934,0.00038652784463062586,0.02146769879526643
738.0,106.86041403646085,0.00038938637007616744,0.02162360343024401
738.5,108.94082762463086,0.00039422316147870586,0.0218874028975628
739.0,108.3505254537044,0.0003979105898511061,0.022088515551011642
739.5,106.51283585962389,0.0004005218475183214,0.02223093374811972
740.0,104.94837486982821,0.0004013783959894518,0.02227765028258272
740.5,103.22784147563742,0.0004022302757727117,0.022324111788975906
741.0,101.43839814185327,0.0004027416973770988,0.02235200488380379
741.5,99.0846869187692,0.00040299234530970327,0.022365675261801228
742.0,97.02863442462399,0.0004028839197459544,0.022359761992664148
742.5,95.57305004746252,0.0004025970208026014,0.022344114254714897
743.0,95.44048046185102,0.0004024117654575962,0.022334010366659492
743.5,98.45223414976593,0.00040291147467808806,0.0223612643575982
744.0,101.46304458738193,0.000404112268821712,0.022426755830952036
744.5,102.81261379861719,0.0004054770028224329,0.022501188726178182
745.0,102.60447067664433,0.0004071094105136595,0.022590220588244364
745.5,101.37247078338501,0.0004090519278047589,0.02269616593223376
746.0,100.52110334411304,0.00040957940244509323,0.022724934498239504
746.5,100.95430324376265,0.0004088789700549984,0.02268673254065629
747.0,102.44500711698838,0.0004086354164339834,0.022673449344689914
747.5,103.61774081233193,0.00040898516838671213,0.022692524842699496
748.0,103.19952137970108,0.00040928750052002396,0.022709014011022315
748.5,101.79029016307547,0.00040883417788348513,0.022684289852547213
749.0,99.96917837807283,0.0004079535009237447,0.022636257456065647
749.5,97.83826898904059,0.0004070265108121354,0.02258569914194225
750.0,96.58328174555015,0.0004064262456583138,0.02255296093515448
750.5,96.39529263751119,0.00040603251718835694,0.02253148694843892
751.0,98.93472245863737,0.00040599206841960054,0.02252928067902996
751.5,103.38129927760129,0.00040621098937976394,0.022541220325762598
752.0,106.08195146566915,0.00040623517109477985,0.022542539477254982
752.5,105.39912911564713,0.0004065028610852862,0.02255713919872554
753.0,104.04686937114943,0.00040971355450808303,0.02273225116860533
753.5,102.98122260133057,0.00041526509710169496,0.023035033262835795
754.0,101.8116505650686,0.0004213712989459569,0.02336806639218905
754.5,100.19127250996681,0.0004246084235827714,0.023544619344669133
755.0,98.13151605985482,0.0004261922918339176,0.023631003832140132
755.5,96.92853342174178,0.00042603457613820783,0.02362240214599811
756.0,98.22419155039806,0.00042506935506043025,0.023569758778561132
756.5,100.91226760547826,0.00042440745036605154,0.02353365802312546
757.0,103.79512319480108,0.0004241402549542664,0.02351908538151665
757.5,106.13548419065202,0.00042471396870661163,0.02355037565754961
758.0,107.04438686166154,0.0004267085926419858,0.023659163051802615
758.5,107.86269539234726,0.0004299779295028376,0.023837473135988378
759.0,108.5455901521317,0.00043383416974819176,0.024047792849228086
759.5,107.99513577693861,0.00043639760615483264,0.02418760307784588
760.0,106.14967811405718,0.00043759711727159073,0.024253024489200258
760.5,104.30642717365753,0.0004374680329838193,0.024245984182812312
761.0,102.36521267638732,0.0004372252097337077,0.024232740671765438
761.5,101.58176813556156,0.00043733390799953297,0.024238669278868665
762.0,102.0286301458612,0.0004382321798375878,0.02428766105646335
762.5,102.73821959623437,0.00044009769235009606,0.024389406461740183
763.0,103.27502976176311,0.0004425664733170683,0.024524054114618474
763.5,103.75730421773117,0.00044516738826936875,0.024665908728484263
764.0,103.28097156075208,0.00044688177556415933,0.024759411357160276
764.5,102.30413550237756,0.0004487976674665088,0.024863904198932453
765.0,102.01056307629464,0.0004498557166240123,0.02492161046571966
765.5,103.04993647303,0.00044900905489791835,0.024875433572744625
766.0,105.70375107221139,0.0004444746338057702,0.024628125775252047
766.5,108.60331764028668,0.0004388866557974614,0.024323356525758722
767.0,110.91515211020406,0.00043354943364757703,0.024032263339803267
767.5,111.49453156705931,0.0004310430535398303,0.023895565116490054
768.0,110.14292721415181,0.0004302387673137757,0.02385169931319744
768.5,107.99613916672983,0.00043052732684200956,0.023867437494445896
769.0,105.93120592078967,0.00043139810217979077,0.023914929655595104
769.5,104.16201223084391,0.000433234874091707,0.024015107534376284
770.0,102.43145004782302,0.0004364936441649527,0.024192841219656244
770.5,101.03032138848344,0.0004405410093259469,0.02441358496550873
771.0,99.24562640091843,0.0004464526802769884,0.024736008426632542
771.5,98.38544652662733,0.00044943941243538564,0.024898905357261168
772.0,98.07444828785766,0.0004516384998891144,0.025018843701877132
772.5,98.69558421143667,0.00045262705527291725,0.02507275974291784
773.0,99.66831116573486,0.0004529137681896048,0.025088397012502976
773.5,100.3811098736742,0.0004524304575891787,0.025062037201675335
774.0,102.18257794515023,0.0004502908565569973,0.024945343272989296
774.5,105.49239821463509,0.0004456240407613576,0.024690814546917607
775.0,109.56764383593497,0.00043960034894277073,0.024362281118986504
775.5,113.74718126642033,0.00043345328530513985,0.024027019583527338
776.0,117.31120329880149,0.00042907218766031287,0.023788073844277575
776.5,119.69212891775773,0.0004270111469303496,0.0236756643750399
777.0,119.20587534984749,0.00042707827392368105,0.02367932560289883
777.5,117.6961346246367,0.00042835003614594824,0.023748687615130763
778.0,115.19695710647746,0.0004300735809302878,0.023842689887758273
778.5,111.73697677783679,0.00043190855558085,0.02394277005111121
779.0,108.92147742883908,0.000433550707225462,0.024032333090381386
779.5,106.88139707745228,0.00043538920496491267,0.02413260500963577
780.0,105.36136335540677,0.00043627498805229846,0.02418091571894441
780.5,101.93017481562548,0.00043585749808843914,0.024158145650827866
781.0,98.01767407481098,0.0004351706026982382,0.02412068244600821
781.5,95.37478464607891,0.0004357836823532633,0.024154119797035533
782.0,94.44800503617883,0.00043844434314126857,0.0242992324743805
782.5,94.60254897884155,0.0004406591856898781,0.024420030456852523
783.0,94.61055443761767,0.0004424347574752574,0.02451687024476291
783.5,94.46397524253153,0.00044292761334911344,0.024543750881975867
784.0,94.4114502621344,0.00044307781409714186,0.02455194264579605
784.5,94.10367974533168,0.0004423690961438814,0.024513289197553294
785.0,93.55962959453491,0.00044065645804310284,0.024419881817901008
785.5,93.04157123141432,0.00043792368545465213,0.024270835796724278
786.0,92.62068666004326,0.0004339604146194798,0.0240546786213438
786.5,92.4174631166593,0.0004301828542483454,0.02384865004125983
787.0,92.39892493317615,0.00042730003432839373,0.023691420493552537
787.5,92.21652945304851,0.0004256124451221628,0.023599378869572762
788.0,91.83089862735115,0.00042382173016621406,0.02350171298389319
788.5,91.49874577030076,0.00042254127454590887,0.023431876943454288
789.0,91.36923020406667,0.00042220821414847053,0.02341371169499703
789.5,91.44131638738772,0.0004226698251795982,0.023438888034173513
790.0,91.99497033859666,0.0004234828174533994,0.023483228960955987
790.5,95.7152011217213,0.0004243636333589305,0.023531268770813712
791.0,101.25701857455394,0.00042554720893999294,0.023595820880151646
791.5,105.61305870225051,0.00042767908911207,0.023712093803355958
792.0,106.84087304601312,0.00043096206578353006,0.023891147956923965
792.5,106.22521799581962,0.00043276473011401203,0.023989465480416826
793.0,105.37495189782129,0.00043247552334210824,0.02397369196920029
793.5,104.79387660998864,0.0004314805617361185,0.023919427007236333
794.0,105.35661484434985,0.0004311395215227373,0.02390082674861669
794.5,106.89927716548873,0.00043097613604652107,0.02389191530958595
795.0,106.20023382919148,0.0004308940624166735,0.02388743915254333
795.5,104.27544110541024,0.0004309195531186109,0.023888829483680773
796.0,102.15637310342123,0.0004310615221375918,0.023896572273894603
796.5,102.31065402223149,0.00043008199719045366,0.023843148697363124
797.0,106.2218592446279,0.000426366143861365,0.023640485661229362
797.5,109.94397652655353,0.00042150020414637277,0.023375096641247144
798.0,110.00469970368967,0.00041963287638447483,0.02327325220824252
798.5,108.44709559943196,0.00042074421892160477,0.023333865209984175
799.0,105.66126566489734,0.0004241632517620131,0.023520339555461428
799.5,102.88929577833507,0.0004288415092508777,0.023775492436797826
800.0,101.94620980125109,0.00043300558632033514,0.02400260182154979
800.5,101.605295454859,0.00043741392562091845,0.024243033453100544
801.0,101.07315729173231,0.0004385435134193728,0.024304641487268835
801.5,100.35686118836993,0.000435545161109464,0.024141110744904975
802.0,100.18629101094521,0.0004314576362996672,0.023918176652138225
802.5,101.27527052517868,0.00042631075013653834,0.02363746431406593
803.0,102.80467472477986,0.0004215951759323778,0.023380276261247803
803.5,103.70068288867853,0.000416219436110218,0.023087082861667642
804.0,102.96514322407955,0.0004121860587452101,0.022867101803544596
804.5,100.88347782786563,0.00041028931577464665,0.022763653174334254
805.0,98.94845274173143,0.00040930959937267823,0.022710219018853343
805.5,97.9297493333611,0.00040967691301799534,0.022730252506041482
806.0,97.97624226138291,0.00041288664103168363,0.022905311601839142
806.5,98.42473054194771,0.0004196626740938352,0.023274877679139674
807.0,98.83334412454309,0.00042720627261706436,0.023686306466427828
807.5,98.88216784789161,0.00043328154530674154,0.024017652856714478
808.0,98.50325386531897,0.0004365574928301967,0.024196323470692494
808.5,97.88883210206508,0.00043779937730020556,0.0242640558058347
809.0,97.2095930974258,0.00043698515646499713,0.02421964833853805
809.5,96.56492021667822,0.00043394791500715214,0.024053996847960182
810.0,95.69757299792649,0.0004283772438019404,0.023750171351619397
810.5,95.09903176805264,0.00042293436463719134,0.02345331592990131
811.0,94.83500752482607,0.0004173764626689973,0.023150187165199745
811.5,95.14242405185303,0.00041312564369560374,0.022918347044425042
812.0,96.31721001980058,0.0004116164861780051,0.022836037329964143
812.5,98.81074212028675,0.0004134221836158617,0.022934520091142833
813.0,102.69532676443926,0.00041666123793852075,0.023111178594042183
813.5,106.94621936980384,0.0004210353296720477,0.023349742261862642
814.0,109.55200495121046,0.0004256453125253411,0.023601171401645436
814.5,110.1457409482095,0.00042858829700631915,0.023761682314607787
815.0,109.8438295311335,0.0004298243324929751,0.023829096140800234
815.5,109.4192887512598,0.00043010680521160554,0.023844501904356146
816.0,109.2918023249359,0.00043046370770551216,0.02386396726671123
816.5,110.3337292488443,0.00043105343846357906,0.02389613182350041
817.0,111.46206832057925,0.000431870229778877,0.02394067925247674
817.5,111.33182279161628,0.0004333452574190695,0.02402112771442756
818.0,110.29660988271857,0.00043519032680746717,0.024121757834029308
818.5,108.48742079813374,0.0004375407871403167,0.024249952402964958
819.0,107.81649280717293,0.00043984931068879974,0.024375859475470798
819.5,111.0680033139479,0.00044103623453994574,0.024440594612085264
820.0,113.81803042330786,0.0004415407112745638,0.024468109176604476
820.5,114.07019618474853,0.0004407914838163252,0.02442724609273133
821.0,112.20296581407463,0.0004396313240508238,0.024363970842770987
821.5,109.13487110817826,0.00044039385768662314,0.024405559189124782
822.0,107.01119740278023,0.00044252202953021046,0.024521629895053822
822.5,106.30730021683512,0.0004464174920528358,0.024734089251185334
823.0,106.45793937384535,0.00044998687200132476,0.024928763895732366
823.5,105.48174594780197,0.00045269345047323076,0.025076381025087375
824.0,103.5577788228816,0.00045410304019077765,0.025153260290476005
824.5,101.24198143881404,0.00045436355105498495,0.02516746858011256
825.0,100.46217319213689,0.0004538600130270144,0.025140005514850728
825.5,100.06964307284109,0.00045273740327179024,0.025078778136620784
826.0,99.43424758820032,0.0004508274204175771,0.024974607583127164
826.5,98.30362140865199,0.00044848325065332596,0.02484675619128397
827.0,97.42623900308054,0.0004460201233919757,0.02471241669175373
827.5,97.75369684471889,0.00044344940168934135,0.02457220906890164
828.0,99.12194429107512,0.00044032955431448775,0.024402052163084373
828.5,101.57215356519102,0.0004380397160573442,0.024277163978154524
829.0,103.5473972195293,0.0004379791879917905,0.02427386292852228
829.5,106.89899028849781,0.0004398108436240944,0.024373761915941844
830.0,110.04578578213508,0.0004429801263374798,0.024546615017841156
830.5,112.57203206774362,0.0004478534216685796,0.024812405149170904
831.0,111.85581460836406,0.0004513099190802444,0.025000922996008045
831.5,110.46178370374913,0.00045402410026950025,0.02514895477617165
832.0,109.74655683506776,0.0004558206928950508,0.025246941330707873
832.5,109.36506881243567,0.0004574594676900813,0.02533632054106023
833.0,108.52726340619303,0.00045888284229207515,0.02541395154153143
833.5,107.69419218166357,0.0004599839956124522,0.025474008162211754
834.0,108.54431084291774,0.0004604212626293893,0.025497857015732824
834.5,111.32755594723612,0.0004604100733112918,0.02549724663745253
835.0,111.96030449247492,0.00046092326876895085,0.02552523650831262
835.5,110.26511899205569,0.0004618773141905345,0.025577270518086555
836.0,107.45962566251039,0.0004621112314730962,0.025590028352521468
836.5,103.7670237950267,0.0004617803236951496,0.025571980663119474
837.0,100.94035590565682,0.0004614203952743812,0.025552349851834178
837.5,100.12881737987449,0.00046194088034517516,0.02558073716827734
838.0,101.64454690102859,0.00046346820576221556,0.02566403812518969
838.5,103.55736703695307,0.00046452086559891167,0.02572145019299777
839.0,104.43244224723881,0.0004653604567969979,0.025767241523483697
839.5,105.0069219897305,0.0004653669988954195,0.025767598558463518
840.0,107.05515414193347,0.0004647757347828241,0.025735350685161317
840.5,109.47168883181413,0.0004646148279810034,0.025726574562545745
841.0,111.0830342270553,0.00046399765463003747,0.025692913923467058
841.5,110.07953561672312,0.0004632615590688798,0.025652767357469436
842.0,108.01176686669403,0.0004633919681807099,0.02565987979082224
842.5,106.50954868999344,0.0004645684444818922,0.02572404513874515
843.0,104.91536378153478,0.000466035603995493,0.025804064199830726
843.5,103.40172462751055,0.0004675403104941638,0.025886131079095095
844.0,101.33867270732573,0.0004692582953734844,0.02597983012714172
844.5,99.31801730152408,0.00047069317837642686,0.026058088969894908
845.0,97.9046374113255,0.00047113505626509026,0.02608218912598009
845.5,98.04851387536388,0.00047052929877547313,0.02604915074064601
846.0,99.6432647837269,0.00046923510968243986,0.02597856561591794
846.5,100.70467774916001,0.00046673960829813444,0.025842460348495917
847.0,100.68950302785419,0.00046271288575205194,0.02562284275922774
847.5,100.06299159802597,0.00045637505955528965,0.025277176612785782
848.0,99.24336538909957,0.0004468230352457566,0.024756207543634192
848.5,99.41975401482402,0.00043821337221245857,0.024286635509044516
849.0,100.0739068831262,0.0004323561680305831,0.023967182751932437
849.5,100.90220521947948,0.00042953248435059684,0.023813178463859302
850.0,101.65059203731315,0.00043211750136759743,0.023954165449097578
850.5,102.14435199665174,0.00043807749919143877,0.02427922487491025
851.0,102.3665678232027,0.0004424835005942269,0.024519528817284687
851.5,103.848775719572,0.0004457047535501951,0.02469521639988299
852.0,107.20483543624854,0.00044712096469789054,0.024772456838773854
852.5,109.72571012415867,0.00044693004370643485,0.02476204413267026
853.0,109.76367787543124,0.0004462537382431396,0.02472515816346891
853.5,108.22364161756272,0.00044590447096813613,0.024706109249312366
854.0,106.12403154191297,0.0004459357203112957,0.024707813479691147
854.5,104.27969402176763,0.000446177691421789,0.02472101057807828
855.0,103.89174619859655,0.0004461743577309799,0.024720828868042395
855.5,103.88144503264843,0.00044589429532138205,0.024705554358080195
856.0,104.29544617878048,0.0004457862973113371,0.024699663856488006
856.5,106.27410054246813,0.00044699170942166024,0.024765407399759524
857.0,109.60098123313949,0.00044983779547619346,0.02492063322340225
857.5,113.09531427295744,0.00045355859954298065,0.025123566271526572
858.0,115.5925715017195,0.00045533640839293555,0.02522052831631051
858.5,118.87310066790897,0.00045566598345461116,0.025238503343820624
859.0,121.07582618193993,0.0004563880418676273,0.025277884623838197
859.5,119.77599462369056,0.00045852729800811756,0.02539456020782371
860.0,115.41173872434764,0.0004629687160210205,0.025636795590800673
860.5,111.89892478400438,0.00046704267660907663,0.02585898985966843
861.0,108.88818560677338,0.0004713651631300661,0.0260947387838858
861.5,106.52692296845223,0.00047358734801842536,0.02621593749433796
862.0,104.61201134564725,0.00047158074792698736,0.02610649711182203
862.5,102.94949732405472,0.00046606050405411964,0.025805422435113273
863.0,102.02994666274144,0.00046081966252998563,0.025519585887332823
863.5,100.90214109570016,0.00045488273916487627,0.025195785150517697
864.0,99.65273450364998,0.00045016047680472874,0.024938232287325158
864.5,98.96887748453848,0.0004468415457208264,0.024757217238801654
865.0,99.49891993676812,0.00044493738337815454,0.02465336413602085
865.5,100.83049387926565,0.0004438246649119527,0.02459267631693832
866.0,100.75867384744626,0.0004439967542341409,0.024602062251363455
866.5,99.48905234440319,0.00044499014493405443,0.02465624160528332
867.0,97.90051517164531,0.0004465806319529307,0.024742987053950106
867.5,96.44293111578249,0.0004482812502683404,0.024835739120995747
868.0,95.72176530003071,0.00044864713012650087,0.024855693994609962
868.5,95.20525188652415,0.0004482643387730288,0.02483481660740185
869.0,95.14630398568389,0.00044811562928030914,0.024826705881768028
869.5,96.46350434750417,0.0004482504757382734,0.02483406070205408
870.0,100.39346529356521,0.00044864509469874105,0.024855583034127698
870.5,103.49032105853605,0.00044971302050355623,0.02491382794249494
871.0,102.92001272626018,0.00045184142056336405,0.025029911337785104
871.5,99.92082671321857,0.00045382756996219844,0.025138236199684992
872.0,95.44961801346896,0.0004545834930591942,0.025179464403923678
872.5,92.62919326464608,0.00045449213919795945,0.025174481918532613
873.0,91.99303027389718,0.0004539262509859702,0.025143618302844353
873.5,96.02945086452505,0.00045264217328490407,0.025073584487560766
874.0,101.2658212347136,0.0004511593246325445,0.024992709515857994
874.5,104.43765787123284,0.0004498151746176916,0.024919399380835
875.0,106.18983197674618,0.0004490698415392696,0.02487874892615623
875.5,108.65676555096191,0.00044993477527912804,0.02492592255757329
876.0,110.95855750151799,0.00045402387692051126,0.025148942859683394
876.5,111.96341029760609,0.00046081454784110444,0.025519307028816562
877.0,111.86894360012712,0.00046759155194592045,0.025888925766200853
877.5,111.44510882071778,0.0004705905219291685,0.026052490057520323
878.0,110.14170977861075,0.00047238507952284623,0.026150365568585677
878.5,108.29059264229625,0.0004705476126298123,0.026050149711278524
879.0,105.76253070793845,0.0004638775776112098,0.02568636481571672
879.5,104.14812508205353,0.0004550259614260517,0.025203596342881003
880.0,103.59626029070961,0.00044671522251916415,0.024750327401786728
880.5,103.85778013390805,0.00043942827100068924,0.024352896097232738
881.0,104.48747717283383,0.00043542430534905714,0.02413451942837748
881.5,104.43929251251743,0.0004334186355456013,0.02402513001633032
882.0,102.80910764646826,0.00043147250663893037,0.023918987576188513
882.5,100.30313436092432,0.0004296171792687662,0.023817797830591896
883.0,97.71164534090738,0.00042792539778472834,0.023725527846944407
883.5,95.3331552498933,0.00042597381330961335,0.023619087881695065
884.0,94.20724954161031,0.0004242518576862675,0.023525172255822496
884.5,93.48145788402122,0.00042183551567712363,0.023393384662317458
885.0,93.37236732174567,0.0004196401847218481,0.023273651026457415
885.5,93.57530453706943,0.00041721281407419307,0.02314126169972304
886.0,94.24823371723757,0.0004149561242265029,0.02301818160792258
886.5,95.10335557903146,0.000413367100098426,0.022931516010365957
887.0,97.56949160285524,0.00041217136731541416,0.022866300649456238
887.5,103.49593135004075,0.00041144636926783597,0.022826759069791692
888.0,108.06311056125925,0.00041248128430444443,0.022883203660656493
888.5,110.62398028695355,0.0004168651508940633,0.02312230021024969
889.0,110.92834402069906,0.0004222557563158495,0.023416304488787988
889.5,110.16406680371493,0.0004280417715389294,0.02373187442352032
890.0,108.46321625338379,0.00043231539145333026,0.023964958576602687
890.5,106.34659234925059,0.0004346761221795947,0.024093713070154323
891.0,103.6047227836188,0.00043561440060585103,0.02414488687132917
891.5,101.60424047188218,0.00043532871291298555,0.02412930562469717
892.0,99.21026348544774,0.00043464506926417106,0.024092019773172588
892.5,97.93353086487781,0.00043396162257109154,0.024054744252444717
893.0,96.95954732393608,0.0004333986398467867,0.024024038975113675
893.5,96.46891815344902,0.00043354930973083406,0.02403225649233732
894.0,96.01688879548905,0.0004340746427243092,0.024060908478581545
894.5,95.34809486358738,0.00043480605976626896,0.024100799840182947
895.0,94.39313636800566,0.00043582293035887516,0.024156260182554325
895.5,94.85698618529018,0.00043707708089327934,0.024224661822517864
896.0,100.26062624437115,0.0004388341245227949,0.024320491148517722
896.5,108.16270834155493,0.0004415796924674889,0.024470235332623325
897.0,108.2093945552875,0.0004436254522228695,0.02458181114544578
897.5,105.92309300773864,0.00044661985347474995,0.024745126135444558
898.0,103.53378408887814,0.00044917174406487097,0.02488430667371008
898.5,101.89244061910301,0.00045096598652178977,0.02498216464597577
899.0,100.80868925138292,0.00045304941136496544,0.025095795557070207
899.5,99.4782048949843,0.00045467025543722813,0.025184196231529964
900.0,98.02537769520444,0.00045553437415121577,0.02523132528905775
900.5,97.86654286989204,0.0004551862845368505,0.02521234086740246
901.0,98.14294739975773,0.0004546197814360813,0.02518144344803614
901.5,97.41838400106671,0.0004546700437445257,0.02518418488664346
902.0,96.26295138490578,0.00045553241437624125,0.025231218508229028
902.5,94.92989561395117,0.0004563718200391575,0.025276999958131357
903.0,93.884955295787,0.00045635952772829085,0.025276329589115912
903.5,93.77768361510464,0.0004559031978618993,0.025251441137410045
904.0,99.67076554959255,0.00045774880102163277,0.025352100465206005
904.5,117.51033311169002,0.0004621050632520302,0.025589691624228663
905.0,125.85101556021674,0.0004648031114188414,0.0257368438297799
905.5,124.49231668818284,0.0004658464112162129,0.025793745469504505
906.0,120.34189057318376,0.0004662256121442146,0.025814427294208648
906.5,116.07321809796214,0.00046586854288344315,0.025794952587550334
907.0,111.60104117233138,0.0004648551547764343,0.025739682058409725
907.5,106.8740614850406,0.0004631489340942034,0.025646624791207894
908.0,103.69818544442649,0.00046104896073617284,0.025532091951137224
908.5,101.63200857036657,0.0004583762394683743,0.025386321224333513
909.0,100.88998121976731,0.0004558629760058429,0.025249247314729932
909.5,100.63385993365833,0.00045288970924577755,0.025087084830802305
910.0,100.42701797383268,0.0004498009638750873,0.024918624267378037
910.5,100.26861926342313,0.00044719691908865037,0.024776599599460544
911.0,100.43571954411952,0.00044571809480984905,0.024695944025790492
911.5,100.75040557160919,0.0004454306823880667,0.02468026862862027
912.0,101.0877355179125,0.0004478421923334916,0.024811792460798756
912.5,102.50310436019609,0.00045215902095071235,0.02504723338476825
913.0,104.8628131566077,0.0004565236712983912,0.02528528168223622
913.5,106.00968112263844,0.00045661780844078527,0.02529041620513188
914.0,104.83955036343681,0.00045511769552104196,0.0252085998001872
914.5,103.01446179585638,0.0004545053324767216,0.02517520146230517
915.0,100.97149258974757,0.0004542776893979159,0.0251627857012978
915.5,98.69974963529206,0.00045401102019718576,0.025148241519461878
916.0,96.61994234533219,0.00045375128461597484,0.025134075406536543
916.5,94.92477697410162,0.00045336865811865376,0.025113207044187107
917.0,93.50769013419217,0.00045273697572257557,0.025078754740332287
917.5,93.2659328268685,0.0004522379952516113,0.025051540143805662
918.0,94.93591811848516,0.00045175205941673014,0.02502503759612605
918.5,99.53653592466935,0.00045195909981076543,0.02503632915813656
919.0,106.70719402122465,0.0004543251556271922,0.02516537438953978
919.5,115.22600084247938,0.00045924946476444287,0.025433947078746584
920.0,119.14363022164986,0.00046435947916797994,0.02571264795049642
920.5,118.1576751947044,0.0004674857069401676,0.025883153023329008
921.0,116.35843497080202,0.00046839986686249334,0.025933011467581688
921.5,114.71233545553267,0.0004689385176096598,0.02596238949521706
922.0,113.51415158514168,0.00046864807673612435,0.025946548822281056
922.5,111.98044025993062,0.0004677278626571126,0.02589635993431913
923.0,109.48459080350543,0.00046647568376744967,0.02582806619742837
923.5,107.2129883472038,0.00046483093595123,0.02573836119699908
924.0,107.00560291765868,0.00046282843363127724,0.025629144245683314
924.5,106.396585121502,0.00046031025085030745,0.025491802553179576
925.0,104.04127867480733,0.00045729185510013786,0.02532717859102378
925.5,100.7056736228376,0.0004537933380418293,0.025136369011753704
926.0,97.92554705534569,0.00044983444966945415,0.02492045074200293
926.5,96.9967865202936,0.0004459261855913212,0.02470729343681982
927.0,96.80585457755384,0.0004415544745683561,0.02446885978435385
927.5,97.02643881377988,0.0004386930502175615,0.02431279709823469
928.0,98.68504732095039,0.0004383109030881813,0.0242919545181287
928.5,101.09932797867053,0.00044174562187820394,0.024479284707544083
929.0,102.07316007674902,0.00044759287403028144,0.02479819462001324
929.5,102.47846485261985,0.000456534614979678,0.025285878629210782
930.0,101.79180838011644,0.0004616603429410597,0.025565436757211638
930.5,100.6384113479885,0.00046485763224460026,0.02573981772107769
931.0,99.51473225964787,0.0004671109245017596,0.02586271205058243
931.5,98.59290647708204,0.00046843723285313097,0.02593504916846352
932.0,97.83214828074033,0.00046914667559745166,0.025973742442614443
932.5,97.65832860619908,0.0004686039106131839,0.025944140256256153
933.0,98.7913123785805,0.00046677997639763615,0.025844662417434255
933.5,101.45978405807969,0.0004632471337491245,0.025651980811125387
934.0,103.42163779165814,0.00045914534485189134,0.025428268467176142
934.5,105.09932351956122,0.00045444871423620803,0.02517211347193465
935.0,105.68259385896802,0.0004503955515458702,0.02495105345062931
935.5,105.49001379038437,0.00044672991223389155,0.02475112904323116
936.0,104.92028621863896,0.00044533651200177036,0.024675132492000325
936.5,104.40274185243469,0.00044710529942051306,0.024771602381696817
937.0,105.0207481315093,0.00045222944948416924,0.0250510745692906
937.5,106.30549423586679,0.00046247817301577705,0.025610041130416514
938.0,107.12863369247522,0.0004745623751071098,0.026269115552280096
938.5,107.64103919254244,0.0004830006597908641,0.02672934080984874
939.0,106.9433738997584,0.0004863351417803446,0.026911203810537552
939.5,105.43724138321994,0.0004846825843542274,0.026821073142274054
940.0,103.06198498359136,0.0004803627441248775,0.026585468689272317
940.5,99.7462141363477,0.00047363947430549124,0.02621878054520511
941.0,98.07077740450774,0.0004681526160763231,0.025919526305762556
941.5,98.42556957087321,0.0004640006756346683,0.025693078959885575
942.0,99.8295365877486,0.0004623538591685307,0.02560326093809672
942.5,100.63674922681784,0.00046162080322908886,0.025563280167786032
943.0,100.82821559972214,0.00046110703975652277,0.02553525957829746
943.5,102.54039135333714,0.00046090369619907016,0.025524168855977716
944.0,104.81987226969417,0.00046146635696657387,0.02555485678594217
944.5,106.4009890915314,0.00046223945690856315,0.025597021606415277
945.0,108.41490832234646,0.00046303928180180064,0.025640644185711756
945.5,110.61755131025463,0.000463557578815294,0.025668912034942537
946.0,111.4207958051192,0.00046415656977281895,0.025701581186536922
946.5,109.51528399394981,0.0004645290697901566,0.02572189774478328
947.0,106.75568140045533,0.0004640454024949317,0.025695518216507285
947.5,104.19203515170138,0.0004626049839744837,0.0256169574690581
948.0,102.51696360954183,0.00046078075480225996,0.025517463678248593
948.5,99.83590804249116,0.00045768008335916443,0.025348352663926384
949.0,96.98157256165234,0.00045411449099011763,0.025153884916685944
949.5,94.83002366928187,0.00044920792474304643,0.02488627974569176
950.0,94.1049970630264,0.0004425900410742288,0.024525339550947513
950.5,94.21105905847986,0.00043448052092972525,0.024083045245173983
951.0,94.7132945717593,0.0004282911503904118,0.0237454761144489
951.5,94.9386158123439,0.000425513103661594,0.023593960776252806
952.0,95.57043969327952,0.000423398525980611,0.023478631641477867
952.5,96.85234292873139,0.00042388798499454726,0.02350532669062163
953.0,99.36460550110347,0.0004268675651717463,0.023667833220512538
953.5,101.50664074865566,0.0004302622379854985,0.023852979340174014
954.0,103.84026814097459,0.0004343874603486291,0.02407796974043159
954.5,104.35341939976381,0.00043717359025502434,0.02422992540150532
955.0,103.43917080773777,0.00043943498791818524,0.024353262669936055
955.5,102.43076587105602,0.0004408329330958491,0.02442950651132154
956.0,101.5482388707506,0.00044210736307629913,0.024499014402382762
956.5,101.3437754588449,0.00044288972974762476,0.02454168457320013
957.0,100.97990386763763,0.0004437171575765939,0.024586812617314796
957.5,100.71549474739652,0.0004446661302352082,0.024638569814449143
958.0,101.19520948901013,0.0004459292579611496,0.024707460940928263
958.5,102.71535350964143,0.00044770542142327536,0.02480433335440657
959.0,104.87401813613087,0.00045037576243235747,0.024949973779909217
959.5,108.25269749057452,0.00045504824071733257,0.02520481158586344
960.0,110.99116556250209,0.000460487844315013,0.025501488517540923
960.5,112.72118337681896,0.00046747397082461004,0.025882512852752688
961.0,111.82553493712464,0.00047238298267527257,0.026150250903852503
961.5,110.07305161497166,0.0004761060856169964,0.02635330947199105
962.0,108.02635146039583,0.00047810775638853576,0.026462481030761244
962.5,105.58784933053364,0.0004795434005821766,0.026540781243982035
963.0,103.31498668617871,0.00048062167287545753,0.026599590536479083
963.5,102.13107336302474,0.00048089875584968113,0.026614702597785863
964.0,101.3202466787557,0.0004801688864403779,0.026574895365820052
964.5,100.14810257765508,0.0004778865473744921,0.026450416325910046
965.0,98.7940342573101,0.00047432177900921086,0.026255993030394758
965.5,97.67574605058905,0.0004693594759394245,0.02598534841908117
966.0,97.95824594925634,0.0004630437140868762,0.02564088608457337
966.5,100.16191043216021,0.00045660753137570894,0.025289855558571914
967.0,102.90461536269768,0.00045331781319336167,0.025110434033363577
967.5,106.99914492155636,0.00045597795730032087,0.02525551853295316
968.0,110.66545234874857,0.000462272274174255,0.0255988117701156
968.5,113.18530150792341,0.0004705758530894277,0.026051690082987505
969.0,112.17110253683784,0.00047455373406319213,0.026268644302969973
969.5,109.65639321234542,0.0004758934997505557,0.026341715080200008
970.0,107.09847111168348,0.0004769604878515401,0.02639990877387237
970.5,105.4164141128013,0.00047824475619148097,0.02646995299021939
971.0,105.99181445534718,0.0004798284026537518,0.026556325569808085
971.5,107.44753757990354,0.0004810980676224127,0.026625572970701176
972.0,108.18134082879257,0.0004820964336462565,0.026680023854439374
972.5,109.13957748550347,0.00048218185774496906,0.02668468316089382
973.0,110.8195029223665,0.0004814793562108092,0.026646368855744253
973.5,111.20572800958396,0.00048038311355083884,0.026586579409634978
974.0,109.87109424940284,0.0004794332946139898,0.02653477615220149
974.5,107.44885075629607,0.0004782789931709502,0.02647182025284736
975.0,105.0235620349158,0.0004767850401960404,0.026390339918631732
975.5,104.22400518066807,0.0004745473777679668,0.02626829770468539
976.0,105.23806926095112,0.0004730289492758693,0.026185482154500325
976.5,106.42198742385152,0.00047143244160485596,0.026098408306571876
977.0,105.98363376035121,0.00047081052883731026,0.026064489177939784
977.5,104.48661491448478,0.00047139849608812006,0.02609655719871853
978.0,102.33170343800866,0.0004718557683693925,0.026121496981434653
978.5,100.51913215957553,0.00047209191951559377,0.02613437652752982
979.0,99.55839102224228,0.00047231040254450384,0.026146292621852953
979.5,100.14723420999056,0.0004722651278008565,0.0261438232882777
980.0,101.45697740235516,0.00047164562170623914,0.02611003530284098
980.5,103.82610929117311,0.00047009821654641807,0.026025639468959062
981.0,106.65512288845146,0.00046820429340306444,0.02592234488671915
981.5,109.00487550461857,0.0004665329633022579,0.025831190165617517
982.0,110.0778626731079,0.00046564894728502417,0.025782975547342997
982.5,110.66081775858521,0.0004664515808059839,0.025826751382726706
983.0,112.25612501033295,0.00046828844420840706,0.025926934341683378
983.5,113.55795690022494,0.00047169516282788583,0.026112737358016513
984.0,112.51437243281846,0.0004754696284210019,0.026318597502128983
984.5,109.2362482805663,0.0004793654989020232,0.026531078787801577
985.0,105.26965641736714,0.0004816715566223145,0.026656851069204988
985.5,103.63623502200203,0.0004825851088159125,0.02670667634333489
986.0,102.85132764448207,0.0004824776701864241,0.026700816801146058
986.5,101.47677145203843,0.00048127848468859375,0.026635413297851195
987.0,100.13313150343873,0.00047945269749687683,0.02653583471209946
987.5,99.06619588380755,0.0004773765531180514,0.02642260118982539
988.0,98.90757204157231,0.0004746899039411366,0.026276071004358234
988.5,100.26811403807608,0.0004711179365720586,0.02608125568327169
989.0,101.83966270006134,0.00046795325426151366,0.025908653087224943
989.5,102.43289245143525,0.0004656201878088077,0.025781407449205495
990.0,102.0325416540727,0.0004649497164373958,0.025744839574235404
990.5,101.39153379826952,0.00046765717336960476,0.025892504849304616
991.0,100.680956030387,0.0004730446680910111,0.026186339574228466
991.5,100.25917345120305,0.0004768047584258713,0.026391415418154957
992.0,100.33969489257322,0.00048005208202887666,0.026568524877001756
992.5,103.81901666882332,0.0004836216948005687,0.026763212340499817
993.0,113.08479383104883,0.00048737490187860484,0.02696791281127019
993.5,123.10654032414713,0.0004897996169703845,0.02710015684092581
994.0,123.86089783814488,0.0004893691160269072,0.027076677486945804
994.5,120.2165760125325,0.0004886883546740115,0.027039548717899937
995.0,113.92512607340495,0.0004884459334549456,0.027026326718890433
995.5,109.16394350037693,0.0004871956897443221,0.026958138549279666
996.0,105.79230784488415,0.00048423372723592804,0.02679659241597702
996.5,103.63751812318205,0.00047989942735429653,0.026560199289761385
997.0,101.70217830962663,0.00047540500652583405,0.026315072691163843
997.5,99.59022097848879,0.00047119897416584357,0.026085675276495413
998.0,98.24471676408281,0.0004683654400026535,0.02593113366079413
998.5,97.52151881487097,0.0004653287183048349,0.025765510342076216
999.0,97.89303799034408,0.0004625388422762076,0.02561335035603412
999.5,98.98724833822044,0.00046199581600569735,0.0255837336543129
1000.0,100.65142925074794,0.00046315013524119716,0.025646690234396242
1000.5,102.92952449990969,0.00046602275379652755,0.0258033634319859
1001.0,106.4389781367555,0.00046974345039307364,0.026006290581805806
1001.5,109.21024967117074,0.0004719835193399495,0.02612846453050829
1002.0,109.29794765319936,0.0004720542086555506,0.02613231977382008
1002.5,107.70207274973953,0.0004708179703958707,0.026064895027139438
1003.0,104.85852276676789,0.0004698972326663096,0.02601467797230852
1003.5,101.39324684786904,0.00047015653670178496,0.02602882052507619
1004.0,98.91457589848207,0.0004708875097729721,0.026068687905590013
1004.5,97.0783544800175,0.0004715710549374631,0.026105968550255654
1005.0,96.13684800916374,0.0004720936546030928,0.02613447109742268
1005.5,96.22022251229926,0.00047236380544019805,0.02614920513649505
1006.0,97.33722973109832,0.0004724810517517323,0.026155599769609978
1006.5,99.0391479913347,0.0004721239342854949,0.026136122376203077
1007.0,101.53502890130927,0.00047097163881155204,0.02607327601344225
1007.5,105.49527060354362,0.0004689682384330056,0.025964010225256805
1008.0,108.82750993985336,0.00046561721176849503,0.0257812452113136
1008.5,110.20529397749782,0.0004608744919023056,0.025522576291585452
1009.0,109.43817598206049,0.00045807269158964847,0.025369765760219046
1009.5,108.01490160068366,0.0004569852907581538,0.025310458782584613
1010.0,106.50514067159837,0.0004582904549314622,0.025381642612467368
1010.5,104.66647828486029,0.0004608884681027352,0.02552333844577306
1011.0,103.59516932047747,0.0004637499600743802,0.02567940456236491
1011.5,104.05353594921684,0.0004676883538473083,0.02589420524202633
1012.0,109.94271619262929,0.0004741874895098646,0.026248669138409383
1012.5,117.61148449200765,0.00048403181723840775,0.026785580154042865
1013.0,117.6932609190893,0.0004903189066791508,0.027128479152050994
1013.5,112.53848656693539,0.0004937443067208284,0.027315301193843494
1014.0,107.77855340704158,0.0004949685449927938,0.027382070924234947
1014.5,104.48253971252468,0.0004943924074422292,0.027350648478566362
1015.0,101.82586716797964,0.0004903035579598024,0.02712764207844827
1015.5,99.89485792814261,0.0004820803412025462,0.02667914668939261
1016.0,98.916915722544,0.0004719278784096166,0.026125429461008057
1016.5,98.8288827530864,0.00046332619955434344,0.025656292602128733
1017.0,101.11071068421164,0.0004555234198718554,0.025230727901503384
1017.5,104.06763581903772,0.00045133701650722186,0.025002401164642734
1018.0,105.08369668536484,0.00044951932253620565,0.02490326376599368
1018.5,103.95976325157991,0.0004520367716188875,0.025040565715498415
1019.0,102.83183149123862,0.0004628080686648472,0.02562803384575475
1019.5,102.17798540184289,0.0004746691002727779,0.026274936377556707
1020.0,103.13884586588962,0.0004827191588408814,0.02671398787969802
1020.5,105.4331050648937,0.00048335677466524227,0.026748763293732197
1021.0,106.3947906738112,0.00047796200803658606,0.02645453222993352
1021.5,105.86363077003188,0.0004702474560214801,0.026033779241163832
1022.0,104.52354979083945,0.00046329622708709227,0.025654658069224758
1022.5,102.50884911018811,0.0004578972596258946,0.02536019769446113
1023.0,100.49693711658352,0.0004542931028192175,0.02516362610730725
1023.5,99.60168777886213,0.0004525498577183221,0.025068549594294037
1024.0,100.23824825196998,0.0004513272083202895,0.025001866083571127
1024.5,102.59448624227598,0.0004510288125346275,0.024985591352256035
1025.0,104.9269371418881,0.0004514637562666921,0.025009313149561237
1025.5,105.65745516419686,0.0004535162743169246,0.025121258026674316
1026.0,104.48714233476373,0.00045960698807424996,0.025453446406180313
1026.5,102.93890136673869,0.00046649040877394136,0.02582886924593667
1027.0,101.87851675753286,0.00047380399264869866,0.026227752873583175
1027.5,102.34504772461113,0.0004813097024236925,0.026637115560834704
1028.0,103.23147567804929,0.0004869826156834938,0.026946517035529027
1028.5,103.04620584121754,0.0004900359239145417,0.027113045076696853
1029.0,102.36838247510691,0.0004897170366611607,0.02709565311239277
1029.5,102.06755497717825,0.000487530591486511,0.026976404148129962
1030.0,103.35846002246856,0.0004848098310713906,0.02682801360604887
1030.5,107.12586437979206,0.00048120184693183635,0.026631233558021574
1031.0,110.53535214700545,0.0004776368718980293,0.026436798998286215
1031.5,112.36818869232307,0.0004762156666575487,0.02635928629753108
1032.0,113.7160660750732,0.00047928534638953135,0.026526707057386006
1032.5,113.44457436873606,0.0004857085782088064,0.026877031084849734
1033.0,111.25822757303644,0.000490805458893227,0.02715501568850285
1033.5,107.15119552246982,0.0004932731213587338,0.02728960250898007
1034.0,103.16325870898443,0.0004928362800404306,0.027265777212679424
1034.5,99.95212075075072,0.0004903312603523685,0.02712915271903516
1035.0,101.2103539799279,0.00048724440379732475,0.02696079544182258
1035.5,102.16914994310207,0.0004830452244326805,0.026731771499223202
1036.0,100.7396358390434,0.0004786540035031224,0.026492273615488917
1036.5,98.70306075304923,0.0004735810285474422,0.026215592623616293
1037.0,97.46320021900611,0.0004686720653906714,0.02594785729468178
1037.5,96.84664465140085,0.0004624932708143091,0.025610864805495626
1038.0,96.81131673998122,0.00045529657146754597,0.025218355573213443
1038.5,96.85523797073674,0.00044701749658602904,0.024766813813200207
1039.0,96.28625814527773,0.00043969606766082296,0.024367501715646268
1039.5,95.60089131929841,0.00043352132291993057,0.024030730161589877
1040.0,95.5140868342458,0.0004290021825304887,0.023784255967377748
1040.5,96.4374072417073,0.00042676281946100764,0.02366212060059987
1041.0,97.88718233379768,0.00042736562523822927,0.0236949974768951
1041.5,99.42795325349186,0.00042976497712652456,0.02382585837664166
1042.0,99.40767427639777,0.0004322453172371799,0.023961136812620215
1042.5,98.20876172712198,0.00043435361611397555,0.024076123803527815
1043.0,96.92099427268862,0.0004363661419353488,0.02418588722425788
1043.5,96.70821056403773,0.0004389475524639786,0.024326677821701205
1044.0,98.10491841488015,0.00044119925091731647,0.02444948562874847
1044.5,101.52292138966295,0.0004436411551988764,0.024582667652426966
1045.0,104.40594462036336,0.00044551402941324565,0.024684814302362516
1045.5,106.71367967064262,0.00044752127836664385,0.02479429026937878
1046.0,108.2129483885065,0.00044876133010766966,0.02486192274886922
1046.5,109.26814919995097,0.00044995361712953444,0.024926950086551842
1047.0,109.77844642759153,0.00045143327576243356,0.02500765071425043
1047.5,109.73393543212737,0.0004534736998168244,0.025118936173362628
1048.0,108.8016968701331,0.00045531084753319624,0.025219134595975284
1048.5,107.34844682128941,0.00045678633055932485,0.025299607595108874
1049.0,105.49861154875786,0.0004588424615277446,0.025411749099620573
1049.5,104.14017348603164,0.0004607808615262883,0.025517469819442994
1050.0,102.54358206989048,0.00046320050564863124,0.02564943760962492
1050.5,100.64894884109889,0.00046527519565053795,0.025762591627419368
1051.0,98.60132966186694,0.0004662114354773471,0.025813654085592254
1051.5,96.33365781906845,0.0004669495780913805,0.025853912646950607
1052.0,96.32150152768656,0.00046757957534243735,0.025888272749075198
1052.5,99.55281091739602,0.000468304079325804,0.025927787218904978
1053.0,102.1304909737103,0.00046939060498321427,0.025987046384741072
1053.5,103.45806271310728,0.00047218720771060614,0.026139573691287884
1054.0,103.33910827165876,0.0004754287554444051,0.02631636776023873
1054.5,103.62429282538966,0.0004801232760201185,0.02657240778745171
1055.0,104.64673098482133,0.00048405524633112233,0.026786857856794553
1055.5,105.74440037749291,0.00048798295060476784,0.02700107557157453
1056.0,105.81425601905168,0.0004908346530213262,0.02715660792359777
1056.5,104.70213887016595,0.0004921101274754527,0.027226172320886217
1057.0,103.83930104006996,0.0004924807035595739,0.02724638371010237
1057.5,103.64826097604974,0.0004927686221194189,0.02726208706133305
1058.0,103.57649191513599,0.0004928987737541649,0.027269185626484407
1058.5,102.67112870089494,0.000492359657995407,0.027239782149198893
1059.0,102.54035994114577,0.0004908383309834474,0.027156808491563447
1059.5,103.82799766100597,0.0004890654671899234,0.027060116168776044
1060.0,105.45445241353912,0.00048706556266908815,0.026951041191486877
1060.5,106.7666755489109,0.0004855916123069199,0.02687065150771037
1061.0,108.20165718483725,0.000485469976569216,0.026864017981318097
1061.5,109.76349926716989,0.0004874999830233876,0.026974734591296463
1062.0,109.8072603542312,0.0004911908127830828,0.02717603298305834
1062.5,108.59947586483415,0.0004965368733518033,0.02746760777706181
1063.0,106.41602562475649,0.0004987328027162279,0.027587374257105255
1063.5,103.2833730063725,0.0004999679072855363,0.027654737018578564
1064.0,101.3174319649489,0.0005004430989673623,0.02768065438164281
1064.5,101.6902398875075,0.0005003658640145048,0.02767644199866349
1065.0,102.96523452214436,0.0005000218519685315,0.027657679064452215
1065.5,104.03485338576508,0.0004987307457331164,0.02758726227808702
1066.0,104.67630669057084,0.0004967868871297674,0.02748124399182477
1066.5,106.35526042622914,0.0004938869003803285,0.02732307800491807
1067.0,107.8386511833507,0.0004916046020773992,0.027198600969969025
1067.5,108.72708575532732,0.0004899960438456763,0.02711087028482448
1068.0,110.15742050466068,0.0004905244561649703,0.02713969000528256
1068.5,112.99744009049363,0.0004933091929801024,0.027291569980495173
1069.0,114.31058171383953,0.0004964633600574215,0.02746359839563223
1069.5,113.41213190413448,0.0004981906607902316,0.027557805901214004
1070.0,111.7271728861282,0.0004996114971665484,0.02763529837413488
1070.5,111.3985492765006,0.0005022793769790225,0.027780805008965497
1071.0,114.46498835951407,0.0005071031446811774,0.028043894101135013
1071.5,115.63092097980383,0.0005115617677199771,0.028287068016538984
1072.0,113.91124138058714,0.0005160813669467441,0.02853356746720311
1072.5,107.91411006252473,0.0005197412832917041,0.028733179749056068
1073.0,101.92106038029988,0.0005217570868405514,0.02884312321820711
1073.5,101.14911626740502,0.00051966104264919,0.028728803584480715
1074.0,103.64360631010803,0.0005127620306603466,0.02835253053771486
1074.5,105.02868641143017,0.0005036448879241573,0.027855280268164792
1075.0,105.33199563165907,0.0004952783560298886,0.02739896832235371
1075.5,104.01086903885506,0.0004919287565920248,0.02721628038865032
1076.0,102.035149822608,0.0004922832442830471,0.027235614537665893
1076.5,99.72826293470231,0.0004937457706737594,0.0273153807716745
1077.0,98.09011420993681,0.0004952735028547191,0.027398703606922772
1077.5,96.99825127963075,0.0004956371726550614,0.02741853831901697
1078.0,97.01284825119001,0.0004939204675469196,0.027324908880885353
1078.5,98.75150793765003,0.000490374932241007,0.02713153507302157
1079.0,101.24876341595821,0.00048704546752974536,0.026949945225708233
1079.5,104.63094774745674,0.00048327011710109206,0.026744037160580526
1080.0,106.73412147905319,0.0004814387008081964,0.02664415143344261
1080.5,108.68229544487001,0.0004818872507125524,0.026668615217515047
1081.0,110.3944814726778,0.00048579481117863084,0.026881734181756597
1081.5,111.1520536657235,0.000490820318628863,0.027155826106706315
1082.0,111.03684952188001,0.0004962874266807138,0.027454002928525158
1082.5,109.81823279196668,0.0004989595600605109,0.02759974147864441
1083.0,107.81236360370522,0.0004993064867556835,0.027618663109809153
1083.5,106.2795057317473,0.0004988108025608522,0.027591628139990082
1084.0,104.13075928961713,0.0004983338863852458,0.027565617033606552
1084.5,101.25041767313223,0.000497944329737676,0.027544370653409936
1085.0,97.97153681569364,0.0004971835054379788,0.02750287552173215
1085.5,96.1195854021572,0.0004958922733135959,0.027432451510368817
1086.0,94.95597732082685,0.000493457809916443,0.027299675542304735
1086.5,96.03972214632851,0.0004902854173843928,0.027126652468063568
1087.0,99.42216672075996,0.00048653383470394766,0.026922040897368434
1087.5,100.67536624268827,0.0004832617653795646,0.02674358164896461
1088.0,100.20570305261323,0.00048031887787923223,0.02658307593583086
1088.5,98.65000755177097,0.00047796707157163283,0.02645480800444618
1089.0,98.31345740862872,0.00047734367722468294,0.02642080787145366
1089.5,99.67610179555565,0.00047788274016,0.026450208726000006
1090.0,102.23800521477412,0.00047877713869237226,0.026498989261599073
1090.5,104.7168682153113,0.0004791180848026896,0.026517584560674514
1091.0,106.22392132828939,0.00047777273910424526,0.026444209139533405
1091.5,109.19725128481679,0.0004762017655950831,0.026358528284250903
1092.0,113.8041594284516,0.00047541442868134055,0.02631558679929607
1092.5,116.24589479846853,0.00047549432696574194,0.026319944282282473
1093.0,114.77171283337711,0.0004772735430579196,0.026416982928014185
1093.5,110.8946219282758,0.00048086948966946874,0.026613106686909034
1094.0,106.55606682367936,0.0004843026317608747,0.026800350640567964
1094.5,104.09450858857753,0.0004854009752007611,0.0268602543805736
1095.0,103.42006016023609,0.0004840313793026563,0.026785556505407957
1095.5,106.54858436152632,0.00047979074167164094,0.026554271613432788
1096.0,111.43522456906729,0.00047315549475855965,0.026192384146918535
1096.5,112.96284770627524,0.0004694861762865164,0.02599225910738211
1097.0,112.57674837870239,0.00047055409160092426,0.026050503149807384
1097.5,111.41034029363779,0.00047661736669045717,0.026381195147063642
1098.0,109.94677352216745,0.0004829467442733992,0.026726400121428587
1098.5,107.63024355129504,0.0004867106037264828,0.0269316816799599
1099.0,104.88078857215095,0.0004883906516588747,0.027023312055854364
1099.5,102.59289950754611,0.0004881774445003039,0.027011683370282587
1100.0,99.46598333013577,0.00048589848687406663,0.026887388601812938
1100.5,97.63797692017188,0.0004824479516769303,0.02669919587958058
1101.0,96.46927333197357,0.0004778466287921356,0.02644823894555582
1101.5,96.31504720676088,0.00047271099166474933,0.026168140659844363
1102.0,97.455736617373,0.0004679337694355275,0.025907590344285393
1102.5,98.70417141431747,0.0004645649338861867,0.0257238537311731
1103.0,100.33458889818719,0.0004620264931971906,0.025585406844400665
1103.5,102.93107873754401,0.0004618157655742713,0.02557391376053812
1104.0,106.21889901194525,0.0004632014225706251,0.02564948754054517
1104.5,108.60229217583644,0.00046708209337415136,0.025861139562451504
1105.0,108.5327744893717,0.00047235545262492516,0.026148749829058574
1105.5,108.16768487592219,0.00047677267784164976,0.026389665775613677
1106.0,108.59609117683874,0.00047823967604366174,0.02646967608845069
1106.5,109.79447535701189,0.00047808550152142075,0.026461267537220803
1107.0,110.14864180851062,0.0004785034465496454,0.026484061953191487
1107.5,109.03702744537107,0.0004790020470728453,0.02651125566091752
1108.0,106.91576630876544,0.00047890098118753415,0.026505743640154684
1108.5,104.68075717805478,0.0004781406655834224,0.026464275985347587
1109.0,104.25007670534762,0.00047686512662315064,0.02639470769503917
1109.5,106.71349315110486,0.00047554876051523933,0.026322913252830184
1110.0,107.91745364612925,0.0004745095948719391,0.026266236935906045
1110.5,108.26450323600541,0.0004736990616067069,0.026222030134091318
1111.0,109.20290309855935,0.00047426193513904353,0.026252729297103695
1111.5,110.63001999476892,0.0004779458934043083,0.026453653194974128
1112.0,111.44292664224153,0.0004842024110503245,0.026794884745926794
1112.5,110.85536427041494,0.0004910576215265068,0.02716876863180727
1113.0,109.86842205418316,0.0004961151317729463,0.027444605988913427
1113.5,108.88033236065574,0.0004986903986045538,0.02758506139169399
1114.0,107.24899404158528,0.0004985094109122807,0.027575190430409353
1114.5,105.33603916666668,0.000496116036125,0.0274446556
1115.0,102.0450266684951,0.0004914497070004107,0.02719015338160489
1115.5,100.147509938389,0.000488356261164594,0.027021436319714702
1116.0,100.22877574760048,0.0004857845347546951,0.026881173779175756
1116.5,104.01260688907118,0.0004844599530373767,0.026808930870963768
1117.0,107.6017101109643,0.0004849217242796483,0.026834115981993572
1117.5,107.87412517258848,0.00048693044864725477,0.026943672105852197
1118.0,105.97149803290428,0.0004902474902344418,0.027124583986427028
1118.5,103.34858594722121,0.000493647247974684,0.027310007252714038
1119.0,100.1701887692628,0.0004955421195719625,0.027413353930654204
1119.5,98.29476770029866,0.0004960836001931307,0.027442886183269267
1120.0,97.80261077413364,0.0004963880364156047,0.027459490472968456
1120.5,98.50670678519288,0.0004967341444256599,0.027478367176969373
1121.0,98.87913234411788,0.0004972867246551646,0.027508505242230627
1121.5,98.88955589231921,0.0004969351742620226,0.02748933114464674
1122.0,100.67123248200933,0.0004937704117277068,0.027316724795130726
1122.5,103.77179985218899,0.00048760084045716933,0.026980235346625494
1123.0,106.15817162270982,0.00048114569067072703,0.026628170389178592
1123.5,107.96751571661072,0.00047601267011134954,0.026348214723142315
1124.0,109.08093687903629,0.00047467114488394184,0.026275047714940384
1124.5,108.85382680733072,0.00047610027236914197,0.026352992414942187
1125.0,107.19713105377645,0.0004790090497774808,0.026511637903875028
1125.5,105.86535202146119,0.00048176811469414257,0.026662117886463513
1126.0,107.12909593174135,0.0004833206692245986,0.02674679425466523
1126.5,107.50118108885279,0.0004835947196207363,0.02676174079006497
1127.0,105.55192121037503,0.00048301285698703185,0.026730006033141216
1127.5,102.94899515221972,0.00048258294662293754,0.026706558865442716
1128.0,102.92380921742557,0.00048319807825428733,0.026740108180337077
1128.5,104.77399678033764,0.0004849738004866357,0.02683695597368662
1129.0,106.25332684399915,0.0004895609348543761,0.027087139109589473
1129.5,106.57454403804972,0.0004949966199374721,0.02738360245572614
1130.0,106.5343744656154,0.0004989351458975035,0.0275984101802672
1130.5,106.99079682156686,0.0005007644068057193,0.027698178378159063
1131.0,107.77256682684964,0.0005015326098649885,0.027740076412700224
1131.5,108.15681482966792,0.0005014120999253989,0.027733503698124193
1132.0,107.67514329864929,0.0005003794615107716,0.027677183292262035
1132.5,107.35818871405398,0.0004995796842817728,0.027633563307431466
1133.0,107.75628508117983,0.0004998379143238657,0.027647647245516254
1133.5,108.41062825970545,0.000502506993786315,0.027793219145680833
1134.0,108.23878922938724,0.0005064677790403275,0.028009241113629468
1134.5,106.98415214200251,0.00051061190591197,0.028235262148606735
1135.0,105.03582173784663,0.0005121253639238396,0.028317806671340734
1135.5,102.7987946248028,0.0005119263020364808,0.028306949909961604
1136.0,102.18878046697587,0.0005107172762614312,0.028241009160238556
1136.5,103.15152438395664,0.0005089075724322426,0.02814230769626166
1137.0,105.14931220411468,0.0005069215577578087,0.0280339900917157
1137.5,106.99954282955025,0.0005056671628428307,0.027965575073976557
1138.0,109.32696441238441,0.0005050700588981196,0.027933009320027558
1138.5,111.2466851141898,0.0005047358728733817,0.02791478269853509
1139.0,111.25833241640616,0.0005047399503273657,0.027915004715334615
1139.5,110.82498908046709,0.0005050011617868853,0.027929251753664418
1140.0,110.43178272353167,0.0005055226931064346,0.02795769625086045
1140.5,110.31043969538912,0.0005059418808924473,0.02798055865532026
1141.0,110.16260537964124,0.0005061889691107634,0.02799403445494368
1141.5,109.48100744998484,0.0005056573071033799,0.02796503791988316
1142.0,108.3264693533396,0.0005042672736469505,0.02788922539643755
1142.5,106.79114369534445,0.0005035207889150471,0.027848511840282135
1143.0,105.42807401543268,0.0005036554697293463,0.027855857382324815
1143.5,103.61807219923364,0.0005035406818908046,0.02784959657183908
1144.0,101.71386842843052,0.0005028000966856396,0.027809205331879895
1144.5,100.19379580604011,0.0005018716149131952,0.02775856573526336
1145.0,98.60038817598655,0.0005002557528948179,0.027670436262744735
1145.5,97.73890733955821,0.0004980684191008847,0.027551138567312557
1146.0,98.08142280539583,0.0004957241017295601,0.027423279276869335
1146.5,99.63744041060176,0.0004930178044768614,0.027275677162589385
1147.0,101.63997440928256,0.0004902885602897969,0.027126823885634838
1147.5,103.530749101545,0.00048701447277778895,0.026948254810660866
1148.0,105.56233180314865,0.00048353945061102626,0.026758726450807003
1148.5,107.81916935497699,0.0004792670017831252,0.026525706462684005
1149.0,109.27031678723968,0.0004765443635747503,0.026377213695274994
1149.5,109.2202911291835,0.0004768228232072268,0.02639240082985382
1150.0,107.9455603247688,0.00048001673209648174,0.0265665969771857
1150.5,106.14390916606857,0.0004843033945330068,0.026800391981188727
1151.0,104.90576447075728,0.0004865196730211694,0.026921268316271958
1151.5,103.97747729219364,0.00048721587127639277,0.026959239076988942
1152.0,103.54169323999031,0.00048456241849051157,0.026814519302035957
1152.5,103.03251050119701,0.0004789181347340386,0.02650667924012652
1153.0,102.05650961838,0.000471574204454439,0.026106140357126155
1153.5,100.6488013349941,0.0004639555013754306,0.02569061501282097
1154.0,99.04137448973164,0.0004574716514639128,0.025336984814191475
1154.5,97.96428172383301,0.0004531898781499355,0.02510345613100392
1155.0,99.23837377200854,0.0004504459057004158,0.024953799509657346
1155.5,103.39311642521729,0.00044834319514036125,0.024839117562324698
1156.0,106.16297372080406,0.0004492806068628272,0.02489024409215916
1156.5,109.12545347564371,0.00045405961107570765,0.025150891727923317
1157.0,111.93782677332726,0.00045945367564669866,0.02544508467549625
1157.5,116.71581217794831,0.0004669111769091675,0.02585181787806334
1158.0,118.80796973806073,0.00047439679616307294,0.02626008454417376
1158.5,117.84716973995268,0.000478407301204492,0.02647881836773051
1159.0,117.86536752444526,0.00048264332635963636,0.026709851891337507
1159.5,117.68889641113293,0.00048777312726772863,0.026989632091326647
1160.0,113.93958117687775,0.0004920731707065811,0.027224156778134737
1160.5,106.56435131147525,0.0004947089873196722,0.027367914813114756
1161.0,98.2032108812119,0.0004960409625451246,0.027440561187717847
1161.5,96.56908746682666,0.0004962338872703837,0.027451083154436447
1162.0,101.93873733346291,0.0004956079564567615,0.027416944654701098
1162.5,107.12264563422993,0.0004947535852553685,0.027370347148220155
1163.0,107.8916475883212,0.0004949419560500108,0.02738062083463031
1163.5,105.88051679960441,0.0004976981410472924,0.027530943621059047
1164.0,103.07352675421426,0.0005024905714490393,0.027792323723069366
1164.5,100.77126761434457,0.0005063745337742504,0.028004155705643734
1165.0,100.19921048065319,0.0005079847851793398,0.028091978637497343
1165.5,102.88208236428396,0.0005064292650670936,0.028007140284150005
1166.0,109.42729625268949,0.0005012991855978542,0.02772734531666665
1166.5,113.60043407975701,0.0004960824693709138,0.027442824724816534
1167.0,114.98049671139862,0.0004892549861595982,0.027070452722501834
1167.5,113.53461811864636,0.0004860076211243981,0.02689334117420747
1168.0,111.55549829246523,0.00048507897484955444,0.026842692314109736
1168.5,109.19030961038649,0.00048533301238004557,0.026856547544411098
1169.0,107.53551275575686,0.0004864776365128351,0.026918975531351454
1169.5,106.28229931198348,0.0004879865800923451,0.027001273547170447
1170.0,105.61382529790662,0.0004894092704927536,0.027078867657729464
1170.5,104.88365502263208,0.0004910063826844736,0.027165974163451203
1171.0,103.66877281120865,0.000492681074596011,0.02725731231739915
1171.5,102.28221836782075,0.0004935774014366933,0.02730619790613604
1172.0,100.80592737263655,0.0004936248532818792,0.027308785936360047
1172.5,99.45086130327405,0.0004925522326665306,0.027250285171352685
1173.0,99.39777758885212,0.0004903191927533567,0.027128494844658495
1173.5,100.52155120705112,0.00048797169654031183,0.027000461793368
1174.0,103.44482514330495,0.0004875406837243685,0.026976954383841012
1174.5,109.21241411141484,0.0004900766137288833,0.0271152642423706
1175.0,115.40367165985582,0.0004938580137185174,0.0273215026879086
1175.5,122.86287463641744,0.0004976686239109952,0.0275293337410995
1176.0,130.15958639864073,0.0005011575917789802,0.02771962256648983
1176.5,131.85434609453532,0.0005050532713318098,0.027932093556737272
1177.0,124.33818539289629,0.0005070201080490798,0.02803936520331077
1177.5,115.25443301495909,0.000508588841065661,0.02812492404750611
1178.0,111.90608794617334,0.0005094979893490239,0.028174509019070176
1178.5,116.1684734934029,0.0005087942543060994,0.028136127306880723
1179.0,114.97533385987876,0.0005053054957167316,0.027945850100252637
1179.5,110.93602172278268,0.0004998323014267668,0.027647341331060556
1180.0,106.95291733476388,0.0004920629734606233,0.02722360113402671
1180.5,106.34656998421342,0.0004862361014249123,0.026905802286667713
1181.0,105.956783319582,0.0004802088559421417,0.026577075360055727
1181.5,104.89661417294329,0.0004759115636576993,0.026342700171511805
1182.0,103.54072857050019,0.00047401023551461977,0.02623900205526315
1182.5,101.86416161892275,0.0004732241289991066,0.026196127586680364
1183.0,100.2082495203153,0.0004733166288460821,0.02620117252714552
1183.5,99.10911249572294,0.0004749002810209775,0.02628754484665408
1184.0,98.77897480752195,0.00047851477136818496,0.02648467979161917
1184.5,99.12114603183265,0.0004830832808499318,0.026733846989836284
1185.0,100.08132305514818,0.00048746477184449794,0.0269728140378107
1185.5,100.91631505613424,0.0004886125992532867,0.027035416927838486
1186.0,101.76388731678126,0.0004880936774718699,0.02700711478284468
1186.5,102.55857697427412,0.0004864830658296089,0.026919271611328364
1187.0,103.1971398010574,0.00048536998797432765,0.026858564248344933
1187.5,103.29597044893137,0.0004848126711663124,0.026828168114569603
1188.0,102.56649110416151,0.00048390428704065417,0.02677862491181139
1188.5,101.88621227736236,0.00048171142475050984,0.026659025821515976
1189.0,101.2845661989219,0.0004778754279882625,0.026449809764456163
1189.5,100.85926697671898,0.0004729333164295079,0.026180266210622208
1190.0,100.63865226166493,0.0004698953715427229,0.02601457615937824
1190.5,100.59160434140173,0.00046790332725552003,0.025905929903642152
1191.0,100.71179203547624,0.00046780549576142856,0.025900594420928572
1191.5,100.7125580496528,0.00046842415770044645,0.025934335982991073
1192.0,100.57203623968253,0.0004689157813214286,0.025961149377267862
1192.5,100.7025732500902,0.0004687421945711241,0.025951681997879464
1193.0,101.62860001032665,0.00046793205710004047,0.025907496840564117
1193.5,103.38623927331379,0.0004668157736808034,0.025846614711272312
1194.0,105.83052254261409,0.00046690718596803987,0.025851600371590913
1194.5,108.92806461702433,0.0004699701378204206,0.026018654286921232
1195.0,113.03246419631593,0.000474614626718396,0.026271965331136227
1195.5,116.02500418457024,0.00047805408493473926,0.026459554038832628
1196.0,116.6059375722294,0.0004795616056481242,0.026541774393531694
1196.5,115.51580993376137,0.0004796650942052891,0.026547418663783056
1197.0,114.35522472393504,0.00047939450449264824,0.026532660391422925
1197.5,113.14195854681128,0.0004790345855511193,0.02651303045196169
1198.0,111.47824257889262,0.0004786890036344364,0.026494182252995886
1198.5,109.66859798488747,0.0004790332627091262,0.02651295814487315
1199.0,106.79746321187521,0.0004802649124592614,0.026580133055946375
1199.5,104.30496501057685,0.00048140544817554606,0.026642337906340626
1200.0,101.55959456428101,0.0004823984147179683,0.026696494230944095
1200.5,100.02043453808285,0.0004825903637305344,0.02670696332740458
1201.0,100.09863890927869,0.00048198906761398553,0.026674168477607115
1201.5,102.25806352061049,0.0004806084994034944,0.026598872121698494
1202.0,105.79246257711739,0.0004795856425064689,0.02654308553200425
1202.5,108.69044645351904,0.0004811731638604581,0.02662966913981075
1203.0,109.96243980893516,0.00048729464199812576,0.026963535451419794
1203.5,110.8579663010293,0.0004946030570646951,0.02736213745031942
1204.0,112.7558650684675,0.0005000747722145002,0.027660565405993258
1204.5,114.10517148924426,0.0005042365675229041,0.02788755061265126
1205.0,113.35591780985712,0.0005059171976181103,0.027979212140551178
1205.5,113.23839475458533,0.000506287596528207,0.02799941366714496
1206.0,115.36397925058472,0.0005065749086415245,0.028015083747469235
1206.5,114.41839989267882,0.0005086859037259373,0.028130217857303283
1207.0,111.07662411234952,0.0005129692759333332,0.028363833721843968
1207.5,108.56070803853765,0.0005175832943119708,0.02861548290044774
1208.0,108.19159107392294,0.0005193769476354285,0.0287133092970204
1208.5,106.60436039279939,0.0005199900053049548,0.028746744539018876
1209.0,105.151316772088,0.0005186971891518067,0.02867623506102158
1209.5,103.85970584078869,0.0005164997701243601,0.02855638745876871
1210.0,104.55579063446609,0.000513428024165103,0.028388853863297297
1210.5,107.92996798375304,0.0005120967590222872,0.028316246531608004
1211.0,112.99560059270023,0.000513687124124349,0.02840298513429493
1211.5,114.76352263492055,0.0005148462161841474,0.028466202058976955
1212.0,113.1482249993627,0.0005143885067817307,0.028441238756460874
1212.5,110.97502642542034,0.0005129048788661925,0.028360321502754197
1213.0,111.73691308280748,0.000511558137700086,0.02828687011187607
1213.5,115.49407946803404,0.000510718513925522,0.028241076548232723
1214.0,117.17814967234729,0.0005104434244178861,0.028226073410957137
1214.5,116.5320632785431,0.0005100515339981121,0.02820469932922035
1215.0,114.8100520672093,0.0005101347385667272,0.02820923747196649
1215.5,112.81089040847316,0.0005118056257017761,0.0283003677589202
1216.0,110.60783352357103,0.0005136589335844169,0.0284014477119209
1216.5,109.19914505575893,0.0005151104625253969,0.028480614276630043
1217.0,110.51065924006599,0.0005159464702611244,0.028526209981697494
1217.5,114.93588983724372,0.0005173791285430511,0.02860434748972848
1218.0,116.00958029966704,0.0005202260347125421,0.028759618471198702
1218.5,114.05687816476488,0.0005224714800392558,0.028882084606818164
1219.0,110.48924721573681,0.0005228704595746866,0.02890384472026589
1219.5,108.52405764063762,0.000521883564758203,0.02885002020122091
1220.0,110.09264148022065,0.0005211140327383085,0.02880805080118258
1220.5,110.58840518040624,0.0005199654303279569,0.028745404902204296
1221.0,107.85902691355123,0.0005177066715788286,0.028622211670171482
1221.5,103.296025241796,0.0005153839020867409,0.02849552757380591
1222.0,100.42948223711531,0.0005129138272568337,0.02836080908020856
1222.5,99.97651101380215,0.000510834841274166,0.028247420976264818
1223.0,102.47541713058293,0.000510382085004521,0.028222727639763186
1223.5,106.18770898031825,0.0005118880319053341,0.028304862539104313
1224.0,108.61288318518535,0.0005154269086486362,0.028497873150047467
1224.5,109.09863532585011,0.0005188701858264193,0.02868566937763411
1225.0,108.08279951275298,0.000521268068457912,0.02881645012250505
1225.5,106.24227857757832,0.0005220005696463597,0.028856400867967435
1226.0,104.0849310616773,0.0005220412617615384,0.02885861989699584
1226.5,101.98199269513208,0.000522186218886047,0.02886652606682262
1227.0,100.23899748509517,0.0005221864339512195,0.028866538997560975
1227.5,99.37941898367765,0.000521785618941593,0.02884467832991151
1228.0,100.0334210164279,0.000521431186774217,0.028825347184850695
1228.5,102.37744925702198,0.0005210716016850734,0.028805735421182053
1229.0,105.59735715918686,0.0005210544157750883,0.028804799005622796
1229.5,109.74598396107268,0.0005217830137815485,0.028844536642932763
1230.0,111.62922975783192,0.0005230144409339907,0.02891169919745422
1230.5,111.2414851488777,0.0005244915817970682,0.02899226189548786
1231.0,109.97215060233198,0.000524851404999209,0.029011886947829146
1231.5,107.81937194203849,0.0005238552191413022,0.028957555163685336
1232.0,106.90635010835304,0.0005225830057801418,0.028888168026347517
1232.5,106.94812542461337,0.0005211647922683601,0.028810818942228856
1233.0,107.29522571566592,0.0005196280481639754,0.02872700398124225
1233.5,107.28953708157964,0.0005177315044222731,0.028623567088780798
1234.0,107.49920939126811,0.000516083973043122,0.02853370993169527
1234.5,108.19338468609236,0.0005145580991440033,0.028450488094425668
1235.0,108.40263367401828,0.0005134728627194729,0.028391299473856917
1235.5,107.84568076530824,0.0005133475557919505,0.02838446520892793
1236.0,106.88141103276833,0.0005148322309861018,0.028465439602949158
1236.5,105.50704638615277,0.0005177601538997995,0.028625128028793995
1237.0,103.80562927653398,0.0005212960440749379,0.028817975697419153
1237.5,102.6531324104405,0.0005234905135154472,0.028937662427161538
1238.0,102.8023531428045,0.0005240381823760365,0.028967532408043114
1238.5,104.4584208727275,0.0005234478013848484,0.028935335120606056
1239.0,106.30699350532065,0.0005221977962577949,0.02886715984554565
1239.5,107.21715820221682,0.0005202997604221412,0.02876363909233577
1240.0,106.44315930821088,0.0005185429991367414,0.02866782434509559
1240.5,105.47767780212607,0.0005165556918276324,0.028559437126643515
1241.0,106.4354538204771,0.0005139577772793913,0.028417746956912175
1241.5,109.54296230308235,0.0005121403859484245,0.02831862609565466
1242.0,111.50546015520648,0.0005096956295370414,0.028185288536455463
1242.5,110.16665260527692,0.0005092253461799755,0.028159639189349994
1243.0,108.35158007920747,0.0005101831860343526,0.02821187978542494
1243.5,106.70746868976148,0.0005116375348486131,0.0282912003162554
1244.0,104.89847386834906,0.0005124591887291621,0.028336013376132133
1244.5,103.63134847994162,0.0005118681429999999,0.028303777620262583
1245.0,103.35988515876491,0.0005110180076306346,0.028257411296017512
1245.5,105.83103236035416,0.0005111696042542722,0.028265679312206568
1246.0,110.01708775563895,0.0005117346873308345,0.028296498908709805
1246.5,113.3948464435235,0.0005125125086871177,0.02833892155804892
1247.0,115.63460573464003,0.0005139959185350169,0.02841982707520222
1247.5,117.08533709141334,0.0005166042284085153,0.02856208449840338
1248.0,118.2643775094318,0.0005209009701043751,0.028796428647501152
1248.5,119.15440592982449,0.0005246968742631577,0.029003457685078938
1249.0,119.77141538254878,0.0005275646627687374,0.029159867681685176
1249.5,118.37140988796185,0.0005275144205283823,0.02915712858288901
1250.0,115.52117549741969,0.0005268063983068555,0.029118512768632365
1250.5,111.799050867814,0.0005261042869804742,0.029080219859205024
1251.0,107.53613741901327,0.000525041996298229,0.029022281076403273
1251.5,105.6005475394089,0.0005235183865098095,0.028939184165222537
1252.0,104.37408090503571,0.0005211531841052677,0.02881018634947319
1252.5,103.45294209627605,0.0005187023596397818,0.028676516822724783
1253.0,102.68193893697352,0.0005157910588878882,0.028517734260499545
1253.5,102.30111796668383,0.0005136925952773483,0.02840328347982998
1254.0,102.18454110870609,0.0005105853977218612,0.02823381645660172
1254.5,103.1378046441813,0.0005062910171318623,0.02799960028794403
1255.0,104.31424073657199,0.0004993392452862467,0.02762044966921982
1255.5,105.02464524553736,0.0004897536193369619,0.027097648364879774
1256.0,105.49011982076107,0.00048082125593425137,0.026610475667851713
1256.5,105.93314286159756,0.0004806509138002588,0.026601185039331208
1257.0,106.41255313625071,0.00048378203129389443,0.026771956960883865
1257.5,106.64450981237228,0.00048704616648068003,0.026949983608573293
1258.0,106.24798530172016,0.0004900495194673638,0.027113786586903752
1258.5,105.90491030506955,0.0004912630501187753,0.02717997269868775
1259.0,109.2326922566177,0.0004920634265235532,0.027223625473822344
1259.5,113.99899652488085,0.0004919258391484663,0.027216121516993864
1260.0,115.76769317018855,0.0004918380102952965,0.027211331434049076
1260.5,114.64702501102268,0.0004928526202163017,0.027266667954990786
1261.0,111.5463792800565,0.0004958916432698929,0.027432417173580637
1261.5,107.41005888275019,0.0005003158421781767,0.027673713194337014
1262.0,104.36643630543512,0.0005033914601350538,0.02784145791633076
1262.5,102.23069308925723,0.000502909459384514,0.027815169511925395
1263.0,100.6380528546492,0.000499642407584008,0.02763698439742888
1263.5,98.94298601344956,0.0004949742232870421,0.027382380891988974
1264.0,100.15692362681058,0.0004917787496116243,0.02720809930173325
1264.5,104.35278312913063,0.000489785617307026,0.027099393218440387
1265.0,104.10979016371279,0.0004902484167596505,0.02712463476868172
1265.5,101.4684663837209,0.0004944023391595497,0.027351190114674108
1266.0,100.32854180757938,0.0005005595992953959,0.027687008198459533
1266.5,100.77885000442024,0.0005050647915000937,0.027932721960245818
1267.0,100.43813480949798,0.0005052536690113267,0.02794302362051039
1267.5,98.50179913677016,0.0005009259479968772,0.02770698869010981
1268.0,94.88229427459298,0.0004946800643209751,0.02736633734140063
1268.5,91.24752151787384,0.00048732228085720706,0.026965042819999938
1269.0,90.15912958761521,0.00048096753351934644,0.026618453873195322
1269.5,90.13433182592516,0.00047305684137018996,0.026187003275504512
1270.0,90.34792614624509,0.0004650328705909074,0.025749374781225205
1270.5,90.45776363500421,0.00045889474258250563,0.025414600254066774
1271.0,90.18274311388521,0.0004549704473295818,0.025200568795971236
1271.5,89.9626440562828,0.00045225925732242443,0.02505270007490039
1272.0,92.76626184386656,0.00045141518336140526,0.025006664122040428
1272.5,99.32122640729574,0.00045394235879002453,0.025144496664713602
1273.0,103.5530441672155,0.0004605442791222224,0.025504566736234583
1273.5,105.268089208554,0.0004687829439961497,0.025953904424058528
1274.0,107.41884651562513,0.00048105423075078216,0.02662318244267862
1274.5,111.59741340301021,0.0004934864526267574,0.02730123762691363
1275.0,114.67531459185571,0.0004983341660671891,0.027565632403883766
1275.5,114.2439745504844,0.0004974389182659756,0.027516805366763514
1276.0,111.40652116245931,0.0004944196555678264,0.027352134496968904
1276.5,107.46228378492118,0.0004915547262134314,0.027195880719349613
1277.0,105.01645980197176,0.0004906622100318791,0.027147202990958238
1277.5,103.12864142672888,0.0004902483574109345,0.02712463135405567
1278.0,102.68907461803487,0.0004903193564457363,0.027128503745348836
1278.5,104.2527130897388,0.0004911063697435631,0.02717142775462893
1279.0,107.31589874407025,0.0004927590863345379,0.027261566596894053
1279.5,108.3950503947127,0.000494996701799211,0.027383606638333866
1280.0,107.95659297221013,0.0004967174134627681,0.02747745452025842
1280.5,107.08585001825492,0.000496714388092552,0.027477289699945236
1281.0,106.66138513811266,0.0004947997240607534,0.027372863625779696
1281.5,106.6743513825552,0.0004916867553208463,0.027203081823127
1282.0,107.13020066675712,0.0004890177253493181,0.027057512580146624
1282.5,107.8272113854958,0.00048763676992559046,0.026982194957145766
1283.0,108.12461129676925,0.0004874586864134738,0.026972482377469135
1283.5,108.20892971624983,0.0004882224913954584,0.02701414013281044
1284.0,107.91952819282668,0.0004892247220709269,0.027068802151284498
1284.5,106.94184074468112,0.0004905506342457444,0.02714111767772339
1285.0,105.5391816496452,0.0004916656104457448,0.02720192841495745
1285.5,104.24624571599519,0.0004922364631547667,0.02723306311655365
1286.0,103.18722025826617,0.0004922340547482828,0.027232931805628188
1286.5,102.24884357354146,0.0004917839323444407,0.027208381739828816
1287.0,100.8270675325604,0.0004909347356595392,0.02716206634494793
1287.5,99.40143671457771,0.0004898107582283404,0.027100764450963884
1288.0,97.83346169325816,0.0004884782218618051,0.02702808776257051
1288.5,96.36894827361955,0.00048711710433274185,0.02695385235925831
1289.0,95.157711747972,0.0004853894455990145,0.026859625384377347
1289.5,95.13576527912791,0.0004843936758353736,0.026805315805841584
1290.0,95.86329530834674,0.000483640613012765,0.026764244063959813
1290.5,97.2183483112933,0.0004832052597651639,0.026740499832254096
1291.0,99.47028467974138,0.0004830644691383337,0.026732821057848643
1291.5,101.43211970072915,0.00048351199789147355,0.0267572291697948
1292.0,102.61053607314398,0.000484883844880963,0.02683205002224377
1292.5,102.06546831772934,0.00048707864137671476,0.026951754474624758
1293.0,101.6396851019278,0.0004904948546383663,0.027138075421474513
1293.5,101.33679405555556,0.0004945455985471698,0.0273590036504717
1294.0,101.76148966161614,0.0004966348297045454,0.027472950573863633
1294.5,105.58122753220853,0.000496973371933319,0.02749141466046312
1295.0,111.32913659395741,0.0004971995868236179,0.027503752475216248
1295.5,115.52231183101358,0.0004979608389854808,0.027545271498139737
1296.0,114.94618341034104,0.0004988940096460397,0.027596166543997526
1296.5,113.17246385761125,0.0005000021805916682,0.027656606409043095
1297.0,111.44081437981318,0.0005010181199789602,0.02771201600389851
1297.5,111.65258128320504,0.000502592098189574,0.02779786094243388
1298.0,114.24808991919228,0.0005058493924683465,0.027975514233406374
1298.5,117.90440115970173,0.0005111052029941687,0.028262166996355666
1299.0,118.69795637784578,0.0005175511077920496,0.028613727520642236
1299.5,117.09029018020804,0.000522490604248378,0.028883127705560698
1300.0,115.82835318359369,0.0005247777367080079,0.029007869231250004
1300.5,116.62979186100323,0.000525927493903308,0.029070577129671225
1301.0,116.2824546290977,0.0005269726748414706,0.02912758090141682
1301.5,113.93630838292614,0.0005275028089182619,0.029156494781415354
1302.0,109.54779631663676,0.0005272693066333255,0.0291437586231713
1302.5,107.12223978020954,0.0005267898887577364,0.02911761095196615
1303.0,104.84543623735863,0.0005262208780533758,0.029086577644732124
1303.5,103.31007623205369,0.0005251428930080758,0.029027785150175563
1304.0,101.69551532086729,0.0005230494578452726,0.02891360840941532
1304.5,100.38963851843401,0.0005208619323728055,0.028794299948200493
1305.0,98.75253263960575,0.0005183765805564897,0.028658748799491804
1305.5,98.09662792951012,0.0005161475542795696,0.028537177266021493
1306.0,97.66267509573444,0.0005147778663432367,0.02846247420344018
1306.5,96.83095682814442,0.0005136592210321527,0.028401463263261647
1307.0,96.1471132934279,0.0005115089622214786,0.02828418768043001
1307.5,96.7925973469876,0.0005081038136706163,0.02809847085765853
1308.0,98.55190429539438,0.0005048102496833963,0.02791883935893532
1308.5,100.92891319445071,0.0005015752046334209,0.027742399105848137
1309.0,102.47951919495296,0.0005001353077083935,0.027663866862404858
1309.5,102.5192311397492,0.0005006468940605902,0.027691769032477654
1310.0,101.42449660213775,0.0005026212269337565,0.0277994493549909
1310.5,100.34579663104746,0.0005046062685971587,0.027907713963791065
1311.0,99.39629372888291,0.0005069724569952044,0.028036766170736624
1311.5,99.05994522731447,0.0005095677001309788,0.028178311315790117
1312.0,99.34165949289267,0.000511506332320096,0.02828404455215885
1312.5,99.90789257229332,0.0005133230983257936,0.028383131236700627
1313.0,101.30208572883203,0.000514033827289823,0.02842189464245329
1313.5,104.97904406235017,0.000514750451758673,0.028460979519878447
1314.0,107.51142089181288,0.0005142402628125,0.028433153447039474
1314.5,108.56131216641305,0.0005120945948515978,0.02831612844908674
1315.0,108.24233678739813,0.0005096412552673639,0.028182322980447167
1315.5,106.82670023243253,0.0005081547402458617,0.028101248147716886
1316.0,105.54482297311029,0.0005090941879591893,0.028152485710264453
1316.5,104.97688652861008,0.0005128827696068721,0.02835911545345587
1317.0,104.57470675690612,0.0005168497312460467,0.0285754742019549
1317.5,104.00506550303626,0.0005205813750524371,0.02877899892939438
1318.0,103.7022940339923,0.0005220252088175514,0.028857745770794325
1318.5,103.88785914893616,0.0005230282186665124,0.028912450056614247
1319.0,105.21774893206144,0.0005232540793143973,0.02892476853266262
1319.5,107.34143393934978,0.0005228572190897465,0.028903123674647736
1320.0,109.76316945378898,0.0005217875133576537,0.02884478175090413
1320.5,112.54913221457254,0.0005207867964354561,0.028790202238468156
1321.0,116.34894045961227,0.0005201161342450756,0.028753624316559777
1321.5,117.66517618164941,0.0005201136399910799,0.028753488519832986
1322.0,116.22458637306991,0.0005202650879496014,0.028761748579774107
1322.5,113.53375999071956,0.0005208061612073843,0.02879125843352316
1323.0,110.3251556947613,0.000522013514741173,0.02885710759806377
1323.5,106.75462150721295,0.0005244865740627852,0.028991988899601383
1324.0,105.79967090272714,0.0005266541512531044,0.02911020891754017
1324.5,106.82935206468157,0.0005294841973035242,0.029264559111474568
1325.0,109.42046519630736,0.0005318238842441106,0.02939216615582628
1325.5,109.8967449097024,0.0005333533333178329,0.029475583353301166
1326.0,108.95477777428538,0.0005339416769479119,0.029507671744319713
1326.5,107.78159981573896,0.0005340645827925143,0.029514375271420343
1327.0,105.49670058658185,0.0005330108330696824,0.02945690371026141
1327.5,105.8114248155007,0.0005302383881876543,0.029305693646790122
1328.0,114.28460716046388,0.0005263510962985489,0.0290936801700318
1328.5,119.39398448390436,0.0005235198898091398,0.028939265680001915
1329.0,117.00403156809146,0.0005242899578257856,0.02898126561693344
1329.5,111.42177901707106,0.0005266700292438489,0.02911107482047566
1330.0,106.17329072813709,0.0005295208227095284,0.029266557259820122
1330.5,104.13391335459592,0.0005306888701965554,0.029330263030317105
1331.0,102.00041033924715,0.0005293966265511299,0.0292597840457437
1331.5,99.50437866391277,0.0005259684855317136,0.02907281280166466
1332.0,98.37351572041955,0.0005223230525989788,0.028873990114272673
1332.5,97.78368550254363,0.000517725158506989,0.02862322000643379
1333.0,97.49421562236658,0.0005144785679031302,0.028446150407117527
1333.5,97.1569850649953,0.0005112944746523923,0.028272489477210082
1334.0,96.82221959986344,0.0005084562898983869,0.02811769468071458
1334.5,96.84996576047573,0.0005064111195019686,0.02800615079676032
1335.0,97.83700118655536,0.0005047736471332935,0.02791684292083532
1335.5,99.79510078761612,0.000504252433831645,0.027888415922747118
1336.0,102.93963160087763,0.0005046374912345412,0.027909416689162508
1336.5,105.07943682871665,0.000507476221685398,0.02806424178519201
1337.0,105.42193277911562,0.00051341440154743,0.028388110598592625
1337.5,104.97155041657618,0.0005217238396826871,0.028841308811423366
1338.0,103.75404157252711,0.0005285291120393797,0.029212469281980923
1338.5,102.5322231563849,0.0005320580313733997,0.02940493729261227
1339.0,101.52563942857691,0.0005310668635069433,0.029350878880961773
1339.5,100.91677790432534,0.0005282302933950571,0.02919617188570861
1340.0,101.82931427641422,0.0005241262603816708,0.028972337303895517
1340.5,103.38734739790267,0.0005197037753499073,0.028731134213312515
1341.0,104.70470765560042,0.000514738482643926,0.028460326570840515
1341.5,106.4022005343131,0.0005099833656025681,0.02820098179427856
1342.0,108.7478418040312,0.0005075069996997208,0.028065920398418594
1342.5,110.39405005600995,0.0005063177529779095,0.028001058474425834
1343.0,110.15486725603029,0.0005081007337126415,0.028098302713844798
1343.5,109.16380341467305,0.0005152013245284688,0.028485569967320566
1344.0,108.29870742186444,0.000523454996742779,0.028935726518414105
1344.5,109.31670398260135,0.0005319175726187753,0.029397276487261786
1345.0,114.8579715873008,0.0005369980301116758,0.029674366214042434
1345.5,120.39042805739716,0.0005358707282703835,0.02961288290518941
1346.0,119.13841606789524,0.000532006918324121,0.029402149657718618
1346.5,115.04124246536111,0.0005285157340844382,0.02921173999019711
1347.0,109.77889986252353,0.0005242575971515255,0.028979500624166057
1347.5,106.21076692318644,0.0005202139872717038,0.02875896103877811
1348.0,104.31561158674303,0.0005157170686794369,0.028513698717435487
1348.5,103.42985060410568,0.0005109407421545459,0.028253197060410584
1349.0,103.34969333333338,0.0005075893838823536,0.02807041335294121
1349.5,104.33547464743572,0.0005041564218317312,0.02788317939230772
1350.0,106.62296217876822,0.0005011724649470177,0.027720434089010267
1350.5,109.01647770047707,0.0004986680237166419,0.02758384125029604
1351.0,110.09978899282795,0.0004973878418742801,0.027514019637884808
1351.5,109.57619531463149,0.0004976805616915841,0.027529984931757425
1352.0,108.04012772397273,0.0004992551281418707,0.027615862063350826
1352.5,106.27449674523044,0.0005017180048366998,0.027750187658810294
1353.0,104.87919390011221,0.0005044733542796718,0.02790046484438131
1353.5,103.6441310580606,0.0005072309537533158,0.028050864595623354
1354.0,102.66289336258497,0.0005094360732115307,0.028171132312571436
1354.5,102.21453685733069,0.0005110036069437871,0.028256625610355038
1355.0,102.29158707000359,0.0005126968141467896,0.028348973347214344
1355.5,102.97228634274943,0.0005151197289999997,0.028481119504999982
1356.0,107.98947221636443,0.0005192656749855959,0.028707240274439844
1356.5,118.47773062914987,0.0005246119895398458,0.028998829022387256
1357.0,123.78663971533845,0.0005292071544197807,0.02924945004976896
1357.5,120.89416174081195,0.0005303797270189899,0.02931340239938468
1358.0,116.65563307092366,0.0005308296533385158,0.029337941451926742
1358.5,113.84315145504804,0.000531981058570033,0.02940073906740025
1359.0,110.85015437720531,0.0005328396137292924,0.029447564774246086
1359.5,107.07316123729794,0.0005328624289195979,0.02944880912758794
1360.0,105.64750172947812,0.0005318456138369884,0.029393352045882074
1360.5,107.24375142842429,0.0005290815187138772,0.02924259804609797
1361.0,107.25878084032554,0.0005255860921567511,0.029051956723684238
1361.5,104.61838166094464,0.0005236353596549554,0.028945563474250403
1362.0,100.94953235273631,0.0005229067210414816,0.028905823616805822
1362.5,97.47429457306261,0.0005222346950906396,0.028869171096643373
1363.0,96.81933280094503,0.0005221230041496056,0.028863079527066186
1363.5,97.67648629080949,0.0005210642545380657,0.028805334965843612
1364.0,100.082090715351,0.0005187806305830393,0.02868078608180214
1364.5,102.20195783376032,0.000516068171071919,0.02853284795126795
1365.0,103.5588990679514,0.0005133146202614774,0.028382668775656525
1365.5,104.15875063492066,0.0005115012241190475,0.02828376589999999
1366.0,104.23024599345047,0.0005106034199615532,0.028234799666446254
1366.5,104.4111391780045,0.0005103205133112246,0.028219369603061227
1367.0,105.34965418020933,0.0005103207784499717,0.02821938404192177
1367.5,106.76037943597437,0.0005104681442336786,0.028227421374218138
1368.0,109.7927840037189,0.0005109725341079853,0.02825493082110304
1368.5,115.72348702165944,0.000512672238221323,0.02834763304634061
1369.0,122.09958562699877,0.0005168349863783426,0.02857467016884058
1369.5,123.84013665960757,0.0005212956796188059,0.028817957086848808
1370.0,122.43502612429366,0.0005248458891602908,0.029011586020556913
1370.5,119.41675403216442,0.0005255443035749701,0.029049677635205922
1371.0,115.76904466130877,0.0005254569560983868,0.02904491367960468
1371.5,111.16043525808836,0.0005252019972028217,0.029031007969954854
1372.0,107.87410295108398,0.0005251473588135458,0.029028027911005977
1372.5,105.54215739146665,0.0005260065709429268,0.02907488989503182
1373.0,103.61873372109915,0.0005280638764303897,0.02918709551642966
1373.5,101.71640236134482,0.0005304275028893883,0.029316007948848977
1374.0,99.75858656494249,0.0005314029354499017,0.029369208480746558
1374.5,98.66185415739375,0.0005296806437020962,0.02927527410894463
1375.0,98.01446359141951,0.0005255829250497481,0.029051784198552307
1375.5,97.64986839009185,0.000520772241921672,0.028789408681980797
1376.0,97.5766407419077,0.000514736695890452,0.02846022917496372
1376.5,99.48549037883146,0.000511517884333977,0.02828467429372255
1377.0,103.85464976857342,0.0005103241646820045,0.02821956887073075
1377.5,108.1093320337477,0.0005116787414702486,0.02829344784191829
1378.0,112.9296475486829,0.0005167655418402065,0.028570882672680424
1378.5,117.5173045052071,0.0005248960436021457,0.029014321584642344
1379.0,118.96658959075295,0.0005277673469202965,0.029170922715260318
1379.5,117.90607764027438,0.0005293112229979811,0.02925512584206651
1380.0,115.6440802628578,0.0005273727869910479,0.029149403214653213
1380.5,112.44272951870302,0.000522845900309977,0.028902506437033085
1381.0,109.63089636579598,0.0005184826450881023,0.02866453358731378
1381.5,107.690639796638,0.0005162068343300937,0.02854041052052153
1382.0,105.37503653276653,0.000514713043844518,0.028458938958435733
1382.5,103.71798134240862,0.0005137316847888045,0.028405415375722453
1383.0,102.60162155019529,0.0005117939637353469,0.028299731992312883
1383.5,102.50564229616703,0.0005092646902612914,0.028161785251200066
1384.0,103.86570087836756,0.0005066873861384506,0.028021218492898136
1384.5,106.53103568055587,0.0005049556116059999,0.02792676706989999
1385.0,110.7845340020839,0.0005043313997971645,0.027892722551314884
1385.5,115.60016781120977,0.0005056108971876107,0.027962506830265493
1386.0,120.59465041025678,0.0005081450853000001,0.028100721650000014
1386.5,124.3602587334859,0.0005100851811721859,0.028206535033926367
1387.0,127.22441206356662,0.0005127565158540395,0.028352230041580554
1387.5,128.43614552208112,0.0005159387781927409,0.028525790981712446
1388.0,128.59709131565657,0.0005211966711125009,0.028812557067784142
1388.5,126.80764220175072,0.0005247282311418183,0.02900516910585697
1389.0,123.64679860899516,0.0005273588396895632,0.029148642602043386
1389.5,120.51278041280611,0.000528143692658644,0.029191448609694914
1390.0,116.13317092466718,0.0005290392421297165,0.02924029232160769
1390.5,112.13461826642423,0.0005296589309373543,0.029274089947863253
1391.0,107.75929282698809,0.0005300602796640444,0.029295979478001163
1391.5,103.58267645009936,0.0005300601193614422,0.029295970962684305
1392.0,100.53921755061272,0.0005297378989892878,0.029278396883482955
1392.5,100.06562456071244,0.0005290219054496882,0.02923934661187598
1393.0,101.45947519151763,0.0005276937026608364,0.029166905919354176
1393.5,103.05608014256828,0.0005257117224704053,0.029058808547495846
1394.0,104.4521446682068,0.0005232548689819023,0.028924811535502512
1394.5,106.93912528189519,0.0005206951981213229,0.028785206737491454
1395.0,110.88787917366473,0.0005193139097118197,0.0287098710819829
1395.5,116.27757903025405,0.0005185639569298796,0.028668968274843373
1396.0,117.5746638178749,0.000521056295708204,0.028804901045645
1396.5,115.0729348146567,0.0005263743177527733,0.029094946643131413
1397.0,111.5807830430771,0.0005300568130974895,0.029295790259135517
1397.5,107.63659839113801,0.0005333152096580324,0.029473504248791912
1398.0,104.08533563681833,0.0005358551990810006,0.029612035228396293
1398.5,101.18218779794904,0.0005377184960321434,0.02971366021174438
1399.0,99.5133641248427,0.0005386202470473038,0.029762842062780657
1399.5,98.61525965745524,0.0005386423313445596,0.02976404685880829
1400.0,97.69219101349715,0.000537486068347822,0.02970098346514105
1400.5,96.94638166455576,0.0005355913367362311,0.02959764432869891
1401.0,97.3192282508796,0.0005335786616542888,0.02948787252285549
1401.5,99.62013066265779,0.0005315327836462293,0.029376290056438315
1402.0,104.93054127400399,0.0005300132188839953,0.029293413111614854
1402.5,108.61928207676715,0.0005303674767510457,0.029312734109141612
1403.0,110.12603202334255,0.0005320718901260502,0.029405693091855194
1403.5,111.69728012193472,0.000536404721918965,0.029642006564051696
1404.0,114.85355625439945,0.0005414652570749841,0.029918008174563693
1404.5,119.77286292725435,0.0005425175810064207,0.029975403020515694
1405.0,121.71576860138892,0.0005410069593749999,0.029893012987160714
1405.5,120.57389929427673,0.0005401863974323649,0.02984825843756847
1406.0,118.48938637689174,0.0005386001232109634,0.02976174339543189
1406.5,115.26606544014808,0.0005356371082293403,0.029600140572782402
1407.0,112.05931617626399,0.0005333044019058424,0.029472914807681775
1407.5,108.95933645027695,0.0005313445714954356,0.029366025361724994
1408.0,106.85438234190977,0.0005297163238929747,0.02927722027776235
1408.5,105.76369215742335,0.0005275639702246999,0.029159830596397946
1409.0,105.73859872187515,0.0005256127258235945,0.029053409426718132
1409.5,105.11325701402923,0.0005233193615416282,0.028928328859345695
1410.0,103.70273585798299,0.000519915748154005,0.028742695282211267
1410.5,102.35323114114105,0.000516041325439189,0.02853138377635134
1411.0,100.68272444323168,0.0005117654035237939,0.02829817429819908
1411.5,98.40892901282209,0.0005076725742151677,0.028074950919239665
1412.0,95.73542146288916,0.0005040619629150154,0.027878027318442918
1412.5,94.48961762704862,0.0005011260607041472,0.0277179028660325
1413.0,95.08622737730745,0.000498497973947402,0.027574566724021796
1413.5,96.46315612297757,0.0004960349507339643,0.027440232970229326
1414.0,97.16073711134868,0.000492960674299765,0.02727256125945051
1414.5,96.5690432294654,0.0004904049802378645,0.02713317339847436
1415.0,95.38030991737226,0.0004887014235785218,0.02704026132540415
1415.5,93.88893765810379,0.00048707651328522544,0.0269516385727542
1416.0,92.82044852103863,0.00048579801516224983,0.02688190900370148
1416.5,91.78899183871047,0.00048489556968932647,0.026832689572487047
1417.0,90.99329919008805,0.00048576150867287403,0.026879917833172534
1417.5,91.00150621540891,0.0004905939998169761,0.027143482736259158
1418.0,93.01129189724975,0.0004974755893247495,0.02751880587918975
1418.5,101.0546833054037,0.0005022393422712891,0.027778621319902344
1419.0,111.84529927344545,0.0005053014635400841,0.027945630012428897
1419.5,122.68753335360661,0.0005081556423168595,0.028101297244183594
1420.0,129.70343955773893,0.0005136127105052205,0.028398926456173187
1420.5,131.6451811281702,0.0005230463759411468,0.028913440369140248
1421.0,130.67249354081335,0.0005335457532125321,0.0294860779706389
1421.5,128.71602898300054,0.0005414113806458988,0.02991506973343685
1422.0,126.0576932363489,0.0005450972377899566,0.030116096880569966
1422.5,122.98882997764716,0.000546724215265705,0.030204834463626873
1423.0,120.48205376006463,0.0005459787244100242,0.030164174953683582
1423.5,121.73354433397378,0.0005441683114983532,0.03006543304166323
1424.0,122.12297007119297,0.0005419953923428225,0.02994692277338408
1424.5,115.50464911807823,0.0005401258959974725,0.02984495921167848
1425.0,106.32879923208425,0.0005382837061615385,0.02974448752988166
1425.5,104.95775967230908,0.0005361322125419924,0.02962714396171876
1426.0,104.08062085861854,0.0005328562134967724,0.029448470158198854
1426.5,102.34131774205594,0.0005291359975335702,0.029245569029363046
1427.0,100.54211426438806,0.0005254313688388691,0.029043518245145634
1427.5,100.36224492948722,0.000520977157688461,0.028800584725288434
1428.0,101.54058173439081,0.0005191277604267173,0.028699718344618725
1428.5,103.21265813664526,0.0005185136483375001,0.028666224538341348
1429.0,104.60700988201847,0.0005189743781367407,0.02869135280786011
1429.5,106.14302052490265,0.0005198604625995311,0.02873968004922466
1430.0,107.43004807570954,0.0005209094965063089,0.028796894426813865
1430.5,107.58676769881853,0.00052173191384985,0.02884174949050431
1431.0,108.12642641912505,0.0005228268478465156,0.02890146717468209
1431.5,109.66252288303777,0.0005239094198514598,0.02896051077627362
1432.0,111.23555224723394,0.0005252062998538727,0.029031242784185427
1432.5,111.64337731485014,0.0005264468512594429,0.029098902635425406
1433.0,111.1284884231168,0.0005268881744339821,0.02912297235762259
1433.5,110.14543925687471,0.000526445740876967,0.02909884205450643
1434.0,108.66804913325424,0.0005259280292036968,0.029070606216532183
1434.5,106.5638608256173,0.0005252092737303241,0.02903140499027778
1435.0,103.89276779772601,0.0005242891265613198,0.02898122010391701
1435.5,102.47687486323706,0.0005236197560470345,0.02894471250754943
1436.0,101.99458454811665,0.000522500756290223,0.028883682006875654
1436.5,102.55946252551017,0.0005211922314170919,0.028812315072066334
1437.0,103.09624371031744,0.0005203172999502551,0.028764595787159866
1437.5,103.7376925387378,0.0005202933463830783,0.028763289780569728
1438.0,105.41796416706521,0.0005222413439411764,0.028869533672812055
1438.5,110.15316906982274,0.0005270367476299961,0.029131075776031055
1439.0,117.68995158021426,0.0005323946328254669,0.029423295706632612
1439.5,124.63802414257312,0.0005367277636731501,0.02965962527869896
1440.0,129.70353789824298,0.0005388583240813139,0.029775825268282322
1440.5,134.11193845625428,0.0005408516336847347,0.02988454053260872
1441.0,134.96030294012215,0.0005437598878328571,0.030043158156044532
1441.5,128.1899404118683,0.0005451571211874474,0.030119362781971366
1442.0,114.37911920483582,0.0005462874407257329,0.030181011968976025
1442.5,102.1649021066671,0.000546195517824,0.0301759980236
1443.0,96.73448609205053,0.0005422180087652683,0.029959064739104976
1443.5,93.54358172722526,0.000535983304523291,0.02961902261847821
1444.0,92.77846418110236,0.0005335063564201349,0.029483928874690663
1444.5,92.79036367090326,0.0005337494037541958,0.029497184969292812
1445.0,92.27733355774774,0.0005333330295967942,0.02947447591282368
1445.5,91.97024897550973,0.0005315798303760407,0.029378856108541452
1446.0,91.79623731265536,0.0005290949587429585,0.029243330891195043
1446.5,91.31469078175499,0.0005267758983417263,0.02911684898831372
1447.0,90.62542276570888,0.0005241008366826783,0.02897095086953301
1447.5,90.33587391396375,0.0005209806523888092,0.028800775203054945
1448.0,92.30325420288489,0.0005164066557309191,0.028551308816323777
1448.5,97.94051626676308,0.0005090192027234671,0.028148396040333167
1449.0,104.14752868472367,0.0005022524612429547,0.02777933686123229
1449.5,109.03794600512086,0.000499236833553178,0.027614864075282842
1450.0,111.93609180476739,0.0004990513875658008,0.027604749845957337
1450.5,111.69326383995944,0.0004984837209665139,0.027573789488119272
1451.0,109.06659109271057,0.0004965000484118046,0.02746559955705759
1451.5,106.17929765643729,0.0004934744543359977,0.027300583134437596
1452.0,104.07766692598989,0.0004893277668397837,0.02707442227288655
1452.5,102.21573210922769,0.0004842451696317406,0.02679721649530043
1453.0,100.97475314953917,0.00048351925786269985,0.02675762512989602
1453.5,99.82438931171903,0.0004852974906127694,0.02685461051131547
1454.0,98.80960061901867,0.0004905057152625633,0.027138667493754536
1454.5,97.91551760899017,0.0004986556395507128,0.02758316577285979
1455.0,97.17496581069622,0.0005051597558480464,0.02793790114095919
1455.5,96.31463351336055,0.0005095427297408882,0.028176949406668796
1456.0,96.73701896796051,0.0005145550067880466,0.02845031951900799
1456.5,101.15579549949597,0.0005185093080376229,0.028665987825535394
1457.0,110.10412386678448,0.0005213446670324249,0.028820628651758634
1457.5,119.50245425583275,0.000522470299948628,0.028882020931557117
1458.0,122.63059521889359,0.0005190314492202827,0.028694465268460236
1458.5,121.46891270756733,0.0005140424572035616,0.028422365288719213
1459.0,118.93929356974029,0.0005105464164447211,0.028231690386160295
1459.5,115.83087354990018,0.0005081732429800461,0.028102257161548093
1460.0,114.0897576319003,0.0005061883927400232,0.02799400330228456
1460.5,113.4279039015151,0.0005035875276459443,0.027852151703030285
1461.0,112.09815455387215,0.000500112995567068,0.02766265012237078
1461.5,109.12083584516897,0.0004969070603072687,0.02748779817190479
1462.0,104.47594594226577,0.0004936595907887699,0.027310680558400177
1462.5,100.28807031828168,0.000492205403480838,0.027231369061942973
1463.0,97.31657725758096,0.0004917755613573046,0.02720792518725934
1463.5,95.48124361318709,0.0004910765450515288,0.027169800784767828
1464.0,95.13352380487393,0.0004900824816691203,0.027115584311287272
1464.5,95.85032673109356,0.0004885903033414495,0.027034200740770092
1465.0,97.96838649341365,0.0004868144300261769,0.02693734438428141
1465.5,102.8352884796771,0.00048583278690033987,0.02688380555928653
1466.0,109.25393311920513,0.00048518027100075513,0.026848217346819563
1466.5,113.205840095634,0.00048485650988807093,0.026830559190675726
1467.0,114.20521689235677,0.00048529586821608356,0.026854521896224514
1467.5,112.9845695440628,0.00048777595922593433,0.0269897864412986
1468.0,111.59031338366688,0.0004929560814093995,0.027272310977349928
1468.5,109.6850376590749,0.000499200292359569,0.027612871056341984
1469.0,107.07652103225573,0.0005059189890526605,0.027979309804926338
1469.5,103.89504700925654,0.0005127373746968294,0.0283511860966902
1470.0,101.77108517834802,0.0005164270962310309,0.028552423723999642
1470.5,99.9411120840568,0.0005188611966823331,0.028685180032389585
1471.0,98.66964193431613,0.0005194095533725278,0.028715087313367492
1471.5,97.8313926416501,0.0005183397729726589,0.028656741218762456
1472.0,97.39459321644487,0.0005162329160779954,0.02854183299698421
1472.5,97.08630765811607,0.0005136542480445088,0.028401192433631428
1473.0,97.03116949136677,0.000510919094598086,0.02825201643450176
1473.5,97.15581190521208,0.0005084166725307241,0.028115534102836074
1474.0,97.42483776709281,0.0005064008813827876,0.028005592490346114
1474.5,99.64027959041489,0.0005049687406988438,0.027927483124680578
1475.0,102.72616441334218,0.0005042945780227181,0.027890714352352942
1475.5,105.54094970275891,0.0005054390841087342,0.027953136062168798
1476.0,107.06505086603288,0.0005083624826521175,0.02811257853283492
1476.5,107.37538836792837,0.0005118585406654819,0.028303253996089222
1477.0,106.47847366920534,0.0005142812328687755,0.028435387944756876
1477.5,104.8191733155271,0.0005158875619874465,0.028522997657478632
1478.0,103.11454264509842,0.0005166497593114253,0.02856456789579671
1478.5,100.45310941038356,0.0005171170523336732,0.028590053989781768
1479.0,98.43103718835034,0.0005170745046585277,0.02858773352107325
1479.5,99.11300936187108,0.0005166484455573715,0.028564496288325546
1480.0,103.22063430452965,0.000516452574144298,0.02855381330293589
1480.5,105.60209888426506,0.0005172150780031122,0.028595400435399255
1481.0,105.07443208420962,0.0005197326915426838,0.02873271158417118
1481.5,103.08217159734589,0.0005236264849721096,0.02894507981363175
1482.0,100.81476942749127,0.000526269810338425,0.029089246861600086
1482.5,98.83296711869211,0.0005278957849329087,0.029177927672333404
1483.0,97.85369439195377,0.0005276405419014461,0.0291640065317354
1483.5,96.88292249136916,0.0005258292490422714,0.029065218592251862
1484.0,96.06742957701859,0.0005227288596849399,0.02889612286343229
1484.5,95.5226758114063,0.0005178031733041326,0.02862747503666491
1485.0,96.93757850174772,0.0005135531140949408,0.028395676123790275
1485.5,101.45391026629765,0.0005090465747387793,0.02814988900598466
1486.0,104.42939348972261,0.0005070352031293567,0.028040188465951753
1486.5,105.36208814144463,0.0005071833271948214,0.028048267410734032
1487.0,104.75437976590658,0.0005077762232366447,0.028080603950449857
1487.5,104.2369257450797,0.0005068293615722588,0.028028961820796634
1488.0,104.08247540655357,0.000503832553711554,0.02786551526847058
1488.5,103.22517658939896,0.0005001685119820049,0.027665678252408583
1489.0,101.78949492146792,0.0004955936390269959,0.027416163979921217
1489.5,100.13822839945827,0.0004916017775117146,0.02719844696199622
1490.0,98.36587405935622,0.0004887846301082471,0.027044799383598855
1490.5,96.13321950301442,0.00048675848306058476,0.026934293136913128
1491.0,94.310918827052,0.0004870500349575028,0.02695019448484293
1491.5,92.56361032142874,0.0004893724564795915,0.02707685978099488
1492.0,92.61322566291017,0.0004934432874917071,0.027298883286997637
1492.5,94.27380206354886,0.0004981260273168588,0.027554280385462315
1493.0,96.83183483807927,0.0005021858832663316,0.02777570560276382
1493.5,99.84026525735543,0.0005049651159573832,0.02792728564150562
1494.0,103.64434992944128,0.0005066359638602079,0.028018413997442558
1494.5,107.1761571809205,0.0005081366622695174,0.0281002621569033
1495.0,110.93576914202811,0.0005106425408947819,0.028236932924347792
1495.5,112.6205007691119,0.0005130085455752161,0.028365975476438446
1496.0,113.34192989410829,0.0005151105828539975,0.028480620732170295
1496.5,112.83375682249317,0.0005152368925762195,0.028487509722332317
1497.0,111.82177950441904,0.0005137187091964595,0.028404707890756102
1497.5,110.99178895754916,0.0005118663945925887,0.028303682340248403
1498.0,110.64625615981205,0.0005105681570920755,0.028232876448583456
1498.5,110.95042191153988,0.0005103652571599261,0.028221809933329914
1499.0,111.55463366272049,0.0005114566496050094,0.028281334507175127
1499.5,111.34960653286902,0.000513289024525146,0.02838127270745528
1500.0,109.73289204444427,0.0005150866649555558,0.028479316532222233
1500.5,107.9978651870554,0.0005161874758780044,0.02853935474852555
1501.0,106.5948068289232,0.0005165546868100384,0.028559382638133714
1501.5,105.47149520538723,0.0005162121060911111,0.028540698144646465
1502.0,104.60501825295438,0.0005156080154838407,0.028507751106726802
1502.5,104.06800696700695,0.000515246152343542,0.028488014830559256
1503.0,104.761412962963,0.0005160138664874553,0.028529885951075272
1503.5,107.60626868187045,0.0005185661242106047,0.0286690864898974
1504.0,110.45788668157721,0.000522002272875733,0.028856494738461573
1504.5,110.50896306600308,0.0005251749295552821,0.029029531758901883
1505.0,107.90361723345771,0.0005270544465841993,0.029132040936373074
1505.5,102.84900577797472,0.0005279871905036741,0.029182912983322207
1506.0,98.05546223310611,0.0005283545372405813,0.02920294843632939
1506.5,94.05691867898038,0.0005283687140053134,0.029203721149891563
1507.0,92.71185741722674,0.0005271114752645313,0.029135151364521543
1507.5,93.31222201995995,0.0005242267522223237,0.02897781815028532
1508.0,95.09668837328071,0.000521053075554015,0.028804725135319304
1508.5,96.89542004068274,0.0005173402391188338,0.02860222657728698
1509.0,97.48609169430988,0.0005152111042003229,0.02848610317108238
1509.5,98.76280501372301,0.0005144429674892292,0.02844420919571565
1510.0,100.29641911405577,0.000515903032146521,0.028523841342426064
1510.5,100.69827562208572,0.0005190064813735865,0.028693103912481536
1511.0,99.72405525465754,0.0005212013854504889,0.028812814193624497
1511.5,98.40386034870892,0.0005236480232812705,0.028946253979006673
1512.0,97.34563713538057,0.0005252963048135215,0.029036151576225855
1512.5,96.6114985329896,0.0005266728359477754,0.029111227803191475
1513.0,97.05307155101849,0.0005277152781717173,0.029168082865774773
1513.5,98.63201222596544,0.0005281914342662798,0.029194052533808832
1514.0,101.00459389005171,0.0005279956363785765,0.02918337363670621
1514.5,102.77199907488298,0.0005271273529104802,0.029136017439010183
1515.0,104.15520945639625,0.0005257258220253102,0.02905957760144268
1515.5,106.43246108666861,0.0005245300499526742,0.02899436006124118
1516.0,108.65620723903824,0.0005234241505759496,0.02893404395748488
1516.5,107.91204429951716,0.0005232825749565218,0.028926322445652176
1517.0,104.61864742551488,0.0005245316909237563,0.02899444938245747
1517.5,100.23102384275546,0.000525779887978801,0.029062526271418126
1518.0,98.16109360376805,0.0005259086583336702,0.029069549451040826
1518.5,97.50111408944593,0.000524235061588001,0.028978271585399677
1519.0,96.0951453102168,0.0005217258416780561,0.02884141803971146
1519.5,93.06713146568832,0.0005196180395081643,0.028726458166423028
1520.0,90.41679008039581,0.0005179586368396621,0.0286359540050693
1520.5,88.53508635113766,0.0005161675246661724,0.02853826644065283
1521.0,87.85560654709059,0.000514014854016864,0.02842085981734294
1521.5,87.38351479707825,0.0005101460170423418,0.028209852818329134
1522.0,87.29324281488243,0.0005049940435526138,0.0279288631558206
1522.5,87.59575943790851,0.0005009776506157792,0.02770980848436039
1523.0,89.59052485718807,0.000497615999876257,0.027526463786093847
1523.5,94.1486511037761,0.0004976236841659717,0.02752688263307853
1524.0,97.58118230259461,0.0004988726481917179,0.02759500137897814
1524.5,99.07397433162531,0.0005001147909249351,0.027662748216709925
1525.0,99.07698431005132,0.0005013052672009132,0.027727676757534243
1525.5,99.38499518461357,0.0005027549886450316,0.027806744934862574
1526.0,100.31996198950756,0.0005045040870980974,0.027902141035525997
1526.5,100.95518341756915,0.0005072034894811757,0.02804936691552345
1527.0,100.57220839335842,0.0005113448403926189,0.028275236871349942
1527.5,99.01207133768864,0.0005139746451315108,0.028418666491438867
1528.0,96.82721111269421,0.0005156594505450021,0.028510555989653998
1528.5,95.33369630350798,0.0005167961729438496,0.02857255321273479
1529.0,94.41318200947056,0.0005181976690375683,0.02864899105244395
1529.5,93.96571085358742,0.0005196583744152695,0.02872865822912542
1530.0,93.81044236077453,0.0005210136991132908,0.028802577958838227
1530.5,94.00432056613752,0.0005224991102665243,0.028883592474235952
1531.0,96.44660113539582,0.0005235937041091203,0.028943291464576533
1531.5,100.23676367765403,0.0005246783625533582,0.029002448946857256
1532.0,103.42277260956504,0.0005255288993368856,0.029048837381497924
1532.5,104.5242616695873,0.0005255881825959526,0.029052070647790182
1533.0,103.54049505440783,0.000522469997325042,0.02888200460056913
1533.5,101.55067690292594,0.0005181472733806078,0.028646242387577965
1534.0,98.6330617461875,0.0005151801119941177,0.028484412973019613
1534.5,96.15702713865953,0.0005125454028092354,0.02834071554999998
1535.0,95.87713458388383,0.0005089800219383208,0.028146259253295464
1535.5,98.89373800346264,0.0005062337997743376,0.02799647962205021
1536.0,101.23904448175145,0.0005049711808044929,0.027927616159107462
1536.5,99.72287500027014,0.0005060530700091074,0.027986622344980765
1537.0,96.9126342372966,0.0005093620231166988,0.028167093558918437
1537.5,93.95396687124162,0.0005128951064063881,0.0283597885164596
1538.0,91.42515709632879,0.0005162026746674063,0.028540183613525522
1538.5,90.07709990933708,0.0005185226147560979,0.02866671344390246
1539.0,89.54921080091447,0.0005194220781394111,0.028715770363267112
1539.5,89.23048589990442,0.0005187409262121212,0.028678620293509167
1540.0,88.80735565885999,0.0005161905661538464,0.028539523141257836
1540.5,88.02234267057067,0.0005131652819093291,0.02837452379744545
1541.0,86.96008869590999,0.0005108429839331773,0.02824786529862252
1541.5,85.69810074045532,0.0005094407917933187,0.028171389678395744
1542.0,84.0340920531694,0.0005083218469328194,0.028110362263381056
1542.5,82.79925999306555,0.0005078730987472466,0.02808588748316813
1543.0,81.6441141467817,0.0005078798174008811,0.02808625411624449
1543.5,80.81482371453211,0.0005086954926833542,0.02813074101973717
1544.0,80.68480741479378,0.0005093341879311569,0.02816557531149752
1544.5,81.06080893003356,0.0005092246157454805,0.02815959908007313
1545.0,81.95458629192065,0.0005074940598279929,0.028065214498751715
1545.5,82.99623429501385,0.0005047523507219529,0.027915681386391965
1546.0,84.19580968141837,0.0005014283799973452,0.027734391792299546
1546.5,84.45381910621713,0.0004992372425312672,0.027614886362969018
1547.0,84.78907194667707,0.0004970341861594863,0.027494731411784958
1547.5,86.06986500010682,0.0004949773942960115,0.027382554015112925
1548.0,87.46530412592232,0.0004935392747298878,0.027304118717377483
1548.5,89.24987713621987,0.0004929584375845503,0.027272439662624905
1549.0,91.85155185251422,0.0004945036876320069,0.02735671768631196
1549.5,94.21652115265489,0.0004978504100514533,0.027539248520518145
1550.0,96.72934346361771,0.0005016876516010825,0.027748532312996354
1550.5,98.57533277735652,0.000504673473047129,0.027911379145964255
1551.0,98.23467601627782,0.0005055755451576263,0.027960578575011583
1551.5,96.92705163882589,0.0005066220962116218,0.0280176575606429
1552.0,95.11879161330499,0.0005074290387255684,0.028061668223254885
1552.5,93.52958479762542,0.0005077001362683524,0.02807645376199021
1553.0,92.55429855057628,0.0005075168303585148,0.02806645658143406
1553.5,92.1865197988554,0.0005074265882432998,0.028061534482726132
1554.0,91.90030301491811,0.0005078781135789015,0.028086160873692246
1554.5,92.46305629949366,0.0005089614329103988,0.028145245691214293
1555.0,93.86306108460498,0.0005107230945356442,0.02824132676905657
1555.5,94.23603066436687,0.0005134778847169237,0.028391573144947238
1556.0,93.06839386756742,0.0005157711486089403,0.028516648472224227
1556.5,90.3363990560678,0.0005166231311002304,0.02856311586468894
1557.0,87.7225382437278,0.0005150545175806453,0.028477563241129038
1557.5,85.96299475789026,0.00051209880734204,0.028316357834732117
1558.0,86.41531055273926,0.0005095399321380573,0.02817679683590632
1558.5,88.86185093817156,0.0005078233835349466,0.028083176059811844
1559.0,91.325147429147,0.000506718920809332,0.028022938346198165
1559.5,92.40552289780663,0.0005061597997110216,0.02799244366976767
1560.0,91.58388563526184,0.0005064401517156299,0.028007734340553
1560.5,89.66730794458168,0.0005076239071111111,0.028072296193580246
1561.0,88.25331432862028,0.0005092351481131089,0.02816017349073138
1561.5,86.73817460156722,0.0005123040381133088,0.028327551629800034
1562.0,85.44315748496516,0.0005158747621667626,0.02852229934229658
1562.5,84.28353000974556,0.0005198568003000573,0.028739480581746468
1563.0,83.42106456310668,0.0005231395157977655,0.02891852006794287
1563.5,82.71206682358107,0.0005251114113154331,0.029026067728305502
1564.0,82.1809384173144,0.0005254799814423484,0.029046169578825776
1564.5,82.18524855224129,0.0005248426273111588,0.029011407916587982
1565.0,82.57849643143024,0.000522735791273481,0.028896501120524883
1565.5,82.66491593486394,0.0005175915930345252,0.028615935662365474
1566.0,82.65428630449487,0.000508219212642499,0.02810476470464846
1566.5,83.14229579296565,0.0005021567159712229,0.027774115101438845
1567.0,84.58324261715269,0.0004967133798343753,0.027477234583302097
1567.5,86.61274028292718,0.000495202304580895,0.02739482048421749
1568.0,88.67001150879999,0.0004958661984159778,0.02743102908405647
1568.5,90.60230705955796,0.00049682485246708,0.02748331438477925
1569.0,91.02038311998572,0.0004960148870903905,0.027439139000445714
1569.5,91.19560739019705,0.0004936869224843823,0.02731217116989427
1570.0,92.26563898125781,0.0004915826495746982,0.02719740400146874
1570.5,94.48845487422874,0.0004892094858327891,0.02706797098145004
1571.0,95.92258660239533,0.00048730407039898876,0.02696404961280013
1571.5,96.53635437595267,0.0004846613895974729,0.026819917402608296
1572.0,97.2403088115723,0.000481910385323105,0.026669877068041536
1572.5,98.62749608307935,0.0004800002788299818,0.02656569949940585
1573.0,100.00415977995627,0.0004806730416122004,0.026602391825490193
1573.5,101.87575551493921,0.0004829918682662194,0.026728861349395984
1574.0,102.19237330297625,0.00048639890379251053,0.026914681620519684
1574.5,100.87680148042028,0.0004899285272636102,0.027107187890257876
1575.0,98.53957187652972,0.000492883911295003,0.027268374861445475
1575.5,94.59879586570544,0.0004960720498098465,0.02744225654927066
1576.0,90.08474100079023,0.0004977277669010565,0.02753255929035542
1576.5,86.13929489690811,0.0004983016571826943,0.027563859335226575
1577.0,83.80367875261709,0.0004972088678325665,0.027504258567033403
1577.5,82.62487772859049,0.0004942429909123947,0.027342499382106217
1578.0,82.14626741629007,0.000488484776367511,0.02702844547131608
1578.5,82.39132522812768,0.00048205054154320994,0.026677521126020093
1579.0,82.50206754214207,0.0004775053089639337,0.026429623490223732
1579.5,82.19184272689171,0.0004735649211907322,0.02621471430371764
1580.0,81.36809486467183,0.0004706751529632294,0.02605710599444331
1580.5,80.22756509339254,0.0004677468437281852,0.02589739538325699
1581.0,79.36363243617997,0.0004651984068124506,0.025758403378762992
1581.5,78.69970162721572,0.00046203466514593345,0.025585852288509483
1582.0,78.81957180758366,0.00046067402845592235,0.02551164271046513
1582.5,79.23097043306483,0.000459657990016228,0.02545622813496214
1583.0,80.92966616402104,0.0004591104660822511,0.025426366012554113
1583.5,84.20930478196517,0.0004592948353359819,0.025436421661838817
1584.0,86.65602070519422,0.00046002140634097277,0.025476048733432476
1584.5,87.75883808775296,0.00046102050672346747,0.025530539979431385
1585.0,87.19137727690097,0.00046229731928837874,0.02560017725832138
1585.5,85.85267542903894,0.0004630736004263803,0.025642515856871162
1586.0,84.5219792557383,0.0004641212743875686,0.02569965619213894
1586.5,83.00797910203887,0.00046579339950727334,0.025790854365227576
1587.0,82.13550831503314,0.0004672090754091149,0.02586806533325708
1587.5,81.4292118450222,0.00046856890182900003,0.02594223074604
1588.0,80.99620701833186,0.00046946148924486224,0.025990912494183786
1588.5,80.62422817658849,0.00046995906902656576,0.026018050572755476
1589.0,81.5034012772284,0.0004702089051716114,0.026031676567481093
1589.5,86.01714443274788,0.0004703164193905817,0.02603754066724377
1590.0,89.62274993101825,0.0004704019125356954,0.026042203458355367
1590.5,91.11015952240041,0.0004708048046311731,0.026064177277339028
1591.0,90.38304322171308,0.0004723855210947915,0.026150389484635404
1591.5,89.22595502208816,0.0004753773247020207,0.026313563069128954
1592.0,89.2242879408259,0.0004790512127414802,0.026513937507491432
1592.5,90.6688865666266,0.0004829040510674368,0.026724071738946756
1593.0,91.92577104898977,0.00048626503843181783,0.026907380530909072
1593.5,92.2026485353918,0.0004877270302737259,0.026987117964027266
1594.0,91.43449129729949,0.0004874397207444591,0.02697144782703163
1594.5,89.81963590048602,0.0004867307723053608,0.026932781696325056
1595.0,87.61484117537903,0.0004858642469488637,0.026885520998380687
1595.5,86.47487847742647,0.00048519056774862674,0.026848778579408983
1596.0,85.55677576649225,0.00048424863259162313,0.026797405337277494
1596.5,84.76159479601702,0.0004832981037232633,0.026745563388136304
1597.0,83.31816155194451,0.00048240083308755257,0.026696626428775152
1597.5,81.51526864659623,0.0004817453252476232,0.026660874863973023
1598.0,79.79466016832518,0.0004808774489842455,0.026613540913723057
1598.5,78.39144030588494,0.0004794714450994975,0.026536857013889446
1599.0,77.32279737543514,0.00047744400697335185,0.02642627999425211
1599.5,76.35048716743198,0.00047488683404958704,0.026286811516391197
1600.0,75.31584581609206,0.00047133733637931075,0.026093221555172436
1600.5,74.23864861728038,0.00046588116972467406,0.025795641232826343
1601.0,73.99798241959812,0.00046116441056664727,0.025538388773293383
1601.5,74.20319990208812,0.0004553234054871153,0.025219819337617865
1602.0,75.0653256532375,0.00044984329138264545,0.024920933202779848
1602.5,76.61752982188389,0.0004481195453497521,0.02482691975555841
1603.0,78.67636607884417,0.0004491584708517191,0.024883582617316588
1603.5,80.43729753999537,0.00045081530894246403,0.024973946758458467
1604.0,82.58758183723113,0.00045227516303845375,0.02505356756455308
1604.5,84.99709904323514,0.00045306459305237314,0.025096623226616203
1605.0,87.51466459815708,0.0004533769604248811,0.02511365963647179
1605.5,89.45092061267039,0.00045350744973391517,0.025120776808495893
1606.0,90.65717188811472,0.00045397790129790946,0.025146435429126746
1606.5,90.33271741775545,0.00045516908042574056,0.025211402441180322
1607.0,89.42846116201044,0.0004571757822155833,0.025320848205066925
1607.5,88.04637755867937,0.0004600436257790534,0.025477260696297747
1608.0,86.39814081697843,0.00046310628837134885,0.025644298662438683
1608.5,84.72498798412687,0.00046589359428571444,0.025796319060714296
1609.0,83.30848172539021,0.00046830047630539345,0.025927590473102034
1609.5,81.82012713625893,0.000470777565355983,0.026062691346702475
1610.0,80.77139123325196,0.00047220469347101926,0.026140527228747497
1610.5,79.63020414347586,0.000473347763738446,0.026202870291368967
1611.0,78.77767246983505,0.00047374018502664884,0.02622427312137741
1611.5,77.67532173689206,0.000473753130908069,0.026224979168436174
1612.0,76.99240793841962,0.0004733919994652557,0.026205283184482113
1612.5,77.38951480330675,0.00047270455170357156,0.026167789415476195
1613.0,78.95610972105767,0.00047189264861473084,0.02612350807419263
1613.5,80.62689029455626,0.0004708002534429702,0.026063928674156987
1614.0,81.95118937765682,0.0004694475241753929,0.02599015065210432
1614.5,83.08408334922491,0.00046765946491860447,0.02589262994494185
1615.0,84.02662817804146,0.0004660030045395882,0.02580228599218694
1615.5,84.96759557668767,0.00046425467061613564,0.025706931749116476
1616.0,85.26259281512806,0.0004633120512896404,0.025655521243868915
1616.5,84.84817503740229,0.00046391597349880985,0.02568845917885073
1617.0,84.15324444147123,0.00046556720097477085,0.025778517245756888
1617.5,83.51233919987695,0.0004677526539353134,0.025897712289642588
1618.0,83.13614332898133,0.0004694970605319148,0.025992852435589936
1618.5,82.70338611584911,0.00047152062453908864,0.02610321809257943
1619.0,82.25240132700287,0.00047324673461689577,0.02619736023588735
1619.5,81.79304102692286,0.0004744542791006328,0.026263220014822078
1620.0,81.26494424425326,0.0004751063639694072,0.02629878468797323
1620.5,80.50774956974433,0.000475410742267253,0.02631538576096349
1621.0,79.76818481244952,0.00047535027745609367,0.026312087682632608
1621.5,79.78430127308006,0.00047500082618599174,0.026293028547233664
1622.0,80.68183641464721,0.0004745545166448152,0.026268686759296778
1622.5,82.19575496328385,0.0004740744580065006,0.02624250459821235
1623.0,82.71820058809958,0.00047410598520980474,0.026244223718051518
1623.5,82.54024721116639,0.0004753576545522389,0.026312490269154235
1624.0,82.10802481919062,0.00047818018241169353,0.026466431380816106
1624.5,81.77424534866852,0.0004804611930377015,0.026590838160247474
1625.0,81.44625670915761,0.00048265632218999087,0.02671056044418732
1625.5,81.35434806273987,0.0004842315146169177,0.026796471763385746
1626.0,81.70642212528601,0.00048540258763455133,0.026860342151162783
1626.5,82.46704649340533,0.0004864752432119266,0.026918845339214938
1627.0,83.24040563825847,0.00048775312109809656,0.026988541158034403
1627.5,83.88472611605664,0.0004891042315303093,0.027062230713999567
1628.0,83.72478407351781,0.0004899881958234076,0.02711044203913344
1628.5,82.85501154607559,0.0004907707996803297,0.027153125651392294
1629.0,81.86674523575346,0.0004913518329106508,0.02718481491235615
1629.5,80.77918728190313,0.0004917186769112816,0.027204822878915666
1630.0,79.53980262528708,0.0004918252190657847,0.02721063340209315
1630.5,78.14822675140984,0.0004917388582113174,0.027205923369672855
1631.0,76.78882602603035,0.0004913604673786699,0.027185285940742963
1631.5,75.62449761527218,0.0004906456848581986,0.027146301400529267
1632.0,74.5134323477446,0.0004894055949481192,0.02707866707243839
1632.5,73.90774333406489,0.0004880046823668465,0.02700226125167566
1633.0,74.08421417328893,0.00048599082838329756,0.02689242510381869
1633.5,74.77492977034984,0.00048312587719011096,0.026736170342479083
1634.0,75.58488719151077,0.000477964587488763,0.02645467261825837
1634.5,75.86954489771925,0.00047356947595806963,0.02621496266061273
1635.0,75.98693608253907,0.0004695374797760202,0.025995056943147177
1635.5,75.91191818019536,0.0004672932502877923,0.02587265637254901
1636.0,75.63219567800738,0.00046706991979544497,0.025860475938528048
1636.5,75.23858593830586,0.0004687565659937459,0.025952465765983337
1637.0,75.1081898926111,0.00047147350649322906,0.0261006480553457
1637.5,75.5880597219317,0.0004730165308246196,0.026184805069664915
1638.0,76.24725542260231,0.0004734271441462062,0.02620719984723586
1638.5,77.29238238054505,0.000473415708845057,0.02620657616297529
1639.0,78.02872535320594,0.00047300708065809376,0.026184289377441588
1639.5,78.84318962482055,0.0004715225598937085,0.026103323624662438
1640.0,79.41418007123701,0.00046990296211413263,0.026014990484967453
1640.5,80.23525759768984,0.00046816920420336813,0.025920431074627607
1641.0,81.47307220360301,0.0004664298541725868,0.025825566672858343
1641.5,82.65491796177098,0.00046559533675466134,0.025780051723267906
1642.0,83.49473797265145,0.0004654586157767196,0.025772595167724868
1642.5,83.68108469182575,0.00046563255572246696,0.02578208152185022
1643.0,83.08465207175736,0.00046600178676211445,0.025802219720308366
1643.5,82.17223203610551,0.0004663903995879481,0.02582341496697015
1644.0,81.00195841612558,0.0004669723805789186,0.025855156136255233
1644.5,79.5668637141328,0.00046786234087969463,0.02590369469430608
1645.0,78.0569883671159,0.0004689105391319077,0.02596086360176795
1645.5,76.90235846482098,0.0004698949339190368,0.02601455241581748
1646.0,75.9257917006628,0.0004709619185847257,0.02607274599917662
1646.5,75.39663512001971,0.00047156026923719384,0.026105380059465486
1647.0,74.85489836954378,0.0004720136026552837,0.02613010496068836
1647.5,74.47462708145628,0.0004720297489684531,0.02613098563434307
1648.0,74.01884741786142,0.00047184730704301076,0.026121035224148745
1648.5,73.36638476666381,0.0004716718792121538,0.02611146751528637
1649.0,72.77741004180321,0.00047169319488781755,0.026112630046272945
1649.5,72.16896703258077,0.00047157831749103585,0.026106364763027887
1650.0,71.95657234559538,0.000471169256316733,0.026084054217529875
1650.5,72.21567710891982,0.00047029893553087663,0.02603658656591634
1651.0,72.84241063598928,0.0004686824153117532,0.02594842143978089
1651.5,73.45790918087906,0.0004661133190422457,0.02580830254269723
1652.0,73.91236857685976,0.0004619371482105971,0.025580533427862588
1652.5,73.9751382439207,0.00045703249241863116,0.0253130331657127
1653.0,73.8806214753086,0.00045253849708333245,0.025067929951388842
1653.5,74.0444486679467,0.0004497879172318676,0.024917912672205094
1654.0,74.44881940905019,0.0004484596217155425,0.02484546740201613
1654.5,75.73919018618278,0.00045004436554150617,0.02493189942391423
1655.0,78.49698918638009,0.00045507215483871,0.025206115684274208
1655.5,82.14471850820226,0.0004633910906973218,0.025659831799382526
1656.0,84.33727455166037,0.00047118445725297196,0.026084883471248432
1656.5,84.14250586430774,0.00047556561770833344,0.02632383264146826
1657.0,82.661638242199,0.0004776586862422225,0.02643798898867195
1657.5,80.61770845009087,0.0004784722718900105,0.026482361856456665
1658.0,77.90422086867808,0.00047861093514484624,0.026489924732360205
1658.5,75.49137783608575,0.00047834751353641587,0.026475557536015992
1659.0,73.18585818439256,0.0004778747498525915,0.026449773093747027
1659.5,71.67803751466188,0.0004770762542558252,0.02640622301077034
1660.0,70.9737164604362,0.00047606934113644084,0.026351305455154808
1660.5,70.71865699167942,0.00047459149709643255,0.026270703939562
1661.0,71.00247145327452,0.00047276400286092697,0.02617103228589403
1661.5,71.68675780056535,0.0004717156156836247,0.026113852804530994
1662.0,72.36247236459275,0.0004704806711192026,0.026046498645189715
1662.5,72.70568062549215,0.00046846096004804814,0.025936343402402407
1663.0,72.54557953624821,0.0004650143655404391,0.025748365770407206
1663.5,71.76679933333357,0.0004590610190540555,0.025423669155855935
1664.0,71.10498001577294,0.00045369782567650685,0.025131159876829953
1664.5,70.66727715175865,0.00044838116830011064,0.024841188613603564
1665.0,70.66984608798472,0.0004456342310045209,0.024691370109267634
1665.5,70.76139685794283,0.00044394101399083686,0.024599021893163736
1666.0,70.85981090472174,0.00044367539620976485,0.024584534825370704
1666.5,70.77856825568358,0.0004439644375208582,0.024600299309237187
1667.0,70.44617660049768,0.0004444121699258894,0.024624718756126485
1667.5,69.89120985205972,0.00044492051411071197,0.024652444063002474
1668.0,69.20814264016029,0.00044512768560598314,0.02466374333699821
1668.5,69.13630580074734,0.0004448981681177053,0.02465122496793274
1669.0,71.0394027094199,0.000444608735882353,0.02463543950617917
1669.5,73.99380165419703,0.00044426850590287764,0.024616883185467623
1670.0,76.49972860461095,0.0004444186792384105,0.024625074019536425
1670.5,77.12014746479176,0.000446215123183453,0.02472305214968115
1671.0,77.9935671932793,0.00045014883651336735,0.024937597484351225
1671.5,79.32394580404768,0.00045373837599084374,0.025133371362655334
1672.0,80.93673110058434,0.0004576509880120487,0.025346765825301227
1672.5,81.02003489711255,0.0004594553757421877,0.025445177309025502
1673.0,80.02098532314497,0.0004599184358881579,0.02547043284120066
1673.5,78.77987291979478,0.00045983117670115394,0.02546567396396737
1674.0,78.08884259622857,0.0004598514671682289,0.025466780553963165
1674.5,76.93207313914631,0.0004598075020145969,0.02546438253653846
1675.0,75.26202414993273,0.0004596822332379518,0.025457549944126506
1675.5,72.9938945176434,0.000459547707915601,0.02545021310707838
1676.0,69.79329934315595,0.000459381265701541,0.025441135512368207
1676.5,67.55340009002427,0.00045904663785888074,0.025422884651216546
1677.0,67.18454192868887,0.00045840669536488955,0.025387981911179813
1677.5,67.60454070427531,0.0004572560502232637,0.025325225684950395
1678.0,67.96596526441594,0.00045527821897336026,0.025217354709525013
1678.5,67.72882933955171,0.00045332270551441033,0.02511070062213473
1679.0,67.11827008793388,0.0004507253526413672,0.024969040498957023
1679.5,66.65398696803778,0.0004483972518939517,0.02484206568093076
1680.0,66.43016299470301,0.0004453841147446085,0.024677728953575485
1680.5,66.51368434977087,0.0004433244043454411,0.02456539188984111
1681.0,66.618462853208,0.0004415270140772614,0.024467361712394747
1681.5,66.59558734894398,0.00043995894132566467,0.02438183895507037
1682.0,66.44173247879652,0.00043906415448720696,0.024333036792132202
1682.5,66.2673996885762,0.00043870821066190573,0.024313623867917286
1683.0,66.15837554703195,0.0004390265714109589,0.024330987608630138
1683.5,66.30851041850572,0.0004397669712164318,0.024371368758641317
1684.0,67.09569845866565,0.00044027758946552027,0.02439921772538557
1684.5,68.9896655782896,0.00044127558825652046,0.024453649233046333
1685.0,71.25811720266849,0.00044210387116041286,0.02449882367597561
1685.5,73.98233255802471,0.0004429743348324916,0.024546299142348484
1686.0,77.12866066530005,0.00044429888761368896,0.024618540356972148
1686.5,78.71512004897505,0.0004457206317193989,0.024696082298052206
1687.0,78.87138780572597,0.000447030987392638,0.024767549529141102
1687.5,77.99165009436467,0.00044788852120517723,0.024814319834218595
1688.0,76.68963207176664,0.0004485249514350075,0.024849030594708582
1688.5,75.36109216362541,0.00044910884650955655,0.024880876179235484
1689.0,73.88433071222707,0.0004498013902248953,0.024918647605962338
1689.5,72.79816841314667,0.00045023835107808955,0.024942479711626282
1690.0,71.38410941037019,0.0004506690259333334,0.024965968357333335
1690.5,70.39996913888417,0.0004509012965461042,0.024978636527557958
1691.0,69.32252863670527,0.00045104599110162104,0.02498652816711696
1691.5,68.16518055112866,0.000451082358247012,0.024988511743227092
1692.0,67.4603629629147,0.0004509984467014341,0.024983935287288137
1692.5,66.76409309970379,0.00045077115641520136,0.02497153873893931
1693.0,66.46294440098275,0.00045043250918752137,0.024953068647034622
1693.5,66.11582473182233,0.00044976458737162954,0.02491664038682298
1694.0,65.96897843940333,0.00044905177195983645,0.024877763239196733
1694.5,67.1572834083565,0.00044819718073483265,0.024831153776778244
1695.0,69.50010395100179,0.00044726399311718586,0.024780257453750797
1695.5,71.5328477896006,0.0004464537271838686,0.024736065600125305
1696.0,72.20465126637558,0.00044566030494203534,0.024692792336979394
1696.5,72.06461634885845,0.00044536531754109593,0.024676703613424656
1697.0,71.77835775820598,0.0004459621127816512,0.024709252869110084
1697.5,71.4552529687426,0.0004468681974991103,0.02475867094423487
1698.0,71.41668589508808,0.00044816780730512517,0.02482955192976507
1698.5,71.90705997160933,0.00044901986466903916,0.02487602325430605
1699.0,72.81914518658179,0.00044976441350464883,0.024916631150439055
1699.5,73.57431858675423,0.0004507319672876285,0.024969401361502296
1700.0,73.30132222285384,0.00045114300229275224,0.024991819299289435
1700.5,72.6498182241525,0.0004517844783085713,0.025026805739611423
1701.0,71.77593375911252,0.000452261875423184,0.025052842850685663
1701.5,70.7056201425602,0.0004525047044264339,0.025066086651059853
1702.0,69.55485322296072,0.0004526596393081239,0.025074537099044256
1702.5,68.66603314819328,0.0004528223966641326,0.025083413590588414
1703.0,67.68159231198631,0.0004531201816095211,0.025099655002918674
1703.5,67.28424535434749,0.00045340698688330083,0.025115297267132988
1704.0,66.83372320178597,0.00045379303410097895,0.02513635246228748
1704.5,66.27708374652238,0.00045400965947964966,0.02514816736819938
1705.0,65.85340392993304,0.00045373320457496136,0.02513308942833591
1705.5,65.40873093144207,0.00045312149844806,0.025099726808260323
1706.0,65.09091817854251,0.00045207317126694496,0.025042550800990625
1706.5,64.91936737964123,0.00045035735481852333,0.024948969749780985
1707.0,64.80393303603289,0.000447980688788321,0.024819345999999992
1707.5,64.65463410628566,0.00044536316107528885,0.024676585653688583
1708.0,64.42558916413856,0.0004429206498065987,0.024543371035438015
1708.5,64.1356263247599,0.00044116692951795853,0.024447723088984366
1709.0,63.765022557697385,0.0004398395218359193,0.024375326009120835
1709.5,63.50131373241419,0.0004395231116259583,0.02435806882366732
1710.0,63.38947561963421,0.00043980145234135667,0.024373249609214682
1710.5,63.63762695819502,0.0004402790353970826,0.02439929672722852
1711.0,64.33802541829706,0.0004406305558104469,0.02441846892094776
1711.5,65.55739975677776,0.0004409253476304654,0.024434546693088855
1712.0,66.8399109635523,0.000440916825460407,0.02443408219415676
1712.5,67.70647828724341,0.0004407843950434454,0.024426859590026443
1713.0,67.9941672989418,0.00044079097612068963,0.02442721821299261
1713.5,67.86128922099095,0.0004411602695587933,0.02444735926891032
1714.0,67.54843664272033,0.00044166046576867815,0.024474640570402294
1714.5,67.20296645121648,0.00044203747870818794,0.024495202533757438
1715.0,67.00295972477716,0.00044222893935828356,0.02450564477410044
1715.5,67.04889530784864,0.0004423133786633359,0.024510250126133743
1716.0,67.20483600478863,0.0004423714556599327,0.024513417780134678
1716.5,67.38564659842152,0.0004423953507169811,0.024514721197558268
1717.0,67.48227292432668,0.00044241620487242393,0.024515858249018647
1717.5,67.39817803052355,0.00044252778929047907,0.024521944161410958
1718.0,67.09654405198572,0.00044325438452003134,0.024561572583739196
1718.5,66.92493497140971,0.00044534016684871997,0.024675331980804373
1719.0,67.62738081281734,0.000448390362287477,0.024841689870429607
1719.5,69.36433668667324,0.00045087482556062266,0.024977192762855788
1720.0,72.14254931748619,0.0004537706778619485,0.02513513310158774
1720.5,73.93023578776894,0.00045478473336980495,0.02519043970899227
1721.0,75.01360338775757,0.000454579092706794,0.02517922445783024
1721.5,75.43746696932006,0.00045395270134328356,0.025145060891791044
1722.0,75.55753477292794,0.0004534977494627867,0.02512024755903749
1722.5,75.61026069915313,0.00045354298433425156,0.02512271469485767
1723.0,75.61423944418907,0.00045399887039072976,0.02514757896897146
1723.5,75.32180398338075,0.00045505961019153755,0.025205431734459344
1724.0,74.50637199651703,0.0004569072609169276,0.025306202981583054
1724.5,73.52578796053182,0.000458578517152185,0.02539735374499389
1725.0,72.19708213247885,0.00046070152826923044,0.025513143096153827
1725.5,70.98873409223748,0.00046234356057720075,0.02560269969078541
1726.0,69.64133965166116,0.0004636619461443297,0.025674604070103083
1726.5,68.38418985463936,0.00046447672490210174,0.025719042730555062
1727.0,66.89005984985783,0.00046508195644159785,0.02575205183087277
1727.5,65.76660719779541,0.00046502988399949383,0.025749212402311455
1728.0,64.65511323219556,0.0004642338385390368,0.02570579560729312
1728.5,63.90429356844365,0.00046269131627704643,0.025621666349096576
1729.0,63.45763233184586,0.0004607427718336715,0.025515392265990536
1729.5,62.906606909146234,0.00045800791192760105,0.02536623246440885
1730.0,62.429318834708106,0.00045478146536916803,0.025190261482352923
1730.5,62.079162323716325,0.0004515745069145261,0.02501535328944528
1731.0,61.6959446687852,0.00044824834328008214,0.024833943912393696
1731.5,61.62677674641353,0.00044598507419472765,0.02471050510140465
1732.0,61.8570414887136,0.0004439796834186226,0.024601130811946904
1732.5,62.29108661025257,0.0004422219537283561,0.024505263837553533
1733.0,62.97539134953938,0.00044046231855718803,0.024409293151626453
1733.5,63.40431372001629,0.00043935376805754776,0.024348832984607317
1734.0,63.651028814970275,0.0004384224681689402,0.024298039619010142
1734.5,63.65769381173487,0.00043774664740424976,0.024261180391264427
1735.0,63.31012780875881,0.00043765961940332764,0.024256433603843944
1735.5,62.6857986610499,0.0004377478612758275,0.024261246676128383
1736.0,62.024545085532885,0.0004377884849746097,0.024263462427778822
1736.5,61.39680594556369,0.0004376245142800299,0.024254518854389458
1737.0,61.11339690538393,0.00043727044986812357,0.024235208372268276
1737.5,60.87682192976206,0.00043681365427044797,0.024210294442868884
1738.0,60.776200810231806,0.00043637723176978414,0.024186491712949638
1738.5,60.83794303092834,0.0004357944134568459,0.024154705175553546
1739.0,61.06963711213352,0.00043497047075037647,0.02410976709536557
1739.5,61.52955258686454,0.0004335002835829961,0.024029582812145754
1740.0,61.91455700235761,0.0004320578801917462,0.02395091384796574
1740.5,62.6549275315035,0.0004306299781516449,0.023873035679190184
1741.0,64.5713625505377,0.00042969541058983835,0.023822064330153783
1741.5,66.78718029942517,0.00042922660817438683,0.023796496032697543
1742.0,68.54207182075561,0.0004288706493069885,0.02377708168142885
1742.5,69.36003930502015,0.00042873675057231847,0.023769778776036594
1743.0,69.60785731587637,0.0004292429196443736,0.023797385070063688
1743.5,69.70470416440422,0.00042988193635746597,0.02383223724660633
1744.0,69.9407864156613,0.00043086269107150683,0.023885727957337132
1744.5,70.43568495607238,0.0004319787591279071,0.023946598703488375
1745.0,71.20337560929558,0.00043296154040579096,0.024000199262009223
1745.5,72.09744202915496,0.0004338225847893812,0.024047160911803415
1746.0,72.40518948210975,0.0004343075145934483,0.024073608865457733
1746.5,72.19757780380692,0.00043466957635007676,0.02409335580127221
1747.0,71.52141645586718,0.0004347417007332854,0.02409728971435418
1747.5,70.62491941519546,0.00043469397944923455,0.024094687166989266
1748.0,69.38786136381567,0.0004347201528552711,0.024096114629711753
1748.5,68.03163326781696,0.0004349417141707416,0.024108198528932354
1749.0,66.81817816271409,0.00043528887379051383,0.02412713320533597
1749.5,65.75531475617468,0.0004355613940189686,0.024141996301225054
1750.0,64.9170172392809,0.00043561789975103736,0.024145078006224067
1750.5,64.39344575502854,0.00043537003801581025,0.02413155968063241
1751.0,64.14358149985729,0.0004347850237522229,0.024099652815253902
1751.5,63.99598156851118,0.00043375841128458496,0.02404366096146245
1752.0,63.784351316713824,0.0004328123782266492,0.023992063930764203
1752.5,63.301807234498376,0.0004313404707079864,0.023911786343336607
1753.0,62.743173874825395,0.00043007900470765976,0.02384298598513801
1753.5,61.886760771219606,0.0004286658502877789,0.023765912521920174
1754.0,61.2694721217814,0.00042804495269965716,0.02373204856295934
1754.5,60.576808440945584,0.00042758108732213673,0.023706748816888272
1755.0,60.060242587357585,0.0004272438683297997,0.023688356676325083
1755.5,59.83308733377761,0.00042703432279573477,0.02367692858413862
1756.0,59.669692078294204,0.00042654446382308844,0.023650211614692652
1756.5,59.69823826335591,0.0004257057030135441,0.023604465232021934
1757.0,59.807796013775565,0.00042413679684339344,0.02351889674632954
1757.5,59.89064916820987,0.00042276086463541665,0.023443852805362653
1758.0,59.96484764704176,0.000421190235694548,0.023358190752613882
1758.5,60.00095208868339,0.00041955018326530623,0.023268742012276793
1759.0,60.409222787722236,0.0004175159941624367,0.02315779747729095
1759.5,61.803060036324176,0.0004160854428870481,0.023079774884731882
1760.0,63.74118704904417,0.0004146049210545065,0.022999027106163156
1760.5,65.91597794453402,0.000412989503527525,0.02291092171191874
1761.0,67.04536087689522,0.00041201379140007115,0.022857706042215882
1761.5,67.72875001340144,0.0004111053870995902,0.022808161910653837
1762.0,68.08569838614304,0.0004102083052858669,0.022759234871627034
1762.5,68.10354025809133,0.0004098044250587921,0.02273720713356494
1763.0,67.87540004562013,0.00040965985890808695,0.02272932224217136
1763.5,67.25832371512568,0.0004099288942691074,0.022743995393960444
1764.0,66.61850417556288,0.0004106087711280014,0.022781076223337363
1764.5,65.7640917075089,0.00041175796255859794,0.022843753209835702
1765.0,64.8763909756729,0.0004132311605519704,0.022924101667077663
1765.5,64.15301778575993,0.00041451898637774007,0.022994340026374353
1766.0,63.37837353574241,0.00041583465953219396,0.02306609705430692
1766.5,62.61926505015372,0.000417002935816699,0.023129814901888826
1767.0,62.03149766166856,0.00041783745719723185,0.023175329701384084
1767.5,61.84804775610205,0.00041828875758557663,0.02319994380252576
1768.0,62.18633045416715,0.0004184690267864132,0.02320977606176964
1768.5,62.647017938211754,0.0004181306683507268,0.023191321568784944
1769.0,62.749059456384565,0.0004174757998121616,0.023155605136405737
1769.5,62.2679608148525,0.000416534103076239,0.023104245003354514
1770.0,61.691748148725566,0.00041554513415960706,0.023050306230447314
1770.5,60.96374227479883,0.0004137778021461246,0.022953915431702672
1771.0,60.83467641629957,0.00041207915908929207,0.022861271205726886
1771.5,61.799586810193375,0.0004097081891016519,0.02273195836330369
1772.0,63.84371536032947,0.00040816609771433435,0.022647852381972224
1772.5,66.9410239887053,0.0004070533759911055,0.02258716459872935
1773.0,68.7667844505421,0.0004074963338161722,0.022611323679435722
1773.5,69.90787757720881,0.0004095222396645334,0.022721816507261957
1774.0,69.72518393318552,0.0004118935933981574,0.022851150358955973
1774.5,68.9424500686864,0.0004145384867792738,0.022995403362827602
1775.0,68.30216865598295,0.0004163765561057691,0.023095651956730762
1775.5,67.31927530555552,0.00041864910437500007,0.023219597312500003
1776.0,66.20901920553503,0.00042042910271520174,0.02331667894459708
1776.5,65.21118983594806,0.00042138728562663916,0.023368938254106283
1777.0,63.91669910938493,0.00042226780050837214,0.023416961692051652
1777.5,62.46292181352966,0.0004228312009017551,0.02344768954660077
1778.0,61.09986946136787,0.0004230963104881985,0.023462148203853138
1778.5,59.77865830408172,0.00042326342233003835,0.023471262627093
1779.0,58.59171396579455,0.0004233120468620133,0.023473914925257213
1779.5,57.70833417021943,0.0004231423228838007,0.023464657940589065
1780.0,57.24335961033781,0.0004227654011216462,0.023444100532378456
1780.5,57.10864545327417,0.0004222487285397337,0.023415921598628476
1781.0,57.045147661256564,0.00042152516088206517,0.023376457940787868
1781.5,56.90926711771849,0.0004206761879825861,0.023330154675805848
1782.0,56.68333951482271,0.00041941395300555874,0.02326131201892537
1782.5,56.577517146195156,0.0004183589310317336,0.02320377144608463
1783.0,56.72935479921395,0.0004170896557717044,0.023134544809485545
1783.5,57.14375570664631,0.00041609632478989655,0.023080368453731338
1784.0,57.70175583833243,0.00041536736146263915,0.023040610258187603
1784.5,58.61418945437333,0.0004143712246100206,0.022986280631198345
1785.0,59.32456468930508,0.0004136296869922505,0.022945837330158217
1785.5,60.10398962247274,0.00041274801968654607,0.02289775140514205
1786.0,61.221181464692016,0.00041193777306931887,0.02285356004847547
1786.5,62.896710396557474,0.0004112686911161336,0.02281706837673853
1787.0,64.63774884948353,0.0004105208154333764,0.022776279268342265
1787.5,65.26975791845496,0.0004100218190915593,0.022749064015021456
1788.0,64.96132268951598,0.0004100280188306452,0.022749402181451616
1788.5,64.13745095960279,0.00041063595898185477,0.022782559296370967
1789.0,62.69800268071765,0.0004118848567182132,0.022850674216494855
1789.5,60.772710119080095,0.000413286881923694,0.02292714102910175
1790.0,59.478268043592514,0.00041412197140119124,0.022972686796502752
1790.5,58.66882139754557,0.0004147320971219065,0.023005963190879927
1791.0,58.79298105829194,0.00041501417454180983,0.023021347605383734
1791.5,59.605540003181765,0.0004150664890320733,0.02302420133390607
1792.0,60.30489766283101,0.00041492537519474573,0.023016504902321676
1792.5,60.885256988545294,0.00041443379955097363,0.022989694121764027
1793.0,61.25270727115488,0.00041366987888867,0.02294802950275862
1793.5,61.61591366641236,0.00041286445195080104,0.022904101287185362
1794.0,61.81574951406052,0.000412170224153681,0.02286623788850081
1794.5,61.78970526352289,0.0004120102066712899,0.02285751045839112
1795.0,61.561759641868335,0.00041196679126360205,0.022855142478014658
1795.5,61.23712295540747,0.00041218602963508517,0.02286709992183568
1796.0,60.8212791880474,0.0004127484904585833,0.022897776934932272
1796.5,60.34779850851362,0.0004135442535407724,0.022941178183791967
1797.0,59.99158086560949,0.0004141558453665689,0.02297453430791789
1797.5,59.59749906336085,0.00041481778739669434,0.023010636599173555
1798.0,59.2971511694725,0.0004153950301423324,0.023042119400826448
1798.5,59.27034048144748,0.00041574239217018676,0.023061064493419037
1799.0,59.2199509155892,0.00041599828725843476,0.02307502117489098
1799.5,58.75111076775319,0.000415974630224977,0.02307373108379247
1800.0,58.03213822222223,0.00041552528500000003,0.0230492238
