Time,temperature,CO,CO2
0.0,20.0,0.0,0.00038641183
0.5,19.99918229671525,0.0,0.00038641183
1.0,19.97318359705516,0.0,0.00038641183
1.5,19.97103280206784,0.0,0.00038641183
2.0,19.969513497694066,0.0,0.00038641183
2.5,19.960955072135356,9.038214437654489e-36,0.00038641183
3.0,19.983713773592314,5.721684714275575e-34,0.00038641183
3.5,20.027595543606356,1.5817841049959592e-32,0.00038641183
4.0,20.068156589468252,1.5383904367874592e-31,0.00038641183
4.5,20.061745764264238,7.599051938317056e-31,0.00038641183
5.0,20.05453938059544,2.051968878890086e-30,0.00038641183
5.5,20.093407451212464,2.0412118218459028e-29,0.00038641183
6.0,20.278649444628943,2.659835370056298e-27,0.00038641183
6.5,20.815575122138597,2.1973422541435537e-25,0.00038641183
7.0,21.210596838207948,4.206139371593226e-24,0.00038641183
7.5,20.741813187757078,3.9617849550181324e-23,0.00038641183
8.0,19.931396397444075,4.2061549785175245e-22,0.00038641183
8.5,19.98261556675053,1.9656462987474664e-20,0.00038641183
9.0,20.935415120954833,4.537361041807654e-19,0.00038641183
9.5,21.004436388453826,1.969882210679858e-18,0.00038641183
10.0,20.18872569516476,5.50696689975644e-18,0.00038641183
10.5,20.329915132305196,3.39121789827494e-17,0.00038641183
11.0,21.73271885697434,1.5312371370977937e-16,0.00038641183
11.5,22.09617055016967,5.52569725699711e-16,0.00038641183
12.0,20.509434253666473,1.0290119259988225e-15,0.00038641183
12.5,19.832396448833936,1.7370884100164326e-15,0.00038641183
13.0,20.833108124141688,3.760991935971805e-15,0.00038641183
13.5,21.773637996865425,6.292945927009342e-15,0.00038641183
14.0,21.39759747483258,8.041636270915186e-15,0.00038641183
14.5,20.85592279618293,1.02986515527672e-14,0.00038641183
15.0,21.649576585481245,1.242343765709959e-14,0.00038641183
15.5,23.18214025095514,1.5453717165021014e-14,0.00038641183
16.0,24.404182405701786,1.814478420131607e-14,0.00038641183
16.5,24.708047731076153,2.2058544479961147e-14,0.00038641183
17.0,24.67020942127976,2.733218880854422e-14,0.00038641183
17.5,24.527398781497734,3.8207015807011455e-14,0.00038641183
18.0,24.536385768703948,8.525333932899216e-14,0.00038641183
18.5,24.670986088555402,3.772017394540972e-13,0.0003864118470663028
19.0,24.59153689792671,1.6744066946529479e-12,0.00038641191681300694
19.5,24.02217617798796,6.1469079181785215e-12,0.0003864121624176071
20.0,23.04314038927564,1.4223604009038638e-11,0.0003864126065130444
20.5,22.037327536005357,3.3015321563783273e-11,0.00038641362822508665
21.0,21.296030196254197,7.876267157081972e-11,0.00038641612259178367
21.5,20.62680343823983,1.931109339260898e-10,0.00038642236174530155
22.0,19.816978313730576,4.689402842676838e-10,0.0003864374049968763
22.5,18.738173767253276,1.0718435852717016e-09,0.0003864702849807541
23.0,17.76318037052507,2.1303031663848235e-09,0.0003865280162417046
23.5,17.60539675245108,3.3779218706469468e-09,0.0003865960618095161
24.0,18.07835386222127,4.414110856526161e-09,0.00038665257463266434
24.5,18.41223513327157,4.989091907766076e-09,0.0003866839369066236
25.0,18.80016617578191,5.000567813824455e-09,0.00038668455986487065
25.5,19.929556192567482,5.409267486590766e-09,0.00038670685014668033
26.0,21.12070128645897,7.730986171607987e-09,0.0003868334775799276
26.5,22.23546101537049,1.7279737232711376e-08,0.0003873542638604541
27.0,23.18332489305599,3.655793134680745e-08,0.0003884057012438605
27.5,24.474757039556597,6.500096876350468e-08,0.00038995699293183073
28.0,25.515049112620733,1.1748997797273578e-07,0.00039281975112629303
28.5,25.265208743851087,1.5219646669336303e-07,0.0003947126444152539
29.0,25.01871545267108,1.6482077453766908e-07,0.0003954011779572208
29.5,25.111380456538104,1.5263403159683407e-07,0.0003947365145216646
30.0,25.426353235703328,1.4981221713158023e-07,0.0003945826111513269
30.5,25.736196022046695,1.5348022581999705e-07,0.0003947826616732576
31.0,25.918537686610538,1.5348806317370316e-07,0.00039478309142785525
31.5,25.856783600208903,1.5219576637143995e-07,0.0003947126055463589
32.0,25.486985735638005,1.6460498592883442e-07,0.00039538940708985456
32.5,24.478062059333528,2.1027665081326148e-07,0.0003978803491841546
33.0,23.003169394639357,2.443403165583704e-07,0.0003997381864216367
33.5,21.081862280383685,2.6712425259155695e-07,0.0004009808240612219
34.0,21.3574888412014,2.688009428240536e-07,0.0004010722706401466
34.5,22.124440041414463,2.8311330295418586e-07,0.0004018528711552982
35.0,22.00073954265905,3.273929599527932e-07,0.00040426788836140536
35.5,21.009189870415103,4.2804427546872025e-07,0.0004097574282518828
36.0,20.23219498610258,5.110539665744693e-07,0.00041428479051331627
36.5,19.661110363890106,6.119011065969462e-07,0.0004197850045353453
37.0,19.632870153030872,6.728154454914116e-07,0.0004231072854681564
37.5,20.140879175906896,7.174087345027226e-07,0.0004255394070552645
38.0,20.881368337487856,7.386463961337675e-07,0.00042669771221055396
38.5,21.59533093609046,7.267064497102703e-07,0.0004260465045515504
39.0,22.305736611070703,6.509420712689308e-07,0.0004219143037427857
39.5,23.233563764699742,5.434259060937172e-07,0.00041605035800049665
40.0,24.512918814265927,4.432730857169795e-07,0.00041058800697259555
40.5,25.65344066957374,3.8585382281263703e-07,0.00040745635434729353
41.0,26.181954822862654,3.360368112895503e-07,0.00040473932427739724
41.5,26.232116533508677,2.956635304449957e-07,0.0004025373647112982
42.0,25.694679359290287,3.317185069237455e-07,0.00040450380408128285
42.5,25.21415963096188,4.40953903642212e-07,0.00041046152119969065
43.0,25.325557992691166,6.091505674392785e-07,0.00041963499498190617
43.5,26.165679946627645,8.432177930257428e-07,0.0004324010546988603
44.0,27.555887980186544,1.121702396503228e-06,0.0004475896485463878
44.5,28.83675333946638,1.3604250123017329e-06,0.0004606096137008977
45.0,29.492151674148847,1.5129178429912133e-06,0.0004689265980145783
45.5,29.18133737447625,1.5907101802753793e-06,0.00047316940244491356
46.0,27.245551913034085,1.5618162518284588e-06,0.0004715935225244963
46.5,24.919613578139103,1.4898480784499596e-06,0.0004676683692321397
47.0,22.98915938751031,1.4083661706305614e-06,0.00046322433111605085
47.5,22.50741513208466,1.3361053489642675e-06,0.0004592832172113462
48.0,23.607479090272594,1.2717802853598567e-06,0.00045577491169081284
48.5,24.90052586397798,1.2610537043199064e-06,0.00045518988743859136
49.0,26.286872510567292,1.283367570099667e-06,0.0004564068902373886
49.5,27.90334118939398,1.3136921661738717e-06,0.0004580608017326711
50.0,29.089015291883012,1.2741990743712076e-06,0.0004559068395973951
50.5,30.13792837839286,1.128559370519581e-06,0.000447963625399281
51.0,30.833792190729874,8.637416786969638e-07,0.0004335204332661411
51.5,30.583809534906724,7.084987685566364e-07,0.00042505345734438176
52.0,29.692764342805997,6.517327748093388e-07,0.00042195743221041854
52.5,28.084553437563475,6.735275149876623e-07,0.00042314612143051766
53.0,26.776718803739097,7.583148610688101e-07,0.00042777043463623743
53.5,25.901588862008595,8.25908797158959e-07,0.0004314570194325351
54.0,25.388049781533784,7.899352467994206e-07,0.0004294950155041602
54.5,24.82001476961419,7.37526921704083e-07,0.00042663665758703077
55.0,24.13429091069283,8.227900067300978e-07,0.0004312869220081954
55.5,22.967930019508273,1.097199524633902e-06,0.0004462532531525008
56.0,22.150178325356432,1.351077046805021e-06,0.0004600997752108805
56.5,21.468892682289358,1.7277850165393244e-06,0.00048064548626301356
57.0,21.638157693941952,2.0094958753240345e-06,0.000496010035527588
57.5,22.403501802809078,2.197838280973595e-06,0.0005062822587261449
58.0,23.514856485823582,2.220960836066962e-06,0.0005075433649607127
58.5,24.222872321490183,2.149296124158834e-06,0.0005036347583680069
59.0,25.147382364528465,2.0300596678334882e-06,0.0004971315874643943
59.5,25.928987588969107,1.9373735137463104e-06,0.0004920764760497125
60.0,26.702478838061474,1.8407256125135402e-06,0.0004868052825664178
60.5,26.895213424267823,1.9297911730998836e-06,0.0004916629314418218
61.0,26.94922326700903,2.4221889282276697e-06,0.0005185183772923958
61.5,26.91680526709396,2.976687041508372e-06,0.0005487607876527645
62.0,27.376012611158878,2.92145859366945e-06,0.0005457486195907151
62.5,29.157153105695805,2.8218533664376594e-06,0.000540316138996786
63.0,30.983947801877115,3.4644549305037053e-06,0.0005753637256157818
63.5,32.15559510228809,4.504481823604715e-06,0.0006320869486775124
64.0,32.649221633204846,4.956281711482552e-06,0.0006567281786436098
64.5,31.665977673451096,4.629555395555246e-06,0.0006389084783909712
65.0,29.951426523806223,3.7018769457517208e-06,0.0005883127570191742
65.5,29.302835381882986,2.7746313369198217e-06,0.0005377406405900629
66.0,29.05407537746738,2.4057867475683695e-06,0.0005176237984319943
66.5,28.194177888061994,3.144060960677055e-06,0.0005578893865651812
67.0,26.7584462988313,4.116795784389384e-06,0.0006109424913765799
67.5,25.22523525813392,4.633923195422951e-06,0.0006391466990899202
68.0,23.729903109209854,5.043464783093892e-06,0.0006614831616294185
68.5,22.34799866897904,4.937215116415857e-06,0.0006556882896024454
69.0,21.356850756654772,5.0407201696719416e-06,0.0006613334689693961
69.5,21.027295732896278,5.693495700107168e-06,0.0006969359428711725
70.0,21.62820847644939,6.379561153165055e-06,0.0007343540377097454
70.5,22.54438627664153,6.910068320365131e-06,0.0007632880153730301
71.0,22.592164572639504,7.373685799945018e-06,0.0007885737682708594
71.5,21.961604901754285,8.613746426451654e-06,0.0008562068411872793
72.0,20.429412146918715,9.81528741252497e-06,0.0009217390549458274
72.5,18.70371430077384,1.0024645098778802e-05,0.0009331574957236798
73.0,19.179195009381377,9.455584290553473e-06,0.0009021208336099412
73.5,20.98397099176628,9.116549487625925e-06,0.0008836298204033379
74.0,23.790053992232885,9.591748310117247e-06,0.0009095472331728795
74.5,25.81421658672184,1.0844633338862813e-05,0.0009778797763559082
75.0,26.86581812630535,1.247749210550656e-05,0.001066936125058155
75.5,27.800764092157753,1.4812358598600194e-05,0.0011942800874723796
76.0,28.745733728041557,1.5554634953625306e-05,0.001234763984771889
76.5,29.69736679846274,1.2863506697222724e-05,0.001087989426389086
77.0,31.337973737961654,1.0553256753732755e-05,0.0009619880413793953
77.5,33.300191160805134,1.2455718168930322e-05,0.0010657485885927328
78.0,34.161825348935245,1.4863545790473504e-05,0.0011970718696786256
78.5,33.175594223237994,1.463860221233875e-05,0.0011848034197158976
79.0,30.676509490062998,1.3255529829133159e-05,0.0011093704251991059
79.5,28.09383081916004,1.329556535860158e-05,0.0011115539563645485
80.0,26.43420420810366,1.3601556536154188e-05,0.0011282427663354467
80.5,25.550652108411196,1.3247581217493326e-05,0.0011089369169286468
81.0,25.411302153939058,1.243561523812612e-05,0.0010646521902572187
81.5,25.529304704807195,1.1940507440767155e-05,0.0010376489202596002
82.0,25.171031228433588,1.2159020684944587e-05,0.0010495666569474912
82.5,24.782211781678768,1.3698525104110105e-05,0.0011335314509849344
83.0,24.58760151236038,1.6155966702535828e-05,0.0012675606746165372
83.5,24.948043210006393,1.8254251997297905e-05,0.00138200146203829
84.0,25.792040117226254,1.9019143561409534e-05,0.0014237188224855532
84.5,26.828512589343784,2.1592130489670324e-05,0.0015640499155153773
85.0,27.36866118872294,2.444889233890492e-05,0.0017198581110514704
85.5,27.737451671328962,2.419298539351955e-05,0.0017059008936647303
86.0,28.488993158339785,2.1290375567177683e-05,0.0015475921351258708
86.5,29.237838810775063,2.027634856326047e-05,0.0014922869696698086
87.0,29.278889086568725,2.147574695822511e-05,0.0015577023067460379
87.5,28.9421892430629,2.1516006935186673e-05,0.0015598980940908882
88.0,28.73045818692411,2.015367358778736e-05,0.0014855962307977087
88.5,29.123122310742204,1.9076385799031304e-05,0.0014268407861546953
89.0,29.51277876145171,1.8184901679078367e-05,0.0013782191324716868
89.5,29.103528061378864,1.791099629571587e-05,0.0013632802882642568
90.0,28.40670434513371,1.917684189170638e-05,0.0014323196771096162
90.5,27.97626303244007,2.0676422227406104e-05,0.001514107024298998
91.0,27.759971389565273,2.0914980300790318e-05,0.0015271180408530827
91.5,26.98945099683189,1.925754876167622e-05,0.0014367214619595836
92.0,26.146644407604597,1.6634734168948685e-05,0.0012936727304339276
92.5,26.359380099642102,1.5891576661036438e-05,0.001253140826884182
93.0,26.688504464307734,1.8905855297333266e-05,0.0014175400335319482
93.5,26.277207688247422,2.4051551854891846e-05,0.0016981871153427836
94.0,25.67336466553314,2.7371793861453194e-05,0.001879273607767894
94.5,25.206261813247426,3.1871573163358714e-05,0.00212469225978337
95.0,25.57219143069524,3.4676508087427e-05,0.0022776738227262773
95.5,26.51428696062734,3.339352011143475e-05,0.0022076994837969496
96.0,27.378162438236924,2.8118614256201836e-05,0.0019200052813119612
96.5,28.0553464684339,2.151446508945594e-05,0.0015598139947885401
97.0,28.702525781236712,1.730915969504039e-05,0.0013304559969252474
97.5,29.964105796993486,1.7147854493743755e-05,0.001321658412447387
98.0,31.165609367751117,1.9182128453807663e-05,0.0014326080205721739
98.5,31.990142074560474,2.2285596813623398e-05,0.0016018716810367432
99.0,31.630637760286884,2.4093319538351587e-05,0.0017004650936360438
99.5,29.94904456332754,2.4185081751012894e-05,0.0017054698495678159
100.0,28.0114635699288,2.1917966205009078e-05,0.0015818210269931577
100.5,25.628926896099117,1.8692984018060313e-05,0.0014059300005456877
101.0,23.93262344329387,1.6558414770332588e-05,0.001289510258378526
101.5,23.246103490879527,1.4945730496969975e-05,0.0012015542257453131
102.0,23.32338296479163,1.4974632907555985e-05,0.0012031305802236523
102.5,24.082201599804083,1.7028594184996097e-05,0.001315153942549374
103.0,25.14098265543997,2.067540259957095e-05,0.0015140514271471837
103.5,26.217801064039595,2.495893221856677e-05,0.0017476757968495518
104.0,26.725921046810473,2.8034739488306347e-05,0.0019154307756155996
104.5,26.948387750913042,2.861178496069565e-05,0.001946902919147826
105.0,27.167234524527615,2.7771601521432798e-05,0.0019010791793259757
105.5,27.451297199568575,2.7414827353842174e-05,0.0018816206776458252
106.0,28.033276291818588,2.9920858921265307e-05,0.0020182999873189318
106.5,28.78198539012765,3.4531726365499255e-05,0.002269777400230955
107.0,28.989270055953394,3.9421668757037955e-05,0.0025364756009372716
107.5,28.835723114821118,3.9880265591206855e-05,0.0025614875796296298
108.0,29.005808770427876,3.707999489456001e-05,0.00240876037488186
108.5,29.029674652368325,3.348367640405565e-05,0.0022126165703900903
109.0,28.937150667733018,3.135926204129001e-05,0.0020967507007665525
109.5,29.282762126893473,3.114839547588871e-05,0.002085250012380894
110.0,29.5828301682844,3.408566135697821e-05,0.0022454489462162782
110.5,29.41354285026684,3.67109087752774e-05,0.0023886303247704936
111.0,29.075723617842645,3.638681667010708e-05,0.0023709543257396924
111.5,28.96905495543935,3.519323556772194e-05,0.0023058562336677265
112.0,29.10600392970109,3.376341418224089e-05,0.002227873547186679
112.5,29.395158831806302,3.2118337638745026e-05,0.002138150814289417
113.0,29.32637977483233,3.111251955987268e-05,0.002083293374973286
113.5,29.297459375654338,3.0277260837952496e-05,0.002037738198260354
114.0,29.187347924745364,2.884208228655876e-05,0.0019594633681011284
114.5,29.346994960920853,2.8007960297299946e-05,0.0019139702009398605
115.0,30.44482930175059,2.9568859389751045e-05,0.001999101896399113
115.5,31.715239737086197,3.828674171977069e-05,0.002474576486766999
116.0,31.565390324611915,4.6707116433245246e-05,0.0029338250099105218
116.5,30.911373887630884,5.05341550153472e-05,0.003142552301252484
117.0,30.39287654037431,5.089696255290632e-05,0.0031623398551159057
117.5,30.182304752353197,4.722943860707705e-05,0.0029623125901880433
118.0,30.0510100023862,4.320364173450803e-05,0.0027427450038619654
118.5,30.135931082425433,4.110483110644838e-05,0.0026282755006063288
119.0,30.49059588904336,4.1129513108463235e-05,0.0026296216945405136
119.5,30.53121629217716,4.2469876488519556e-05,0.002702725281675247
120.0,30.067009008625327,4.514298616724467e-05,0.0028485171212449174
120.5,29.621937110113283,4.61833425901679e-05,0.00290525833519535
121.0,29.00599653618154,4.9232627225412565e-05,0.00307156675024396
121.5,28.493370669753528,5.6153727084085284e-05,0.0034490445981945235
122.0,28.08177659538801,6.463339632596058e-05,0.003911527030368097
122.5,27.95802493761062,6.837052712566371e-05,0.004115350708672567
123.0,28.46699543967389,6.529960520754476e-05,0.003947862168419823
123.5,29.262666490525582,5.933845941052384e-05,0.0036227403871466174
124.0,30.036362497625667,5.597554194841712e-05,0.0034393263566531813
124.5,30.704931378062703,5.503225150793041e-05,0.003387879251693005
125.0,31.66099052550743,5.333805132486408e-05,0.0032954772199438203
125.5,32.634976174293215,5.1186121094980066e-05,0.003178110602328742
126.0,33.72880002930184,4.850457985173523e-05,0.003031858950724901
126.5,34.41873810445205,4.6412618541311786e-05,0.0029177630375169248
127.0,34.91002347474111,4.494089035187008e-05,0.002837494791059388
127.5,35.000742852797096,4.4884077445231346e-05,0.0028343961846697867
128.0,34.242307105211516,4.387377774624996e-05,0.0027792943047576374
128.5,32.06351616907773,4.139315889696367e-05,0.002644000944330222
129.0,29.90354968655962,4.3011231036523977e-05,0.0027322508306351716
129.5,27.86213732164819,5.4201821305051724e-05,0.0033425873634104247
130.0,26.655283837344914,6.941372024204991e-05,0.004172246667642186
130.5,27.006817896893313,7.721224001652986e-05,0.004597579251209633
131.0,27.999823867435644,7.701959502735092e-05,0.004587072286625845
131.5,29.342868260964707,7.049858393877726e-05,0.004231415287514416
132.0,31.011829639026516,5.5154162896551656e-05,0.0033945281858743966
132.5,32.03841791551166,4.4895647386243784e-05,0.002835027207580265
133.0,32.68367046077635,3.817555467201958e-05,0.002468512354899766
133.5,33.155732481427016,3.576939420556766e-05,0.0023372799916025174
134.0,33.47404322704207,3.8693431790882147e-05,0.0024967574547903903
134.5,32.70678013733659,4.456534981176482e-05,0.002817012748077348
135.0,30.9327735701404,5.3856560915444186e-05,0.0033237568181336227
135.5,29.877858614633276,6.412933679092209e-05,0.0038840355451924364
136.0,29.161853553455597,7.378050537522111e-05,0.004410411717785115
136.5,29.69424920364138,7.726260397378615e-05,0.004600325914146079
137.0,30.365666675397325,7.275652354144085e-05,0.004354563629100444
137.5,30.829119847642815,6.087962530846557e-05,0.003706795820183789
138.0,31.686816739711297,4.907259583295313e-05,0.003062838632317979
138.5,32.856903648711004,4.64365166261891e-05,0.002919066489906773
139.0,33.52216338880434,4.9251168587361864e-05,0.003072577984421538
139.5,33.14202591889589,5.6403374432371686e-05,0.0034626603155295155
140.0,31.999947642830328,6.378091403806976e-05,0.0038650324028911645
140.5,30.646835782255668,7.020605694279638e-05,0.004215460652505113
141.0,29.966718298571326,7.319727230249289e-05,0.004378602093377918
141.5,29.850332465682452,7.46704321791121e-05,0.004458948523168413
142.0,29.984576550837268,7.46688073229826e-05,0.004458859788574689
142.5,30.49744845634296,7.329818054987853e-05,0.004384105608008053
143.0,31.346055518274095,7.271662354275137e-05,0.004352387538982264
143.5,33.27224491951995,7.100649811005916e-05,0.004259116925889075
144.0,34.821007005399856,7.066400706453181e-05,0.004240437436796087
144.5,35.98971290795775,7.362976654196645e-05,0.004402190477569097
145.0,37.13712763064293,7.605853947495891e-05,0.004534655936973664
145.5,38.79759053182336,7.367599722018353e-05,0.004404711777427372
146.0,40.56021723658721,6.226405801767717e-05,0.0037823028266561337
146.5,41.479526054649114,4.83655369985675e-05,0.0030242755350731133
147.0,42.27699135793836,3.9014619258307355e-05,0.0025142750945208367
147.5,42.62873741124568,4.086508330475005e-05,0.002615199662917758
148.0,41.019828809362494,6.246874530299343e-05,0.0037934666556533993
148.5,38.726152855406475,8.929228769042048e-05,0.0052564267181758354
149.0,36.46571997575256,0.00010733774828714012,0.006240628828243488
149.5,34.44204281698504,0.00011303164577516263,0.0065511749709937775
150.0,33.21332318702198,0.0001152355468983564,0.006671375950156121
150.5,32.2559240074716,0.000117842937851741,0.006813583471856774
151.0,31.833822542686296,0.0001150762123106206,0.006662686010376514
151.5,32.99611050961539,0.00010609976714102558,0.0061731090756410225
152.0,35.04739060140099,9.882274482992268e-05,0.005776219104580382
152.5,36.595923453584476,9.497532718138301e-05,0.005566380599851705
153.0,37.26729219548135,9.274665632473406e-05,0.005444828616693606
153.5,37.56460260860651,8.970054850413069e-05,0.00527869337700069
154.0,37.831291204898484,8.489419993646192e-05,0.005016554422330964
154.5,38.64712516375515,7.610395976359482e-05,0.0045371332703941485
155.0,39.89626326360802,6.603947300001453e-05,0.003988214603680751
155.5,40.559894862785725,5.799524360343289e-05,0.003549481132684252
156.0,40.0304520058928,5.7624603861885926e-05,0.0035292665002863263
156.5,39.380889616334976,7.717739093984396e-05,0.004595678365984154
157.0,39.79776935868732,9.236440610182903e-05,0.005423980496904235
157.5,39.86622653396017,9.121947600597348e-05,0.005361535895999264
158.0,39.204080297274906,8.94123323478858e-05,0.0052629738909917845
158.5,38.779668149121484,9.526064278022231e-05,0.005581941491500228
159.0,38.86589479432824,9.649153203628322e-05,0.005649074567308126
159.5,39.882649497653524,8.985804001449183e-05,0.005287282908176913
160.0,41.19772138259809,8.06028483040048e-05,0.004782503238162697
160.5,41.021653639341494,7.436585787580717e-05,0.004442336909866346
161.0,40.10489355292245,7.835369031349632e-05,0.0046598340375689235
161.5,39.7662499547935,8.742580894218312e-05,0.0051546287313077805
162.0,39.93663592959314,9.23757838808701e-05,0.005424601058206935
162.5,40.1187353529702,9.08891652479244e-05,0.005343520538287602
163.0,39.43823341134352,8.871874410595333e-05,0.005225145570598015
163.5,38.08142607532766,9.031153819842109e-05,0.005312016843500743
164.0,36.53067225622159,9.493361133467771e-05,0.005564105192285246
164.5,35.489118846559165,9.836042287419536e-05,0.0057510040955576465
165.0,36.49858301607869,9.558172051625334e-05,0.005599453360273893
165.5,39.40388187771971,8.91889369529881e-05,0.005250790069450072
166.0,41.182838187599074,8.90876532133555e-05,0.005245266031060402
166.5,41.4596511431251,9.162044392822878e-05,0.005383404686097387
167.0,42.32937906021752,7.050510592996402e-05,0.004231771042352679
167.5,43.66887276156921,5.53154687465266e-05,0.0034033258573170208
168.0,44.711574861910705,5.438867953299086e-05,0.0033527785886956324
168.5,45.03494595817463,6.373580064667365e-05,0.0038625720513455445
169.0,44.74857185611394,7.597621066312049e-05,0.004530165925374488
169.5,43.6789102537726,8.753825970992654e-05,0.005160761878873257
170.0,41.91612749927092,9.274836215457381e-05,0.005444921410997291
170.5,40.19591796497796,8.99980522167665e-05,0.005294919172761435
171.0,38.19135208096457,8.682890946576493e-05,0.005122073758650122
171.5,36.74425063049022,9.229399635629722e-05,0.005420140363717605
172.0,36.589658970314595,9.718574973899486e-05,0.005686937387012924
172.5,37.724716620412565,9.444164443234605e-05,0.0055372732863732885
173.0,38.92875932676105,8.792698708001336e-05,0.005181962988072142
173.5,40.6121128196839,8.432661264682678e-05,0.004985597916464937
174.0,40.77642831634931,8.574928689987206e-05,0.005063190985850759
174.5,40.92952991405939,8.633827854435861e-05,0.005095314693668607
175.0,41.40328359164172,8.795452626108756e-05,0.005183465002330486
175.5,42.051847975145584,9.187480268963509e-05,0.005397277580665929
176.0,42.840885384264894,9.600276933810502e-05,0.005622417409056266
176.5,41.12167831914536,0.0001018309949911844,0.005940289683297443
177.0,40.4286320385694,0.00010879589635250621,0.006320156383723076
177.5,42.03112698881629,0.00011212806272224577,0.006501893005240769
178.0,43.48460064511749,0.00011264181124224419,0.0065299131452966255
178.5,44.745907863588975,0.0001148617083786458,0.006650986566904076
179.0,45.319750803794044,0.0001173136893921896,0.006784718192228593
179.5,44.945907870772515,0.00011897665030522835,0.006875416049113771
180.0,46.23452725242211,0.00011814052433120837,0.006829813624763805
180.5,48.0950218623687,0.00010656999385912549,0.006198755138746171
181.0,47.74893379668493,9.564434027737246e-05,0.005602868551520692
181.5,46.280931454253555,9.12509958873251e-05,0.005363254988464398
182.0,44.209350789128706,9.063297318368828e-05,0.005329547933737883
182.5,42.14863780844053,9.275856383479597e-05,0.0054454778343268
183.0,40.980585247020194,8.909373371691357e-05,0.005245597456941072
183.5,39.359388730390954,9.068536092581353e-05,0.005332405122104178
184.0,40.07102990195025,0.00010100909907117681,0.005895463268600846
184.5,42.63417396670364,0.00011119376795468936,0.006450937070097954
185.0,43.01835227628917,0.00011311260841971409,0.006555590414982094
185.5,42.74686637195123,0.00010347248745569132,0.006029816746016274
186.0,43.427988473277715,9.75398724950804e-05,0.005706251314085673
186.5,43.67887626218763,9.894903171517292e-05,0.005783107075142756
187.0,43.155199867724484,0.00010172491083119386,0.005934503967750202
187.5,41.90941392429088,9.769132367741383e-05,0.005714511370952789
188.0,41.07216264054478,0.00010128522335563915,0.0059105233225150095
188.5,41.16505276406003,0.00011486693968721145,0.006651272400456895
189.0,41.57755969660855,0.00011234021669599105,0.006513464156175299
189.5,43.62222849307997,0.00010895337058292486,0.006328745053514585
190.0,46.50988738218814,0.00011209812152933424,0.00650026011519933
190.5,48.73154444423033,0.00011232588601498879,0.006512682772664424
191.0,50.968116986438446,0.00011266501374641192,0.006531178668440614
191.5,52.09536977471435,0.00011617137907928163,0.006722416568041243
192.0,50.8706264327516,0.00011590253813298737,0.006707754024123421
192.5,50.82296265843943,0.00011742558745177526,0.006790820968796062
193.0,50.705047549300154,0.00012231933317342683,0.007057727024766026
193.5,50.92432674219066,0.00012294679103080526,0.007091948488290375
194.0,50.466385910900996,0.0001217239668218563,0.007025255202250188
194.5,49.94766501661649,0.00012361757269404775,0.007128533119769485
195.0,49.394437823345385,0.00011886376702709444,0.006869259785447898
195.5,48.88254679315125,0.00011396096172512274,0.00660185992507302
196.0,47.83290609309291,0.00011734259579904294,0.006786294810517751
196.5,46.94013126162134,0.00012838178901553547,0.007388373821983698
197.0,45.59371972005198,0.00013292255524747294,0.007636028103018255
197.5,45.71092118984651,0.0001278701934739015,0.007360471542063554
198.0,46.637735887399764,0.00012408867543085565,0.007154226869246038
198.5,46.74272826077164,0.00012268416997294207,0.007077624997691098
199.0,46.78368397835203,0.0001208898993405719,0.006979765267546253
199.5,47.28314962577784,0.0001262884854662688,0.00727420503455287
200.0,48.418300269272144,0.00013659339549591476,0.007836236125318445
200.5,49.13151500232034,0.00014663598770238981,0.008383960539827862
201.0,49.12736344149332,0.00015067648945864886,0.008604330349691238
201.5,46.98248052978109,0.000140276628144539,0.008037120174325972
202.0,46.983923631376875,0.0001246118568235837,0.007182761414627513
202.5,48.53022371467485,0.0001151762980446757,0.006668144588612352
203.0,51.93213554502795,0.0001085268126845351,0.006305480714549453
203.5,53.41879754392816,0.00011131783052465925,0.006457703112507583
204.0,53.04815992166178,0.0001197720851731259,0.0069187992716812875
204.5,51.05368481424307,0.00012218348442629478,0.007050317494183266
205.0,48.42021465340097,0.00011328316825732301,0.006564892975756674
205.5,46.42426284641836,0.00010731380041305724,0.006239322588609688
206.0,47.3237643728832,0.00010789018715302555,0.006270758668028363
206.5,49.58448399120416,0.00011259651234707224,0.006527442658147269
207.0,52.49939103849908,0.00011605785454551129,0.006716224700791091
207.5,55.33603503536471,0.00011362147135225764,0.0065833440955888846
208.0,58.62321853280623,0.00011409796913734922,0.0066093322324334985
208.5,58.802121672479124,0.00011476160401069441,0.006645527185935664
209.0,55.582410371808514,0.00011656370615901714,0.006743814108389872
209.5,52.68435825605541,0.0001255583158148974,0.007234381345221922
210.0,50.342436142029115,0.00014316101513464201,0.008194435131732947
210.5,48.18759883802973,0.00015762373558428784,0.008983234267552006
211.0,49.49595982784029,0.00015049892353694657,0.00859464573114092
211.5,53.023709377822904,0.00014230782552292643,0.008147902299170593
212.0,57.06034695664109,0.00012640982732282937,0.007280823011477591
212.5,59.45443933340249,0.00011780304531178339,0.006811407719619148
213.0,59.59527854489665,0.00012222569833452346,0.007052620090948778
213.5,58.62237100346742,0.00013965049186001464,0.00800297050501903
214.0,57.75505506407597,0.00015225071006221946,0.008690188328646974
214.5,57.53570917690042,0.00016096606162494879,0.009165525299087887
215.0,56.60066541275338,0.00016451315700430385,0.00935898407444844
215.5,56.349135283669135,0.0001517431888072212,0.008662508616126217
216.0,57.93108873110231,0.0001269088073577402,0.00730803735151674
216.5,60.32203610725428,0.00011787970895298348,0.006815589173568677
217.0,61.2646245257053,0.00013158113420881686,0.00756286697745966
217.5,59.50280877639031,0.00014914814949059388,0.008520974359919211
218.0,58.23353879837531,0.00015715591154786906,0.00895771908671259
218.5,57.70430575504454,0.00015622603528264872,0.008907003368433773
219.0,56.5208556080697,0.00015135385205541755,0.00864127382813731
219.5,57.67561080812318,0.00015119675489408567,0.008632705775596331
220.0,61.0132234163504,0.00015174370229587006,0.00866253618500663
220.5,61.51398312602533,0.00014599663194125252,0.00834909026754071
221.0,57.76300196838404,0.00013776793687830205,0.007900296087918998
221.5,54.743967080391,0.0001381618808302036,0.007921781642323614
222.0,52.54437361311845,0.00014977500439666825,0.008555163407462402
222.5,52.70112413543916,0.00016062035766432659,0.009146670348146134
223.0,54.66685199065575,0.00015981663193656508,0.009102835093863492
223.5,55.79216939442343,0.00014612731545686372,0.00835621785295278
224.0,55.66183114408597,0.00013678411461737753,0.007846638064403643
224.5,55.98442824505539,0.00013895873045407064,0.007965242100445262
225.0,53.149896685311035,0.00014606264292611266,0.008352690507870138
225.5,50.899447909056924,0.00015449726402922762,0.008812715921588539
226.0,52.080747643996204,0.00016082324874456757,0.009157736036754486
226.5,54.325350584344136,0.00016811741348655531,0.009555560890728662
227.0,55.576168682317466,0.00017172630462862005,0.009752390573294174
227.5,57.824294826000425,0.00017012228484344845,0.009664907101458859
228.0,57.012256408622605,0.00016673793479560233,0.00948032403559674
228.5,54.15763198775232,0.00016502560767575408,0.009386933438454316
229.0,53.26743318258465,0.00017149431155526445,0.009739737469203653
229.5,54.789647006660644,0.00017655361328100934,0.0100156724678122
230.0,53.84180110627737,0.00017098314234428966,0.009711858209925234
230.5,53.810909828153605,0.00014877003946988493,0.008500352458394176
231.0,54.1661372675418,0.00012813960549013585,0.007375165225223197
231.5,53.57376179285572,0.00011717116479817538,0.006776944942780057
232.0,52.11772423454267,0.00013286188539208323,0.007632719244492625
232.5,53.17333245079735,0.0001640885619619753,0.00933582690627558
233.0,53.38439401959842,0.0001710288376802333,0.009714350505639057
233.5,54.00082985083101,0.00017277292879078145,0.00980947368608238
234.0,54.76340759969753,0.00018769959123858236,0.010623575953942475
234.5,55.16556484575202,0.00017833024274977821,0.01011257031027254
235.0,55.448144767863035,0.0001575045883858947,0.008976735697486474
235.5,56.49742619405292,0.00015037144155026453,0.008587693038673554
236.0,57.79277298096767,0.00015526444543851096,0.00885455828761852
236.5,58.90526514994279,0.00016315518206736876,0.00928492033171398
237.0,60.41103283020423,0.00017028641901576175,0.0096738589403862
237.5,60.33780480477015,0.00017455176956829662,0.009906491921859866
238.0,60.48521831595821,0.00016689186394370036,0.009488719521720987
238.5,61.560228953093,0.00013203979393687547,0.007587882093719381
239.0,62.48607632599838,0.0001045345828844809,0.006087743740863415
239.5,64.0685493944544,0.00011050516081197338,0.006413379923894996
240.0,63.064115701222,0.00015530679918468758,0.008856868346155788
240.5,60.553975576769766,0.00017376756593665606,0.009863721122183025
241.0,58.54922925235116,0.00018751255421495304,0.01061337489549755
241.5,57.08291530707342,0.00020301766238143152,0.011459025904603555
242.0,56.34432694316508,0.00019495533042197794,0.011019305199430429
242.5,54.251860021224154,0.00018275345804649935,0.01035381283725819
243.0,51.57393748407803,0.00017827031701934926,0.010109301860461686
243.5,52.378104630535056,0.00017665910590254137,0.010021426151267707
244.0,54.697427283679865,0.00016622689795191907,0.009452451822870779
244.5,54.8208301108365,0.00016887941278019805,0.009597120787587548
245.0,54.311234499651384,0.0001710350734582651,0.009714690686905133
245.5,56.63924575498271,0.00017263997647602882,0.00980222191553948
246.0,58.8591034682709,0.00017752275568665526,0.010068529673778281
246.5,56.90922064484126,0.0001812812820079365,0.010273520232539681
247.0,55.18543149967809,0.0001868413928138861,0.010576769685016724
247.5,53.263564952438614,0.00018967423016983743,0.01073127289086821
248.0,50.33674872829953,0.00019359317100278622,0.010945012604955206
248.5,50.72066822002595,0.00018902163769993774,0.01069568062898707
249.0,53.57808740264759,0.00017498502056043338,0.009930121464510612
249.5,55.70443809701916,0.00016297748350708387,0.009275228449751606
250.0,57.85000545765658,0.00015728353331322803,0.008964679437561473
250.5,57.85438078788061,0.00016697871811917342,0.009493456359670848
251.0,56.30587705948498,0.00018748924031398824,0.010612103400261443
251.5,56.352202956316404,0.00020048507718522344,0.01132089822358804
252.0,56.08891625931807,0.00020644258741627804,0.011645821806626684
252.5,57.482359948945415,0.00019376331087053202,0.010954291965950849
253.0,59.17498259406699,0.0001687099124422909,0.009587876009091546
253.5,62.561788774869115,0.0001719698247092966,0.009765672199255391
254.0,64.73374169934623,0.00019106808084229298,0.01080729386600712
254.5,67.00485969958645,0.00019393771374045187,0.010963804260858136
255.0,67.8998395596029,0.00017516344174109365,0.009939852396794624
255.5,64.78139509032192,0.0001580812404771675,0.009008186505043389
256.0,63.57365611889891,0.00015277337492225663,0.008718694872456629
256.5,60.57391928496038,0.00014354310269364053,0.008215274643756522
257.0,58.30449168259192,0.00014971706804260384,0.008552003494705212
257.5,55.16429778644345,0.00016151684849290325,0.009195564987062895
258.0,55.9355419931411,0.000169856323889007,0.00965040158523055
258.5,59.181548414705276,0.000171493230406539,0.009739678283422246
259.0,59.1237936984344,0.0001630399811325489,0.009278637038679819
259.5,57.13515129843075,0.00015923041062888618,0.009070862644593235
260.0,57.05866861499259,0.00016031560162651175,0.009130049260022664
260.5,60.082027944178876,0.00016713975409055482,0.009502239564306998
261.0,63.06799356380516,0.00017985612005546635,0.010195791852255673
261.5,63.22479579617252,0.00018542588392188783,0.010499567310126887
262.0,63.99698820075451,0.0001854588863190268,0.010501367285853333
262.5,66.09806852898515,0.00018250754902776172,0.010340400954136053
263.0,67.4242943674882,0.00018345671131501058,0.010392168603212312
263.5,66.07558103122413,0.00018770735185357214,0.010623999198129208
264.0,66.30990578520597,0.00018868128306730932,0.010677117477360496
264.5,66.49293969361915,0.00019272686236571228,0.010897763981767257
265.0,64.63846494681637,0.0001981688743257857,0.011194572231413395
265.5,62.17677703139198,0.00019694046837229377,0.011127574610072877
266.0,63.353444105375885,0.00018857351733030166,0.010671239822444018
266.5,67.53583506923907,0.00017149921069241328,0.009740004378524552
267.0,69.6704889854339,0.0001542726727625838,0.008800467006963714
267.5,67.84306744983736,0.000153141633735217,0.008738779759358878
268.0,60.678593186421686,0.000159882220266659,0.009106412258223468
268.5,56.816237572054966,0.00018407797665225207,0.010426052483084314
269.0,57.42915693793271,0.0001996799822486452,0.011276988309133625
269.5,59.662655840646686,0.00018580074100721684,0.010520012433371811
270.0,62.2438597642128,0.0001685417601217341,0.009578704673680973
270.5,63.7746194862936,0.00016323292320772468,0.009289159923060352
271.0,62.0456222272263,0.00016656417248099578,0.00947084715413292
271.5,60.49750117796699,0.00017756696564554694,0.010070941266479802
272.0,57.1633292081439,0.00018843284281188494,0.010663567257555066
272.5,56.6071710436529,0.00018791245469452925,0.010635185564632851
273.0,56.77419553583319,0.000177188929879184,0.010050322870939227
273.5,57.60298183251939,0.0001865753275759445,0.010562258219802131
274.0,61.97148534646692,0.0001890422346759463,0.010696803703094157
274.5,65.45824475790734,0.00017930882686084605,0.010165942491751023
275.0,65.50838633207535,0.00016032958494195757,0.009130811626338334
275.5,66.669291692943,0.00015948428735006393,0.009084708953720544
276.0,65.57149700876364,0.00017697585441835075,0.010038701869555954
276.5,61.85961563714517,0.00018282189322378514,0.010357545192307093
277.0,56.96757743487029,0.00019083597798264635,0.010794634633519819
277.5,54.15815236285475,0.00019484719066553276,0.011013407169486936
278.0,52.503681855115474,0.00019139185010936835,0.010824952057823169
278.5,53.411527737516394,0.00017802431330808747,0.01009588486118628
279.0,55.03764389581491,0.0001662767183055177,0.009455169174091055
279.5,57.12843600808594,0.00017791443328908134,0.01008989184642926
280.0,61.33224635134153,0.0001999776331548482,0.011293222330563672
280.5,65.24590711006277,0.00020525905187043002,0.011581271731729036
281.0,65.2669183883807,0.0002013882739390525,0.01137015886600961
281.5,63.885428793044206,0.00019054087962474303,0.010778540319435528
282.0,63.93843875301281,0.00017454960358478092,0.009906373374467382
282.5,62.73384202274621,0.00016256314990321339,0.009252630610196145
283.0,58.530736519830675,0.00017473618283093528,0.009916549624381295
283.5,55.64657647645392,0.00019974278191783139,0.011280413297273851
284.0,55.85144416504477,0.00020592006438049655,0.011617323389638388
284.5,57.54573970479732,0.00018676159415957725,0.010572417209021476
285.0,59.31827100762259,0.00017539270896154623,0.009952356771120819
285.5,63.46824315787885,0.00018495597328000126,0.010473938624000255
286.0,67.15971242321685,0.00020105538906729653,0.011352003019297634
286.5,65.59981405760404,0.000199056382642581,0.011242977050974119
287.0,64.2048859523267,0.00019820459944643347,0.01119652046772408
287.5,63.35941718239311,0.00020375005471188196,0.011498970348717113
288.0,58.84240233263762,0.00019925247513485382,0.011253671770916887
288.5,54.47932574138609,0.00018862190027326849,0.010673878853625139
289.0,54.55886425916947,0.00018147908948002405,0.010284308693773858
289.5,54.80655782775936,0.0001947644514231905,0.01100889439611042
290.0,57.090318206556795,0.0001996488364796344,0.011275289482017501
290.5,61.106661144603635,0.00018715653567387888,0.010593957354271625
291.0,64.83061080852782,0.0001762967216248248,0.010001661755711615
291.5,64.5509392060006,0.00018623207582611122,0.010543537577032119
292.0,61.902722946247856,0.00020180766670264123,0.011393032727032825
292.5,59.19957334792104,0.00020856015945213847,0.011761314418692789
293.0,56.47090271203013,0.00019485174531603435,0.011013655473407071
293.5,54.31115526870157,0.00017940666893701552,0.010171278762477325
294.0,52.00152810713023,0.00017180545876685588,0.009756707553911843
294.5,54.32110138981598,0.0002033675872941667,0.011478111060850359
295.0,60.297530099472056,0.00021329688234751374,0.012019656061468263
295.5,63.695857107710815,0.00019261618778691904,0.010891727650558994
296.0,64.64629979671753,0.00017176053059394361,0.009754257082923188
296.5,63.52199347119406,0.00016739212232563892,0.009516003702614685
297.0,59.26372589768306,0.00018190065962846302,0.010307301317059972
297.5,56.53402556955525,0.00020307473945179835,0.01146213909356122
298.0,58.5232257811936,0.000206801402624549,0.011665391357564642
298.5,59.777160027565,0.00020270127834780188,0.011441770122123279
299.0,58.93574349719922,0.00019848365867820768,0.011211740691696356
299.5,58.89095340565806,0.00017613829608659865,0.009993021036585774
300.0,59.54505044533658,0.0001541901751342285,0.00879596712960538
300.5,59.51514202498156,0.00016274541601488563,0.009262571602757102
301.0,61.700926283714026,0.00018574323086977473,0.01051687602330726
301.5,61.19932940440559,0.00019343443416948618,0.01093635488104671
302.0,60.118142259994464,0.00019554313549627163,0.011051364019278503
302.5,61.080825601653515,0.00017544602585538373,0.009955264458993444
303.0,62.88173447749836,0.00016142761640114322,0.009190698591014627
303.5,62.75281798324839,0.00017354298011578427,0.009851472128051552
304.0,60.772935963588296,0.00018366254303916674,0.01040339479359978
304.5,57.29983180888762,0.00017360675468750856,0.009854950603793329
305.0,54.4021448179853,0.00016389754127700911,0.009325408813553794
305.5,52.89450661007892,0.0001687788150252874,0.009591633937218512
306.0,53.53673725555668,0.00017865650280139578,0.010130364621145438
306.5,56.283563115583746,0.00019086475791121042,0.01079620454357292
307.0,58.742278839898574,0.00019184752209532106,0.010849804890720243
307.5,56.64714925653605,0.00017389294577302162,0.009870559344046471
308.0,55.509440307592556,0.00017140327526841924,0.009734772353851959
308.5,55.31334533176174,0.00018431121288998078,0.010438773274035917
309.0,55.25517793581354,0.00019253762844644617,0.010887443111423766
309.5,54.8535642931176,0.00019896680755667829,0.011238091712191828
310.0,55.05545545731137,0.00019558593899569643,0.011053698666059734
310.5,56.43835186273241,0.0001842453054996142,0.010435178516954234
311.0,58.973513491644866,0.0001788028332217847,0.010138345591284566
311.5,60.92178071811024,0.00018023645615662665,0.01021653550262478
312.0,62.696328062789576,0.0001815148099454085,0.010286256959439187
312.5,63.05702303001338,0.00017285255630176957,0.009813816425277342
313.0,62.4514188633111,0.0001674170120803847,0.009517361007668965
313.5,61.98467923106166,0.00018128579969093063,0.010273766659399101
314.0,62.995491045802716,0.00019326878646170966,0.010927320559756697
314.5,64.90443301406852,0.0002018314809521501,0.01139433142498645
315.0,63.56788322955278,0.00020313451619708082,0.011465398921830957
315.5,59.707924444662446,0.0001916587064252253,0.01083950652022085
316.0,58.05594383420226,0.00018597334021682455,0.010529426046642785
316.5,58.818732890527066,0.00018816148150952336,0.010648767700585324
317.0,57.087037113728464,0.00019707796987934755,0.011135074408993004
317.5,57.16467087856439,0.0001949119139540834,0.01101693706198156
318.0,60.49340771279205,0.0001797280004553147,0.010188803933144194
318.5,62.6091811363414,0.0001632594481191356,0.009290606541720502
319.0,63.46956231681485,0.0001644699711711384,0.00935662869675062
319.5,61.45756481087972,0.00018399430121261845,0.010421489023224526
320.0,54.6495075326171,0.00020006476662566864,0.011297974344804155
320.5,50.0303505550397,0.0001902552517621128,0.010762962177690108
321.0,49.4856351606865,0.00016984357456814518,0.009649706273830801
321.5,50.248623276401,0.00016533678516826027,0.00940390496535991
322.0,50.21396228831441,0.0001677156689037135,0.009533649778838504
322.5,50.09602739571151,0.00018643295599605494,0.010554493417960383
323.0,50.81741739787414,0.00018804894695646364,0.010642629779586327
323.5,51.67164811232921,0.00017592105188381585,0.009981172377797205
324.0,57.55570837364984,0.0001684943016412319,0.00957611617087813
324.5,63.54510266577462,0.00016736751052262968,0.009514661094797419
325.0,62.642139780144156,0.00017257145192978816,0.009798484676531364
325.5,58.56924973554577,0.00019039170721051976,0.010770404494132108
326.0,56.305938949937136,0.00019221399628927604,0.010869792390772832
326.5,57.72841391251367,0.000183758916549285,0.010408651018436703
327.0,60.340011891769315,0.0001740768981959997,0.009880592130184601
327.5,63.23653719408153,0.00017750253701412483,0.01006742690468096
328.0,63.595612888848315,0.00018957497900241174,0.010725859739412221
328.5,64.49268887557072,0.00019885277282086702,0.011231872331696887
329.0,63.62124653774866,0.00020174307916175215,0.01138950976814228
329.5,62.27650029929901,0.00020351268788221678,0.011486024461293197
330.0,61.5014481144174,0.00020605584673134966,0.011624729050377206
330.5,58.55288887109761,0.00020795066636111314,0.011728072488383872
331.0,57.63455180887856,0.00021118021951958325,0.01190421295649845
331.5,59.06978208962851,0.000203489350773044,0.011484751990953926
332.0,60.3082064899437,0.0001839517250417909,0.010419166732820891
332.5,61.121680785879256,0.00017591281380547534,0.009980723178861934
333.0,63.40199053348089,0.00018170220454143314,0.010296477524324481
333.5,60.53606776319238,0.00020126136149047546,0.011363236925066716
334.0,56.60480270774045,0.00021081438644179938,0.011884260240885096
334.5,57.6748342022006,0.00020490360486928773,0.011561885441913623
335.0,58.70051151330207,0.00019057109139870772,0.010780187772292884
335.5,59.34700687911235,0.00017922305802342713,0.010161264418155177
336.0,61.05213774280607,0.0001825319396842948,0.01034173142224244
336.5,61.98160569342987,0.00019222228965247088,0.01087024477423464
337.0,63.039020545030816,0.0001943065845851811,0.010983922466204266
337.5,62.728065141251946,0.00018408959173659377,0.010426685898055578
338.0,61.678091863233774,0.0001691905303150375,0.009614089062145462
338.5,60.27002959446955,0.00016647768524286492,0.009466130115574128
339.0,58.84475372406585,0.000178229950941768,0.010107100522886655
339.5,56.84946059487052,0.00018683152072995722,0.010576231209571798
340.0,58.10671698916817,0.00019002255765622497,0.010750270793893785
340.5,59.889597534223306,0.000183331171109184,0.010385321780010465
341.0,60.80921272726681,0.0001841098429798187,0.010427790699771572
341.5,63.86210029483374,0.0001950701172462914,0.011025565836257726
342.0,67.21900426046884,0.00019755473442150656,0.011161076940731844
342.5,69.03157990859168,0.00019305356382976242,0.010915582379024135
343.0,71.18561151473679,0.00019608998204038248,0.011081188952270034
343.5,70.07330269076816,0.00019893452264246555,0.011236330467130818
344.0,67.10069823837773,0.00019594003642169563,0.011073011030869126
344.5,63.570772426068245,0.00019335243568789165,0.010931882867549852
345.0,60.79596470672916,0.00021084359043318168,0.011885853029751104
345.5,59.542946216873354,0.00022647811677676524,0.012738562473372564
346.0,60.47670916399831,0.000229773607036275,0.012918299303933461
346.5,62.54722639817305,0.0002057696016285939,0.011609116910094256
347.0,63.96286552011307,0.0001715413907422124,0.009742305186540318
347.5,62.48507179676623,0.0001586150161646848,0.009037298835999241
348.0,59.152523822599704,0.00016117469652290255,0.009176904250412591
348.5,56.23145138531913,0.00017845045897598767,0.010119126895635608
349.0,54.94156035153326,0.00019157668957504493,0.010835033680122839
349.5,54.24982091257379,0.00020580471763044538,0.011611032521721465
350.0,52.92892265978924,0.00022164902465838162,0.012475183134060092
350.5,52.34924871309665,0.00022488938995733146,0.012651913193857006
351.0,56.66209283217162,0.00020603753784339157,0.011623730097340381
351.5,61.51483589958489,0.00018651395983150797,0.010558911506166332
352.0,62.21118341620172,0.00018095319243639665,0.010255626126868828
352.5,58.760231689335235,0.00018512882831857417,0.010483366041832635
353.0,54.36795230219707,0.0001830728901744843,0.010371235057249214
353.5,52.8044885793294,0.00017516894240510693,0.00994015239505771
354.0,53.9347310806603,0.00017054487979064687,0.009687955432448825
354.5,55.08216766972529,0.00017364020930854827,0.009856775145073245
355.0,53.79933971212605,0.00017940019605804322,0.010170925564124043
355.5,53.750642944179226,0.00017448010254641184,0.009902582672491979
356.0,55.21727133266127,0.0001701202010872081,0.00966479325024194
356.5,57.53317597809861,0.00018015090245345356,0.010211869274489978
357.0,58.05884898558841,0.00019483846712371842,0.011012931428596627
357.5,60.080855699771774,0.00019893127380193,0.011236153408952327
358.0,62.999493689501804,0.00020304246167891847,0.011460378106521146
358.5,64.59578847199296,0.00020752016965635276,0.011704593446326883
359.0,64.58565301725187,0.0002081177423469487,0.011737185146449381
359.5,63.66727466355051,0.00020856136591351364,0.011761380559797434
360.0,65.21435370248932,0.0001822590587178875,0.010326848640198578
360.5,64.45105059754304,0.0001617044836619577,0.009205798994303682
361.0,61.801521066761595,0.00017027405002112512,0.009673184277717508
361.5,56.84616784245607,0.0001894158943370325,0.010717183443912724
362.0,52.67078250335275,0.00020131604454715372,0.011366219512878787
362.5,55.67782840147294,0.0002201821749480884,0.012395180812301801
363.0,61.05431117718366,0.00023318359213545903,0.013104279955780933
363.5,63.908117864607476,0.00023081117050966404,0.012974887661470652
364.0,64.17043413339054,0.0001943731464433722,0.010987552745624898
364.5,63.03859764872177,0.00014808390243058487,0.008462930310925473
365.0,58.654190780029516,0.0001337995691339864,0.007683860393027443
365.5,53.507006514558945,0.00015304217610340238,0.008733355156011233
366.0,50.65920389470895,0.0001864474514838222,0.010555284015232013
366.5,49.822240573223354,0.00020195809431611313,0.011401236633647845
367.0,50.71548973603938,0.0001958878274094861,0.01107016371723614
367.5,51.68348023689198,0.00016999975145876896,0.009658223644153825
368.0,52.05917940931681,0.00016836368180472456,0.009568992324224661
368.5,52.8945009497719,0.00020047278185348627,0.011320227597634248
369.0,53.41618290252069,0.00020515049155402134,0.011575350503469086
369.5,53.65990989827203,0.00020713265074558855,0.01168345773194213
370.0,57.10768304367381,0.00020588664913976444,0.011615500873600061
370.5,58.789233805619915,0.00020053793568854778,0.011323781128646201
371.0,59.078745115336226,0.00018885838989372893,0.010686777105706502
371.5,59.2602407201151,0.00017939020554293925,0.010170380857573255
372.0,56.23224549015089,0.0001839882419747382,0.010421158290149408
372.5,54.94954073648594,0.0002029042376718805,0.011452839762710236
373.0,57.855110163237306,0.00021286002135069732,0.011995829357855018
373.5,62.23500353501632,0.00021424820322177342,0.012071541341546085
374.0,64.57484674671383,0.00020776211898739967,0.01171778903219548
374.5,61.951261033923366,0.00019785381980161646,0.01117738879509927
375.0,58.73244967504418,0.0001787391432913384,0.010134871502148122
375.5,58.90892709291964,0.0001575580934661686,0.008979653838457235
376.0,55.15010756508202,0.00014454701013537057,0.008270027732282952
376.5,52.28491757309307,0.0001521634061722283,0.00868542726259319
377.0,52.19519274215948,0.00017126832283837553,0.009727412238625853
377.5,52.48819768309506,0.0001883681511354341,0.010660039300562857
378.0,52.479433933576196,0.0002029078998463052,0.011453039329019702
378.5,53.22104663634074,0.00021100699473855842,0.011894765278462133
379.0,55.363614117506586,0.0002052659722837604,0.011581649050568793
379.5,56.68179638733538,0.00018719465440133595,0.010596036681288203
380.0,55.4471576241698,0.00018008651855597714,0.010208357774897212
380.5,51.30723170144746,0.00018149637360759336,0.01028525137946973
381.0,47.411854445992,0.00018504417322319174,0.010478748870427235
381.5,45.732104960730766,0.00018957824304641696,0.010726037803903502
382.0,50.952535639282935,0.0001986952100420295,0.011223278509207124
382.5,57.74461062010064,0.00020633055930407258,0.011639711511030363
383.0,57.083904760391036,0.0002151800315273731,0.01212236313624229
383.5,56.558976824335986,0.00022076789306322696,0.012427126155123881
384.0,59.468146633657604,0.00021602143636023673,0.012168253517989735
384.5,61.712612045588585,0.00019043716823570987,0.010772884042873307
385.0,63.43722682220341,0.00016782013495368714,0.009539347122346607
385.5,61.116720405351344,0.00015361017846346597,0.008764334208993262
386.0,57.80385480310534,0.0001480153411573337,0.008459190869945706
386.5,57.363002311166944,0.0001769280257957698,0.010036093361758137
387.0,57.944635594145986,0.00021471056772929414,0.012096758730379662
387.5,57.6770167319299,0.00022294358804264767,0.012545788697348499
388.0,60.23588198908075,0.00021985137614651814,0.012377139273851324
388.5,63.91319660006853,0.00021132407955936738,0.011912059344579881
389.0,65.00048388528361,0.00018670871672476133,0.010569533401495244
389.5,62.756219694745376,0.000169087037737302,0.00960844439368603
390.0,60.81553341505751,0.0001647266332965577,0.009370627159864411
390.5,60.502917297017504,0.00017347017647424158,0.009847501396778407
391.0,61.537658290587046,0.00018540422830160154,0.010498386122954341
391.5,61.39787747062609,0.00020026389607948712,0.011308834997825139
392.0,61.86933514344089,0.00020732221374925852,0.011693796931857259
392.5,63.477369077890174,0.00020634978302326609,0.011640760487435677
393.0,66.8651823783319,0.0002057244764008112,0.011606655806713988
393.5,69.90859639076007,0.0002010288571079141,0.011350556127162795
394.0,68.07120003430344,0.0001878677076603056,0.010632745120305712
394.5,64.58888272354714,0.00017483754634467917,0.00992207778627826
395.0,60.16914685112039,0.00017906144946768234,0.01015245037508744
395.5,57.06965912251092,0.00018198502444106672,0.010311902658044263
396.0,54.75606700581351,0.00018663867748588763,0.010565713401773156
396.5,55.71422377175872,0.00018781532427474343,0.01062988777309097
397.0,56.30770242576024,0.00019901993361306401,0.011240988898358568
397.5,56.095275567840446,0.00020877535056121972,0.011773050755604201
398.0,54.78671790258069,0.00021219309351628183,0.01195945530592626
398.5,54.429355279956205,0.00020644053815566858,0.011645710194914581
399.0,53.61493063511221,0.00020074511711530812,0.011335081159780725
399.5,55.230992278470104,0.0002013386138468235,0.011367450293939117
400.0,57.07016995765327,0.00020378978457463186,0.011501137425010115
400.5,56.58470182029211,0.00020949922769404787,0.011812531487658456
401.0,57.60907645775813,0.0002153285062356727,0.012130461164205977
401.5,55.74887441482367,0.00021419716935098973,0.012068757702980399
402.0,54.12624060416709,0.00020338395133615573,0.01147900319786454
402.5,56.89348924995303,0.00019848546412719767,0.011211839362285467
403.0,59.57856299608418,0.00019858785838252645,0.01121742366157445
403.5,59.48176332776643,0.0001930522899640406,0.010915513084106444
404.0,60.626045963239605,0.00018174090092238883,0.010298588127405325
404.5,60.04760655065648,0.00016583348671576572,0.009430995582860266
405.0,58.83841976595134,0.0001526626090468263,0.00871265385647582
405.5,57.41898039837369,0.0001395414961367213,0.00799702591187721
406.0,56.157337812772774,0.0001287473568462351,0.007408312159725212
406.5,57.0154331102654,0.00013252981241390475,0.007614607948102451
407.0,58.52223018608658,0.00015527435764549948,0.008855098809786414
407.5,56.63385881963973,0.0001809779474164454,0.010256976702736734
408.0,55.92029187955705,0.00018583993051860686,0.010522149892634964
408.5,55.96484033321073,0.00018893386948056726,0.010690893491055219
409.0,56.233726711976786,0.00019476957499293593,0.01100917411914777
409.5,54.36504115233831,0.00020505003874154035,0.01156987195800485
410.0,50.98572649796744,0.00021825405959425263,0.012290021395054303
410.5,49.7951283615469,0.00020948619585701436,0.011811820834817176
411.0,54.4099580935849,0.00017719415176124467,0.010050607677762606
411.5,60.87904050269792,0.0001666298882152358,0.009474431214224421
412.0,62.71240211300691,0.0001721600377225066,0.009776046417198512
412.5,65.44906591365151,0.00016766015627380697,0.00953062226522493
413.0,66.63767563084424,0.00017985413508233742,0.01019568330071955
413.5,64.02575394520963,0.00021301263627261977,0.012004153303842626
414.0,55.16285827857411,0.00022439750164484964,0.012625085457570722
414.5,44.28947847619392,0.00022198635401625934,0.012493580876833386
415.0,40.316119917069486,0.0002013427374862884,0.011367675292750866
415.5,42.893429474804584,0.00018472075971813327,0.01046111000728902
416.0,45.2559071730353,0.00016858620908839113,0.009581129261705013
416.5,47.34794592496943,0.00016767053600520246,0.009531188442146983
417.0,49.02814418744584,0.00019180017210864033,0.010847222485229423
417.5,51.31906504480614,0.00019958616594655982,0.011271871488650512
418.0,54.63454764692954,0.00020159814001453327,0.011381604956933342
418.5,57.44299085768669,0.00019278006181695854,0.010900665558163528
419.0,56.364953660107474,0.000188475113958623,0.010665872825467165
419.5,53.54977610863341,0.00020380540002335905,0.011501989090799565
420.0,53.48920876195027,0.0002094324443366474,0.011808888926930881
420.5,56.780272084109555,0.00020374020501278008,0.011498433607311157
421.0,60.81445221547139,0.0001918691444959145,0.010850984022384219
421.5,60.377948992516465,0.0001933651691096419,0.01093257769773513
422.0,59.43863988097606,0.00020629041673801143,0.011637522261015614
422.5,59.1899227610356,0.00021600290151002234,0.012167242644318574
423.0,58.592870595317976,0.00021273710611806646,0.011989125950620806
423.5,59.13145707316061,0.0001968578977208793,0.011123071302582145
424.0,58.44572623754627,0.00018301259529246693,0.01036794633893287
424.5,55.86555961731669,0.00018288414026941863,0.010360940591540135
425.0,55.40861229162637,0.0001921119148056696,0.010864225021280084
425.5,57.52670923835934,0.00020874072705992055,0.011771162666415974
426.0,58.20454829487293,0.0002204769331200867,0.01241125718628526
426.5,57.1095291107995,0.00021920749943414242,0.012342021887358076
427.0,58.7916667645981,0.00021282984224386023,0.011994183435057235
427.5,61.16477456141484,0.00020591362879550552,0.01161697220983397
428.0,61.19080733596045,0.0001960539334515119,0.01107922314203812
428.5,62.17750903382659,0.00019014902214307202,0.010757167902832696
429.0,63.94947873582298,0.00018625755947186936,0.010544927124984652
429.5,63.524709081120605,0.0001911147919268345,0.010809841350805718
430.0,61.190329699713324,0.00020705971805724533,0.01167947991027698
430.5,59.29109077420262,0.00022370835857516143,0.012587499297438017
431.0,55.13002607493461,0.00023358164835440268,0.01312599049696405
431.5,54.46030346069044,0.00023468012869328186,0.013185901547580293
432.0,57.010167003048316,0.00021699261528639933,0.01222122184126666
432.5,58.02969305405465,0.00020922123276496523,0.0117973693929461
433.0,58.89207926419105,0.0002082529883644697,0.011744561449236298
433.5,61.13972277257837,0.00020788017690091085,0.01172422796288102
434.0,62.57624045934059,0.00020092389591405487,0.0113448314696898
434.5,61.778256343638866,0.00019284624703075733,0.010904275277394602
435.0,60.76625656904723,0.00018817920008638498,0.010649733733483904
435.5,58.22457091416186,0.0001884666641412975,0.0106654122544562
436.0,54.58704210924805,0.00019249060935120756,0.01088487849172936
436.5,53.04870051666215,0.00019623359601290852,0.011089021633918932
437.0,54.565329981391145,0.0001966591484380574,0.01111223158831695
437.5,55.5379811098463,0.0002033357111357657,0.011476372203889107
438.0,55.43901462689921,0.0002061827402505989,0.011631649473748758
438.5,55.169786634698674,0.0002019236921675008,0.011399360737309065
439.0,55.787598451930556,0.00019093535644371367,0.010800054998335185
439.5,56.83951054526609,0.00018265739837377618,0.010348573834385533
440.0,57.03911587510279,0.00019948266163953235,0.011266226652652606
440.5,57.398464288258474,0.00021229632085361793,0.011965085175784752
441.0,59.862306705807626,0.0002136056167054551,0.012036494404417543
441.5,62.328226991294706,0.00021042090482626413,0.011862799888064957
442.0,60.83950679271449,0.00020324732810043786,0.011471551816242724
442.5,59.85688710134635,0.0002055224687548173,0.01159563846215744
443.0,58.79637983449042,0.0002118617320208482,0.01194138292348504
443.5,56.97793529151105,0.00022754362109856112,0.012796675384877493
444.0,56.71764247494166,0.00022850587343512254,0.012849156844340725
444.5,59.59930242763175,0.0001869312308552607,0.010581669289473551
445.0,63.76199041817395,0.00016124113345379176,0.009180527445694253
445.5,65.74388885571564,0.00016205096975761854,0.009224696296818425
446.0,63.933662353485985,0.00020080010885178268,0.011338080368380413
446.5,63.049671074611055,0.0002128419763319455,0.011994845452691937
447.0,63.16337904724452,0.0001966108261476132,0.01110959612385764
447.5,61.92825543116733,0.00017625698892426657,0.009999494556059203
448.0,61.3782060084476,0.00018471737463469643,0.010460925437985307
448.5,62.42724291152998,0.0001977706991474818,0.01117285576440078
449.0,61.570590735967315,0.0002041944218615082,0.011523206548977049
449.5,62.2552230115325,0.000197786129262246,0.011173696925381551
450.0,67.65065041080425,0.00017857925813325536,0.010126151671168385
450.5,68.56347557234537,0.00016749486384319011,0.009521607016076183
451.0,64.7515538819582,0.00017583965269360702,0.009976732997924917
451.5,60.57150097657686,0.0001905259822950988,0.010777727737796545
452.0,57.53670139824615,0.0002003550508825118,0.011313806830905849
452.5,53.20495798268833,0.00019954766377865303,0.011269771643133208
453.0,52.8190898480895,0.00018551741739335974,0.0105045598720844
453.5,54.95996754090258,0.00018742780489975825,0.010608752741130571
454.0,55.62006549243271,0.0001946696337885485,0.011003723063039272
454.5,55.446883836642044,0.0001989977640362566,0.011239779959814834
455.0,56.89560787179337,0.0001900740044155064,0.01075307661081654
455.5,58.08506727559161,0.00017625283372682435,0.00999926821641483
456.0,58.94165334552698,0.0001791535255304471,0.010157472353394861
456.5,59.78672162595817,0.00018588439657233908,0.010524575053425316
457.0,58.57576189520554,0.0001927929590475876,0.010901368965847058
457.5,57.90491457786821,0.000198365675877529,0.011205305667785418
458.0,61.082468618177195,0.0002067770377698253,0.011664062648033201
458.5,61.03978888165578,0.0002133474709704284,0.012022415358632865
459.0,62.28426438184012,0.0002089890542250375,0.011784706373489896
459.5,63.38568157092347,0.00019283558805503515,0.010903694102455948
460.0,62.32095739832828,0.0001888945255702281,0.010688747762064384
460.5,57.23864737149617,0.00020271483379113983,0.011442509292450302
461.0,52.566371497511206,0.0002164324824715194,0.012190672191960997
461.5,52.97196681315368,0.00022077151675818914,0.012427323766593357
462.0,57.40746415764197,0.00021399018576307994,0.012057468676769795
462.5,62.30052050131738,0.0001866027228712552,0.010563752402911014
463.0,66.16961884054082,0.00016469841612428131,0.009369088122950717
463.5,67.10663428679652,0.00016443903894809096,0.009354941985881488
464.0,64.7379572960291,0.0001704473217876291,0.009682634595928724
464.5,64.081958350257,0.00019477344006235112,0.011009384584303828
465.0,64.04360504830628,0.00019899148911306153,0.011239437555045936
465.5,64.70408265177011,0.00020139336331140954,0.011370436432567172
466.0,66.4457383321038,0.00020242742515595732,0.011426834020622023
466.5,65.3720022041554,0.00019750505354346857,0.011158367215662903
467.0,65.32619170578663,0.00019114564076020026,0.010811524158914124
467.5,65.14902507179713,0.00019206232917582153,0.010861520238069532
468.0,66.40652362249246,0.00020036808908871075,0.011314517915276691
468.5,67.02216381097787,0.00020627685001996148,0.011636782441066537
469.0,68.78809041902855,0.00020264106004213352,0.011438486123185586
469.5,69.05894053090462,0.0001857430756708696,0.010516866974404869
470.0,68.86354028673775,0.00017227093976689075,0.0097820950301683
470.5,67.63496655588112,0.00017109828640366696,0.009718138427717663
471.0,66.24795131744473,0.00017612154253327636,0.009992107531414607
471.5,66.2661805144823,0.00019741718529852687,0.011153574741487007
472.0,65.11150778325097,0.00021627718622275262,0.01218220242368823
472.5,63.388465012301126,0.00021956467309344738,0.012361502267577604
473.0,61.714826486781384,0.00021766075687304522,0.012257662279780219
473.5,60.928201021418815,0.00019458060572568573,0.010998867491278253
474.0,61.2532415368609,0.00017713749073627863,0.01004751748789852
474.5,60.540565551884185,0.00016834236048388586,0.009567829639367274
475.0,60.0890691411184,0.00016958740666714293,0.009635734845255643
475.5,60.370655880107,0.00019264657998773455,0.010893385569345276
476.0,61.178542500380615,0.0002050305135309477,0.011568806876056784
476.5,62.77382588385454,0.00019814233469955762,0.011193125001227058
477.0,63.82598100215352,0.0001868648700364265,0.010578050196833645
477.5,63.008101112456174,0.0001800670697115129,0.010207297127225004
478.0,62.25755714394195,0.00018790408630616528,0.010634729365721662
478.5,60.41959452827206,0.00019638936898498918,0.011097517683928363
479.0,59.02473983504609,0.00020158503876391162,0.011380890088473521
479.5,59.99488734859829,0.00019717396610995905,0.011140309672008701
480.0,60.36639845447751,0.0002002159346568407,0.011306219313931595
480.5,59.900372526277366,0.00020975568620282457,0.011826518745723234
481.0,59.58214209366197,0.00020763842401206608,0.011711042610531025
481.5,59.84504271197636,0.00019532318752522008,0.011039368066379137
482.0,58.20837692057528,0.00019259959316653388,0.010890822802307302
482.5,57.56074656556993,0.00019757097069118858,0.011161962473722059
483.0,61.397491497258386,0.0001976064426338856,0.01116389740722315
483.5,63.963310236852614,0.00020219218450330043,0.011414003939506184
484.0,62.25567654026434,0.00020697122088984515,0.011674653332763822
484.5,60.17737928219267,0.000199918418357291,0.011289992844350944
485.0,57.00198944459308,0.00018960161574339715,0.010727312479652942
485.5,52.85322502613501,0.00019505956528474534,0.011024990269235473
486.0,48.39648736187664,0.00020926770155027752,0.011799904055897216
486.5,49.875184033017206,0.00021808503164924602,0.012280802220384619
487.0,54.224560163145334,0.0002061594496590431,0.011630379441247462
487.5,58.56640142915558,0.00017380140656253663,0.009865566747908986
488.0,64.46059494859877,0.0001571644011121673,0.008958181838533186
488.5,70.01990820334119,0.00016719490949977948,0.00950524754955659
489.0,69.93049035430232,0.00017816270989623378,0.010103432856411014
489.5,70.16732190067056,0.00018104933577913295,0.01026086964847228
490.0,69.58222773380946,0.00018900405481146176,0.010694721733726268
490.5,66.19523179883367,0.000215169038915797,0.012121763585020975
491.0,63.03365994151006,0.00020728164553450204,0.011691584364675916
491.5,62.34986899834566,0.0001966243781430753,0.011110335330243274
492.0,61.400340827366314,0.00021661935780557928,0.012200864299541623
492.5,60.925690320062806,0.0002127033579298725,0.011987285063780872
493.0,59.98811211534735,0.0001946645158508302,0.011003443903452505
493.5,57.54977633621914,0.0001770478647623792,0.010042628939216118
494.0,59.516755993298716,0.0001750524345802858,0.009933798037017022
494.5,61.140008090101134,0.0002029016171740421,0.011452696585891807
495.0,65.15986356364692,0.00021332199297818106,0.012021025724101252
495.5,65.19141553460335,0.00020812090320332973,0.0117373573585529
496.0,60.62568707159631,0.00017828344231321148,0.010110017718721784
496.5,55.806216032340046,0.00015556117900997378,0.008870741789191448
497.0,50.51186274599149,0.00013459307703736227,0.007727138756105885
497.5,48.95216184979699,0.00013060622729129328,0.007509695190656059
498.0,49.104547578189724,0.00015561042179405518,0.00887342750055542
498.5,51.68114529348466,0.00018818465275066722,0.010650030916068049
499.0,53.26230394412023,0.00020009222859990923,0.011299472298891453
499.5,54.701157811339876,0.00020326252660202266,0.011472380735438001
500.0,53.99080120548987,0.00019919556810432622,0.01125056809395202
500.5,53.07009707531753,0.00018717906693921374,0.010595186537617516
501.0,55.29417959342206,0.00018330679024075355,0.010383991881759862
501.5,55.36066460395516,0.00018368595322241482,0.010404671502003304
502.0,57.30244920001674,0.00018065356638924946,0.010239284770974008
502.5,64.85584939637037,0.00018010467937354743,0.010209348284606375
503.0,63.04094741117021,0.00018849823713538484,0.01066713393958046
503.5,59.006643052541946,0.00020546297472343262,0.011592393232786116
504.0,57.06142743359145,0.00021416367331345695,0.012066930765582911
504.5,58.01871851771273,0.00021311913991662793,0.012009961799779693
505.0,57.737597894425036,0.00019450009675156825,0.010994476461112252
505.5,55.61160497939316,0.0001754758985934695,0.009956893916292939
506.0,52.98634310145389,0.00017378362170357702,0.009864597094363057
506.5,52.0316158617345,0.0001704260919613486,0.009681476641328537
507.0,55.4371949158894,0.00017073046388525894,0.009698077062915167
507.5,59.75785285863519,0.00018683669666636323,0.01057651358622675
508.0,62.45591113215275,0.0001958256525639467,0.011066772546707331
508.5,64.98138829302891,0.0001998538350675004,0.011286470163695283
509.0,65.38718119014139,0.0001997920886201144,0.011283102381045441
509.5,63.402635823943555,0.0002016430869495632,0.011384056246987484
510.0,61.9330161547816,0.00020210777455671806,0.011409400308122902
510.5,61.191069987235956,0.00019751882481816528,0.01115911854957808
511.0,60.46780054488907,0.0002007932440312246,0.011337705719218513
511.5,58.4907951483735,0.0002089657309391898,0.011783434567478436
512.0,58.78520969416552,0.00021294338044031317,0.012000376128616253
512.5,60.25749088015569,0.00021065553485643827,0.011875596392175506
513.0,61.809363413429836,0.0002008545082737223,0.011341046737278399
513.5,63.33958664525368,0.00019145763974687109,0.010828540517390116
514.0,62.66024505466861,0.00019310715550435446,0.010918505480578142
514.5,59.45344601798278,0.0002006901465993026,0.011332082970289252
515.0,55.56045287390866,0.00020686374100173363,0.011668791505846186
515.5,53.50204792492368,0.00020579787806113237,0.011610659091951503
516.0,54.55489719106326,0.00020498204689497763,0.011566163522583345
516.5,55.560747618715496,0.00020609127139639694,0.011626660710561778
517.0,58.2733442820613,0.00020666993649049104,0.01165822158670243
517.5,62.67724887545335,0.00019672746267377348,0.011115957225433473
518.0,66.47923271479391,0.0001887459471530167,0.010680644412742968
518.5,67.40405235775054,0.00018795900209347827,0.01063772424812382
519.0,67.1007282609748,0.00019002559218511927,0.01075043628102272
519.5,64.3370201784388,0.00019156554504210323,0.01083442552320487
520.0,61.52494048395779,0.00018113317821077013,0.010265442726040557
520.5,59.306463336264464,0.00017950663922058492,0.010176731052040065
521.0,56.89804987520153,0.0001971620515395201,0.011139660180837088
521.5,57.70045105449249,0.0002093567863598867,0.01180476267477132
522.0,60.45798552024239,0.00020797731073975365,0.011729525880057488
522.5,60.95256055824044,0.00019146342523739554,0.010828856111191975
523.0,60.17625897797053,0.00019181525310059164,0.010848044722685767
523.5,62.3448504628181,0.00020120410387951607,0.011360113795248228
524.0,65.18249305044898,0.00020785908686230686,0.011723077825465259
524.5,65.77269039165097,0.00020924216864987496,0.011798511307833532
525.0,61.92379106943989,0.0001889507925769633,0.010691816474784422
525.5,58.257684615470644,0.0001655856471990766,0.009417477945240707
526.0,56.70726684823652,0.00016170606842577325,0.009205885328126806
526.5,56.297502066192955,0.00018410676771296735,0.010427622735784531
527.0,57.52154424722513,0.00019709075296942083,0.011135771072271997
527.5,62.443651331320716,0.0001921367766809638,0.010865580582814586
528.0,65.09701603810677,0.00017673433341724786,0.010025529290752134
528.5,62.7798184304888,0.00016379067317006356,0.00931957959200805
529.0,60.01179400216071,0.00017196906636135644,0.009765630453943065
529.5,60.74957985442748,0.00019335186649275813,0.010931852048837402
530.0,61.680484114755636,0.0001958348546677705,0.011067274618101544
530.5,61.589848941824634,0.00018697682449868349,0.01058415595082904
531.0,62.041925157822405,0.00018334842116850592,0.010386262647357107
531.5,61.432204466839266,0.0001811409446577073,0.010265866528320254
532.0,57.80158555232058,0.00017973458082871474,0.010189162799678443
532.5,58.044729908442555,0.00018028837770762358,0.01021936714979005
533.0,61.205241585935674,0.0001803200461419378,0.010221094174502272
533.5,60.7380342325271,0.0001723391936905504,0.009785817668104851
534.0,61.14911670348105,0.0001681401194108428,0.00955679946750355
534.5,62.39006595827209,0.00017176019564621616,0.00975423853401833
535.0,62.07206045634161,0.0001736893183070616,0.009859453651133492
535.5,60.81703006399562,0.0001642212643803899,0.009343064385907138
536.0,60.27396911503975,0.00015858091934767968,0.009035439066646549
536.5,60.91232051094031,0.00016028634762268714,0.00912845332349829
537.0,58.868555064869796,0.0001601235463408373,0.009119574243834461
537.5,56.81875465905885,0.00018108608463157636,0.010262874397525186
538.0,57.231767969313964,0.00020350956952927966,0.011485854591580434
538.5,60.37197075524579,0.00021615234015919272,0.012175392921811419
539.0,63.09234188065166,0.0002193791295830079,0.012351382828737307
539.5,65.38608768844672,0.00021319967412628834,0.012014354582898101
540.0,65.62718757606545,0.00020356404188541798,0.011488825544239844
540.5,62.73490758964964,0.00017239832341095872,0.009789042620506646
541.0,59.699184797962936,0.0001386160243290332,0.007946550709130779
541.5,60.86560777428578,0.0001490975357570158,0.008518213986798804
542.0,65.15160170255879,0.00017713982128220006,0.010047644327678473
542.5,66.40129931786386,0.00018603733552675558,0.010532916398590468
543.0,66.01995677820878,0.00018810550136426514,0.010645714356427293
543.5,67.26337261309146,0.0001825465259170348,0.010342527102228908
544.0,67.06030374430499,0.0001538339429096934,0.008776538451556952
544.5,65.52710736915867,0.0001201371643044018,0.0069387109191369045
545.0,62.00142628872432,0.00012244795365514753,0.0070647417758189475
545.5,60.73401145797884,0.00016408851287801524,0.009335824146778231
546.0,62.922260050952445,0.00019387574747282974,0.010960424390588978
546.5,64.2837825757635,0.000198722931636053,0.011224790456500836
547.0,64.32826198508567,0.00019873796294371234,0.011225610298680867
547.5,62.64966631630845,0.00018060305753419856,0.010236529816443431
548.0,62.782382324760206,0.0001602078245706211,0.009124170711118847
548.5,64.39905387533585,0.00015419008824238628,0.008795962371542964
549.0,62.44126251924854,0.0001569804465641532,0.00894814890481512
549.5,61.07902145003103,0.00019024047621474507,0.010762155868628954
550.0,61.11040359606627,0.00021131986782208496,0.01191182958259276
550.5,62.11791252999993,0.00021545543630924823,0.012137383656180686
551.0,62.34533889242801,0.00019728725630841927,0.011146488312635885
551.5,63.033902054235625,0.00018540479369959142,0.010498417441151774
552.0,65.36586865345501,0.00018425410052130782,0.010435658382822791
552.5,65.18279641462489,0.00019342945511855334,0.010936083625725727
553.0,64.54575003193064,0.0002029285172172857,0.011454164005783665
553.5,63.72307304652355,0.00019758709883739578,0.011162842064485472
554.0,63.724228409041544,0.00018958805784255526,0.010726573250519003
554.5,65.35120231017417,0.00018468980184419175,0.010459421638388786
555.0,67.0133778630098,0.00020177567587053186,0.011391287458620057
555.5,66.74890104913398,0.00020899076689006614,0.011784799654009885
556.0,61.133690965141675,0.00020455940593234342,0.011543112782590003
556.5,57.90140831441641,0.00018481912603730114,0.01046647497352268
557.0,56.023247213901236,0.00018331729542490232,0.010384564608152881
557.5,53.89262458127909,0.00020069245099087709,0.011332208592425778
558.0,53.393917617582325,0.00021370747854282737,0.012042050188294387
558.5,55.33419838418804,0.00021746446549125782,0.01224695677325913
559.0,57.41525865176064,0.00021237802241719423,0.011969541105402508
559.5,56.40944991163934,0.00020590708992484333,0.011616615467523224
560.0,57.429138477903756,0.00020236311952584316,0.011423327107167215
560.5,59.235679457432035,0.0001940851357902407,0.010971844537177537
561.0,61.957757926257315,0.00018233972160506339,0.01033124756894217
561.5,62.84240887943411,0.00016074569855119853,0.009153506218078752
562.0,62.170862250958535,0.00014156564746543502,0.008107423874901813
562.5,59.69590740604857,0.00015698088411722963,0.008948173027851744
563.0,56.50144272846413,0.00019846963106570796,0.011210975808468332
563.5,53.28073256967481,0.00021496831090109546,0.012110816227411276
564.0,53.502285869942085,0.00020846724497823995,0.011756246997970194
564.5,56.151593692620324,0.00019968914475532718,0.011277488180179407
565.0,58.838482219470485,0.00018534299788542632,0.01049504673608987
565.5,62.99904719971376,0.00017252354848183862,0.009795872367237913
566.0,64.17658938312724,0.00016927411115705282,0.009618647428748966
566.5,61.2331933264327,0.00017282758907264485,0.009812454559659366
567.0,64.6272257368599,0.000184697579920145,0.010459845683912568
567.5,64.93008648334599,0.000198522865677072,0.011213878724980298
568.0,61.92211190389096,0.00020388663612103849,0.011506419742494917
568.5,60.21087738557753,0.00019491058515184843,0.011016864814880555
569.0,59.50183736952069,0.0001866494898705437,0.010566303441716645
569.5,61.09059553232913,0.00019062495839809344,0.01078312602109689
570.0,64.27127306088403,0.00019894211883573267,0.011236745194435132
570.5,66.86822441165427,0.00019844036238865481,0.011209379337102884
571.0,65.25139002853734,0.00019480413411081019,0.011011058938242899
571.5,60.624653779141255,0.00018782415112161317,0.010630369760340395
572.0,58.47485484938528,0.0001774057442705232,0.010062147952651824
572.5,57.91026388506534,0.0001738546732426198,0.009868471876677377
573.0,57.71251918195412,0.00018439185330963552,0.010443171143558902
573.5,57.600191226541966,0.00020364213473226595,0.011493084904307841
574.0,57.461151859153844,0.00022021433939389636,0.01239693553368658
574.5,56.91588323640243,0.00022011173671519264,0.012391339332795171
575.0,56.59339348262024,0.0002087792028864154,0.011773261152201179
575.5,57.3118659194933,0.00020598109682645933,0.011620651885091354
576.0,59.15167955800659,0.00021038182189304862,0.011860667970115098
576.5,60.41631385185784,0.00022130294845049231,0.012456308219704063
577.0,63.24701655180262,0.0002096044116254853,0.011818268145437861
577.5,66.88179976436913,0.00016672552292837958,0.009479647098540498
578.0,65.53427656636512,0.0001460307855915366,0.008350952956644807
578.5,64.06799337851123,0.00016560212979360847,0.009418376826631977
579.0,61.62469619296588,0.00019115375926406935,0.010811966578536227
579.5,60.87558569098713,0.0002019991155614381,0.011403474157038199
580.0,60.32542144371722,0.0002004133103787956,0.011316984146465954
580.5,60.64564694543488,0.00020266443212955512,0.011439760703548192
581.0,59.209133916004845,0.0001860146287408251,0.010531677746136853
581.5,58.11074928749469,0.00016523928705203768,0.009398587474419165
582.0,57.225092006780066,0.00017414790078472907,0.009884464752550053
582.5,61.37356562009563,0.00019410923953035365,0.010973158938281252
583.0,61.429429553050625,0.00020721999188024915,0.01168822162358066
583.5,59.88436775249922,0.00019128240160078456,0.010818982790607671
584.0,60.44397300996036,0.00015706311525828744,0.008952658026229623
584.5,62.38841171737973,0.00014532844836970282,0.008312647293044236
585.0,64.42845090335341,0.00018845288440210922,0.01066466067795866
585.5,64.06403852025491,0.00020870800021194433,0.01176937755418598
586.0,64.41289355178138,0.00022044135475464307,0.01240931653625158
586.5,62.425097085797724,0.0002082872405772796,0.011746429283137443
587.0,59.65752502227285,0.00017160216525231926,0.0097456198888394
587.5,59.83073513581917,0.00015056417892700974,0.008598205150818904
588.0,62.061923804497894,0.00016313221970796354,0.009283667752802925
588.5,62.630513907394494,0.00019027469958033142,0.010764022871268883
589.0,63.55237052850225,0.0001913616566108401,0.010823305500655267
589.5,66.2502952296758,0.00019104799687804223,0.010806198586853772
590.0,67.38505876904883,0.00018271952238401235,0.010351962075931946
590.5,67.8048230188894,0.00016739276696220827,0.009516038502620379
591.0,65.60305035231048,0.00015749206728676472,0.00897605315941033
591.5,63.668902852716,0.00017290974066751458,0.009816935165536621
592.0,59.88983326290954,0.00018137217059750177,0.010278477288565804
592.5,58.574090690805335,0.00019011561319815434,0.010755346048978612
593.0,59.50196071408548,0.00019916921042256725,0.011249130601448413
593.5,59.432284940975634,0.0002074581361743405,0.011701210077032455
594.0,59.16189241458879,0.000207052452681417,0.011679083988409368
594.5,60.88087738556001,0.00020044306528093877,0.011318607074984104
595.0,62.72641634316168,0.00018209353129366226,0.010317820650249875
595.5,62.79180488894818,0.00017065821092354915,0.00969413629562275
596.0,62.84551684279867,0.0001792234481450076,0.010161285819518796
596.5,62.469514357455836,0.00020356179023484563,0.01148870274665926
597.0,60.58897442652158,0.0002053332467231345,0.011585318459480614
597.5,57.756621776979216,0.00019260570482516271,0.010891156161781048
598.0,56.17081787519558,0.0001780714892417907,0.01009845780735887
598.5,54.74212853006966,0.00018441285849215828,0.010444317003741726
599.0,53.60584850189804,0.00020076875428752983,0.011336369967283821
599.5,52.643040271231825,0.00020745713210865727,0.011701155273273303
600.0,54.674653656553986,0.00019636630833975478,0.011096259829032264
600.5,58.186134269050214,0.00018057915675639014,0.010235226148739793
601.0,60.72579937700262,0.00017762554976166482,0.010074135952413058
601.5,59.699578231096176,0.00018934200751777994,0.010713153576058983
602.0,58.17998563144787,0.0002060516407033994,0.011624499379701034
602.5,57.677255785007986,0.00020109381591927917,0.011354098831804712
603.0,57.39617701510388,0.00018961026409171464,0.01072778428224232
603.5,58.52524519557325,0.0001842135505623797,0.010433446795783459
604.0,62.18020267663319,0.0002006310988469294,0.011328862310481018
604.5,63.67875211392918,0.00021121127298828011,0.011905906671957834
605.0,61.61335431391822,0.00020404010152219186,0.0115147895881033
605.5,57.23113600224694,0.0001898558675300115,0.01074117939143785
606.0,50.62798713316197,0.0001889487760206473,0.010691706852582797
606.5,48.74359270934077,0.0002079679191589121,0.01172901346104591
607.0,50.55587083728648,0.00023175592937276136,0.013026415321835544
607.5,54.174941057413,0.0002534763387718337,0.014211049663697932
608.0,55.9703071037544,0.00024545369455772733,0.013773493405081678
608.5,57.4418143944861,0.00018876491875150563,0.010681678955688757
609.0,58.05379340264528,0.00016942347938323838,0.009626793749429008
609.5,56.59941076851985,0.0001823218793656324,0.01033027454144634
610.0,55.003442903127585,0.00019320335074454422,0.010923751691430918
610.5,51.45801668682079,0.000199165180793742,0.011248911114069365
611.0,48.99390461572673,0.00019996902643604152,0.011292752718306287
611.5,51.72100853948951,0.00019737632404709499,0.011151346488042871
612.0,55.87608877695507,0.0001939246175162236,0.010963089652721511
612.5,58.531789306959475,0.00018733597888485982,0.010603744436810388
613.0,62.883155458297516,0.00018697889859525498,0.010584269274182653
613.5,64.63040610971484,0.0001907479196371742,0.01078983218471082
614.0,65.29277971778028,0.0001957248997126923,0.011061277613143017
614.5,64.70335923301116,0.0001930175197140741,0.010913616586687115
615.0,62.9362073216987,0.00017946857704641384,0.010174655105496658
615.5,63.200559837453895,0.0001668694249342092,0.009487495661688486
616.0,62.27874322461068,0.00016012243705985097,0.00911951402065206
616.5,61.41891979003759,0.00016493812905617484,0.009382162537710527
617.0,60.21897522256904,0.0001835422633309686,0.010396834692194884
617.5,60.671413950810546,0.0001930400554917125,0.010914845436101503
618.0,61.309115089614565,0.00019374668854003788,0.010953385307664725
618.5,60.53936338412194,0.00018571811935086114,0.010515505935470794
619.0,56.33749977533391,0.0001846997454578291,0.010459963607249186
619.5,56.46450273011154,0.00018871929922155967,0.01067919068440051
620.0,58.150344516068195,0.00018193143412837686,0.010308980091954172
620.5,60.03600415953761,0.0001883813522020034,0.010660759275971233
621.0,58.7115238623176,0.00019371324244354555,0.010951561177869955
621.5,60.64485870504627,0.0001942392848515081,0.010980251780696055
622.0,64.77937117187389,0.00018727498383000373,0.010600417607892515
622.5,67.09810698278908,0.00018027305015971758,0.010218531300164643
623.0,66.98866925317823,0.0001889396956283,0.010691211617514889
623.5,65.59226431149443,0.00020623502533126248,0.011634501472577247
624.0,61.45126866306845,0.0002152641968531279,0.012126953761937417
624.5,56.09583649706609,0.00020915565055430477,0.01179379262162276
625.0,53.76947160677642,0.0002045052601551546,0.011540159429651375
625.5,52.97344664722059,0.00018524182770974202,0.010489529273252468
626.0,55.47529337077951,0.00016410961132708624,0.009336975046530645
626.5,58.724440143368255,0.0001735094895247103,0.009849645833433894
627.0,58.728496773317374,0.00018843115502021975,0.010663475809605503
627.5,56.31522991760758,0.0002002758399175113,0.011309486444679327
628.0,57.676684000043366,0.00018756451035696736,0.010616208741963111
628.5,60.55725957500024,0.00017373056510751038,0.009861702985684269
629.0,62.275038405797,0.00017350179930665914,0.00984922626693437
629.5,65.41459492222891,0.0001817791684772208,0.010300675336188498
630.0,66.41268058500134,0.00019607040890922206,0.011080121804853032
630.5,64.00449333484129,0.00021107412754145014,0.011898426657370067
631.0,62.406512756713745,0.0002026326642825992,0.011438027834469205
631.5,63.05278481765978,0.00021078325431382223,0.011882562144892141
632.0,64.64420493746363,0.0002226499257974178,0.01252977257295261
632.5,61.85561093792738,0.0002226240373484419,0.012528360836090064
633.0,61.35031994672808,0.00020726720064399973,0.011690796498078193
633.5,60.30168882472235,0.0001627985883046393,0.009265471425634272
634.0,57.70640773660047,0.00013966078024945045,0.008003531792010793
634.5,57.08394207238385,0.00016794648972967032,0.009546238920487234
635.0,56.42173801334397,0.00019912377436282763,0.011246652702812271
635.5,57.3020347948532,0.0002102396333512398,0.011852913332599418
636.0,60.330064654933004,0.00018501196108166923,0.010476992248483745
636.5,64.31151409543111,0.00015232938416863984,0.008694479404616054
637.0,64.88785906264937,0.00013415426981644495,0.007703206140391146
637.5,63.388508031787474,0.00016638325845269407,0.009460979748725453
638.0,61.934247451116825,0.0002044598727062712,0.011537684104534467
638.5,60.87855366743879,0.00019876674881523181,0.011227180279547944
639.0,61.42693606133909,0.00018055220933315623,0.01023375672165504
639.5,64.12397559256776,0.00017247127939851197,0.009793021661274177
640.0,67.73156186747026,0.0001701811824513299,0.009668119415061857
640.5,68.87958349505789,0.0001767826767100151,0.010028165823122605
641.0,64.67738157806227,0.0001858845702469879,0.010524584248895581
641.5,62.67607980411074,0.00019314675018451512,0.01092066474899885
642.0,58.66761264006971,0.0001901511251598422,0.010757283027780104
642.5,55.46515395989952,0.00018349202959458335,0.010394095150669247
643.0,56.14883944398412,0.0001825204304249697,0.01034110386396197
643.5,58.79571992670732,0.00016644132713976664,0.009464147166881265
644.0,60.324879317009646,0.00014992179853529362,0.008563169198608086
644.5,60.924056168501636,0.00014384707462612885,0.008231853246923413
645.0,59.58603509206561,0.00015238078797836472,0.008697282982745176
645.5,56.839145350335265,0.00018814833135821437,0.010648050506593062
646.0,56.9629135350176,0.0002107428123250776,0.011880356620850102
646.5,58.10167110437309,0.00021338733188584427,0.01202458930377096
647.0,56.72094178891651,0.00021915911026596383,0.012339382844653161
647.5,55.17067329931034,0.00020667232698079685,0.01165835165864936
648.0,59.7633963131999,0.00018347021286688601,0.01039290523473313
648.5,64.23375451790625,0.00018253346072348822,0.01034181465615011
649.0,61.52381282193188,0.00019214783477792285,0.010866183554220645
649.5,60.67943372181573,0.00017120925989195894,0.009724190680333249
650.0,61.48255607383828,0.00018008890037310416,0.010208487431533134
650.5,60.220645420121144,0.0002022881058512575,0.011419235765855287
651.0,59.92317638055146,0.00018801602681398975,0.010640834229913033
651.5,60.99691689547571,0.0001703019307233172,0.009674704629968023
652.0,62.57923987908376,0.0001574905395515251,0.008975969818091196
652.5,62.949948803832484,0.00017449690224141136,0.009903499023222677
653.0,65.64331902776205,0.0001935603577694058,0.010943222967850812
653.5,70.08778066274472,0.0001980360305708292,0.011187326971845154
654.0,71.26280853861822,0.00017643523115233164,0.010009215979064979
654.5,68.93463355810852,0.00016052748408843242,0.009141605164817402
655.0,65.30645217087961,0.00016227810543177084,0.009237084312079964
655.5,61.719034403367544,0.00018411734453287136,0.010428199851493142
656.0,57.66040759502917,0.00019810244898277814,0.011190949545670922
656.5,55.37863114158099,0.00019617689958327715,0.011085929882117705
657.0,56.06142476229624,0.0001913527610792291,0.010822820368201497
657.5,58.709798733884135,0.0002007463679305364,0.011335149063792216
658.0,62.48117191869757,0.00021270940876216398,0.011987614928524756
658.5,65.06404436360624,0.00022180915388905181,0.012483916481784083
659.0,67.3095898882794,0.00022707015432886529,0.012770852513526892
659.5,66.75886621088742,0.00021405784054859562,0.012061158722619736
660.0,64.88859208887061,0.0001888151456011566,0.010684418359206613
660.5,61.38437335718685,0.00018237098055096598,0.010332952654574939
661.0,57.815526011241296,0.00020249780593634947,0.011430672633076835
661.5,55.657797958492345,0.00022089262153856124,0.012433928527999459
662.0,55.32940616157045,0.00021934389378304244,0.012349460732219437
662.5,55.39721907246628,0.00020226006512597634,0.011417706362682668
663.0,55.009591685865296,0.00020099943143681807,0.011348951182769094
663.5,58.91448994207822,0.00020908481717762757,0.011789929295039159
664.0,58.87857127999681,0.00020987678325224885,0.011833123472618052
664.5,58.074864608421095,0.00020174269248318574,0.011389488858602144
665.0,58.09296650521588,0.00019532750319135048,0.011039603566613404
665.5,58.78819206814475,0.00019762944015578902,0.011165151252399355
666.0,61.58585061131796,0.00021001069598099303,0.011840426737173055
666.5,65.84759649401506,0.0002175989884781787,0.012254293331577768
667.0,65.01785356119004,0.00020478957971582537,0.011555666523726039
667.5,64.79723898262819,0.00018180202596750788,0.010301921849528493
668.0,65.52410661835745,0.000177280693499581,0.010055327565794392
668.5,66.90725679139794,0.00018698358705101627,0.010584525136554963
669.0,66.96651743501536,0.00020200142385471827,0.011403599739336455
669.5,64.99568282146262,0.00021158755902377373,0.011926429193347432
670.0,64.12793076200512,0.00021021550391537414,0.011851597330606221
670.5,66.24079293470538,0.0001962262838807082,0.011088623163463054
671.0,69.6052133627962,0.00019424297918863769,0.010980453120173749
671.5,71.76882779127584,0.00018856114588604048,0.010670565308092092
672.0,69.8216931654854,0.000183693537523643,0.010405085031171223
672.5,68.08241264987727,0.0001881145344381682,0.01064620692748722
673.0,66.52318989646548,0.0001901296840368949,0.010756113515168425
673.5,63.270235818854914,0.00019939280035640643,0.011261325308934492
674.0,59.2542149800814,0.00021287577236212362,0.011996688691200262
674.5,57.685909505004865,0.00021299752496766047,0.01200332907696482
675.0,59.46879436205073,0.00019939930357727324,0.011261680036200228
675.5,64.49275429493574,0.00019549850302605847,0.01104893000098771
676.0,66.51267946326362,0.00019870860800534035,0.011224009451124015
676.5,63.01763651539533,0.00018584639749234528,0.0105225027362166
677.0,59.78021524785616,0.00017339802944305112,0.009843566491122007
677.5,58.861985994776866,0.00017735570117962486,0.010059418560088178
678.0,60.29170810350935,0.0001934333906859511,0.010936298003084557
678.5,62.94119384915863,0.0002061505061805163,0.011629891368502683
679.0,64.53492976573665,0.00021071016053173154,0.011878575725824465
679.5,63.73149559056883,0.00019835916018358325,0.011204950492761025
680.0,60.82887892747166,0.00017946050342687142,0.010174214899045124
680.5,58.43345199618319,0.0001752029631248252,0.009942007925052088
681.0,57.86779900127765,0.0001919012952100482,0.010852737537802007
681.5,59.365380871807496,0.00020520202851630908,0.01157816118683606
682.0,62.03187090351553,0.0001934123510910609,0.010935150539959207
682.5,64.20754327153266,0.00016721429705398458,0.00950630500173675
683.0,66.78279661051633,0.00015079578454213637,0.008610836666558257
683.5,66.60508960490647,0.00015851814641918829,0.009032015461750302
684.0,61.85387491406562,0.0001801736985558482,0.010213112646615211
684.5,56.41349385374742,0.00019642594500739115,0.011099512536267194
685.0,52.17725635338907,0.00020501274862545134,0.011567838132813917
685.5,51.17017404562852,0.00020829241163887265,0.01174671140404013
686.0,50.75910440594533,0.0002014163274803805,0.01137168893648475
686.5,50.977997555137755,0.00018148505783151117,0.010284634329378945
687.0,53.410926303469076,0.00016735331599154063,0.009513887095963154
687.5,56.46962287398794,0.0001605221529598493,0.009141314573765021
688.0,60.61126293622965,0.00017453171220089812,0.009905397521457972
688.5,61.4412326276407,0.00018064088042278256,0.010238592949380553
689.0,62.395554655471585,0.00017372597222402097,0.009861452457203417
689.5,62.84028869324062,0.0001941723331937948,0.010976600003719552
690.0,60.92432577335878,0.00021417781899861545,0.01206770244783256
690.5,58.29763371079966,0.00020359249404465477,0.01149037750922197
691.0,56.601472743260665,0.00018795576062055055,0.01063754766395642
691.5,55.83777406891539,0.00018866449623523024,0.010676201986160032
692.0,58.16358518124421,0.0001981773876960015,0.01119503666515047
692.5,62.961616749722815,0.00019907626676525335,0.011244061725897474
693.0,66.44128241037046,0.00020973720879805156,0.011825511030878439
693.5,68.42999245015689,0.00019478534296441753,0.011010034200664643
694.0,68.03270955705584,0.0001504618904445163,0.008592626055968555
694.5,67.14867334455313,0.00012007887369874872,0.0069355315780234095
695.0,65.74105084969923,0.00011019106481796468,0.0063962492440945064
695.5,64.68757722199902,0.00012882057464874377,0.007412305565713801
696.0,65.90084288747508,0.0001761697159313072,0.009994734757371131
696.5,66.10736894035531,0.0001955458726918262,0.011051513042725822
697.0,62.45668409675628,0.0001792176274198008,0.010160968321320407
697.5,57.93074856448433,0.00015743872073017734,0.008973143528626961
698.0,54.94568518721339,0.0001635652263936611,0.009307284171059855
698.5,52.567388631119115,0.00019777120806777933,0.011172883402647691
699.0,51.3874159823185,0.00021169521123531526,0.011932300819987716
699.5,55.13971999598675,0.00020966950028090194,0.011821818337054455
700.0,58.152011851390725,0.00019377983834626048,0.01095519357319954
700.5,60.61820581604979,0.00016149802795156732,0.009194538432899876
701.0,60.46669646313951,0.00017206990768258083,0.009771130731339664
701.5,61.53449890860638,0.00019312582645989351,0.010919523371704586
702.0,62.635911756489314,0.0001969453141213905,0.011127839092344598
702.5,61.92538295967473,0.00019665304247280484,0.0111118984283463
703.0,62.95565064488332,0.00021332441368007764,0.0120211575229006
703.5,61.012356179728684,0.00020755321847323332,0.01170639573740375
704.0,58.47789968799748,0.000190296629354802,0.010765218802808306
704.5,57.39838196571628,0.0001862515867141944,0.010544601598630894
705.0,57.64717234761591,0.00018437501202657328,0.010442253025544117
705.5,56.64646428744049,0.00018607486268008814,0.010534962919514305
706.0,53.95648717638304,0.0001944314848041395,0.01099073465539193
706.5,53.43952825810587,0.00020425022996983108,0.011526250276056223
707.0,53.06428941005177,0.00020729037255842845,0.01169205996845757
707.5,52.61338327252187,0.00019455869723963582,0.010997672882275005
708.0,53.94242135375431,0.00018943050026417956,0.010717980111191166
708.5,57.92613498525498,0.00018829221090365056,0.010655897235516899
709.0,61.7192770488479,0.00018387295066189495,0.01041487039265673
709.5,61.13415220594168,0.0001838138244557229,0.010411645683107955
710.0,62.078284356363596,0.0001927109837827738,0.010896897962462687
710.5,62.82052042032652,0.00020789302214713044,0.011724928829402775
711.0,61.80194565510017,0.00022906264653447254,0.012879523445747559
711.5,60.39839786469021,0.0002499630313958241,0.014019433170797487
712.0,59.11537903281197,0.00023945774349389635,0.0134464733799603
712.5,58.72586418653301,0.00020446309931554653,0.011537860319113453
713.0,59.25655999613922,0.0001796806750243979,0.010186222989900719
713.5,57.88413345938105,0.00016417484960491475,0.00934053291279631
714.0,56.78146774774017,0.000150593692899339,0.008599814533472845
714.5,56.925946576458415,0.00014690092268885449,0.008398410608811564
715.0,57.25785946052883,0.0001410991135919939,0.008081978781670772
715.5,57.67025589569606,0.00012999328716378376,0.007476265165557723
716.0,57.693474560035455,0.00014681353693726682,0.008393644406043838
716.5,57.63002164732398,0.00018894232678491165,0.010691354818362284
717.0,57.54578838276341,0.00021898161567142938,0.012329702376268436
717.5,58.002411976272874,0.00023226153638686436,0.013053991202800607
718.0,59.48473435454421,0.0002264191344282502,0.012735345751579922
718.5,62.417679117585635,0.00020995628802300602,0.011837459547089887
719.0,64.6425837703664,0.00019143226165553215,0.010827156238873788
719.5,66.04769929115436,0.00018836008923259876,0.010659599747418558
720.0,65.9097173509036,0.00019293564895010734,0.010909150946663254
720.5,66.57853841641244,0.00020150509949836657,0.011376530498405962
721.0,63.26372405016959,0.0002091290818908336,0.01179234368066189
721.5,62.268707979066285,0.00020675101820208556,0.011662643744241733
722.0,64.73199107282582,0.00019455557315614156,0.01099750243631769
722.5,66.13287789943337,0.0001852788101120803,0.010491546176348116
723.0,62.28026097208328,0.0001823909116056647,0.010334039800917585
723.5,58.06584750207191,0.00018960399528426274,0.010727442475372913
724.0,54.87530038801471,0.0001971293919964489,0.011137878605221495
724.5,53.74901338554473,0.00019228569216440359,0.01087370256853346
725.0,52.89323637201087,0.00017860692779690649,0.01012766053787359
725.5,55.0770142411932,0.00017798057835926976,0.010093499460611536
726.0,53.22929661075767,0.00017598658134224536,0.009984746549208156
726.5,50.779838993207186,0.00017577984679763832,0.009973471033027922
727.0,51.59477629916273,0.00018458295873425713,0.010453594350607963
727.5,52.96237372807414,0.00018498578014469703,0.010475564372197876
728.0,53.560655720980115,0.0001805983742558301,0.010236274670403417
728.5,54.977295707081865,0.00018023637273209526,0.01021653115547657
729.0,55.851634108649954,0.00018870546039998108,0.010678436171420787
729.5,54.56475439773799,0.00019573734664758526,0.01106195614491925
730.0,52.82948262292914,0.00019107313274095141,0.010807569319781609
730.5,52.11809154486647,0.00018881271015259884,0.010684285752051272
731.0,52.838695647279884,0.0002003047076757897,0.011311060993780136
731.5,57.32744168836802,0.00021564824354231994,0.012147899893141485
732.0,61.59680674294616,0.0002190141681507668,0.012331477803623684
732.5,65.91415663925146,0.000209345716117121,0.011804159046361203
733.0,65.38246389138872,0.00019510781809477145,0.011027621737033439
733.5,62.82829731991655,0.00018698960312725485,0.010584853276121724
734.0,60.51457628361626,0.0001906359188031246,0.010783723483294918
734.5,55.962671663905866,0.00019833107223503043,0.01120341856420936
735.0,51.88264020709017,0.00019795008376757826,0.011182639554726568
735.5,52.73598529125009,0.00019817097896929567,0.011194686954597225
736.0,56.58128024579558,0.0002061421889059507,0.011629437737783823
736.5,55.372039607913834,0.00021343023415653056,0.0120269291853177
737.0,54.55422790663549,0.00021209129769463554,0.01195390332017998
737.5,54.96935510984199,0.00020667816820133623,0.01165867034500418
738.0,55.47147570884279,0.00019235806246003948,0.010877649533503658
738.5,55.68309980045518,0.0001736816584376727,0.009859035659002473
739.0,55.659777401547345,0.00017622641435859255,0.009997827155142852
739.5,56.26060643109721,0.00018579474938490561,0.010519685793189213
740.0,59.36421683489428,0.00018422763894633464,0.010434215428603748
740.5,62.76046920431793,0.00018323795473269323,0.010380237794811793
741.0,60.91899386631696,0.0001855019983701232,0.010503718815173962
741.5,60.24804272675408,0.00018454734970466612,0.01045165208666723
742.0,57.33203481534935,0.0001894020002011712,0.010716425232783896
742.5,54.1319836861434,0.000203728818275065,0.011497812138639114
743.0,52.29345149227284,0.00021741055109031758,0.012244016143279551
743.5,51.27157505585578,0.0002219092259423691,0.012489374384790742
744.0,51.27554858914384,0.00021626602009425455,0.012181593419628592
744.5,52.536070093923215,0.00020918858627419764,0.011795588894364557
745.0,54.72973618424602,0.00020634236763441405,0.01164035565001903
745.5,57.27135789603082,0.00020166229507556294,0.011385103651888258
746.0,58.08607136540319,0.00018767733615995653,0.010622361984362576
746.5,60.03620750509117,0.00017955596136821016,0.010179421239804096
747.0,61.730867478033986,0.0001732758991006305,0.009836905572134545
747.5,59.870110690150824,0.00017047298196386934,0.009684034056377855
748.0,56.98481822919982,0.00018043873722358174,0.010227567877966222
748.5,54.07132940243303,0.0001935159142852326,0.01094079878688491
749.0,50.46983387611001,0.00021500048779436197,0.012112570775310113
749.5,50.112101433377255,0.0002322050081302635,0.013050908314847159
750.0,53.333813008690676,0.00023019565639086474,0.012941317895109121
750.5,60.72351534477697,0.00020236459953311794,0.011423407600609463
751.0,64.21080921807048,0.00018157542467435618,0.010289563196173294
751.5,63.1533311804179,0.000183743060990296,0.010407785859535636
752.0,60.745283197543486,0.00020037209583523768,0.011314736261270282
752.5,60.740011816779194,0.00021036830867317386,0.011859931442583028
753.0,58.8071684008536,0.00020838068375695062,0.011751525767106018
753.5,58.0062659968085,0.00020063183429660654,0.011328902234935604
754.0,59.56293785028675,0.00020311974753610182,0.011464593675344073
754.5,58.69484202843086,0.00020877618056027196,0.011773096492358501
755.0,59.318627696057646,0.00020477016773898693,0.01155460760734735
755.5,62.61412507033432,0.00019757593901823442,0.011162233675568735
756.0,68.17984803933429,0.00018135194117960838,0.010277374149101006
756.5,68.10566483323393,0.00017035026991144757,0.009677341428002209
757.0,64.01201646417832,0.00018579704858809676,0.010519810981902286
757.5,56.76873816559837,0.00020392088780664606,0.011508288015980262
758.0,52.244247216359895,0.0002052899288095772,0.011582955712993899
758.5,52.49485576311229,0.00019006531553549373,0.010752602734142257
759.0,54.76504862550039,0.00018051448434620727,0.01023169881774835
759.5,54.002381931674144,0.00020320713520419347,0.01146936003791257
760.0,52.95172761597281,0.00021571932654105818,0.012151776309211661
760.5,54.1731905183045,0.00019160331691479634,0.010836485934413194
761.0,57.49898131274316,0.00015793214749069222,0.00900005495112808
761.5,58.06012543162417,0.0001572943818265903,0.008965271303452057
762.0,57.33693941133423,0.0001849736377472063,0.01047490179791446
762.5,57.72186691805499,0.00020546939032158745,0.01159274342581814
763.0,58.45380602887401,0.0002063083370984165,0.011638499733997486
763.5,59.149752481863885,0.000194624272471911,0.011001249148050557
764.0,58.616010907928285,0.00018627833310219547,0.010546060089537448
764.5,60.080494034600264,0.00018492327035153584,0.010472154917330308
765.0,62.274774871777154,0.0001893253687546378,0.010712246194403606
765.5,62.30867647754985,0.0001994916843655391,0.01126671848022873
766.0,60.77461757747169,0.00020641200218385436,0.011644153746499603
766.5,59.41031917443376,0.00019714949864731214,0.011138975267604557
767.0,60.45523756031192,0.00018353623470197494,0.010396505868491925
767.5,62.84935624394444,0.00018747337463507902,0.010611237922453285
768.0,64.466414869061,0.00019767121708082213,0.011167429688698712
768.5,65.9885056515287,0.0002041413647288474,0.011520312862770892
769.0,64.57038479062874,0.00019578465431593564,0.011064536520457238
769.5,58.027953304859196,0.00017555410305032738,0.009961159156742186
770.0,55.50122253880175,0.00017433621093628196,0.009894735178740538
770.5,57.507773778895206,0.00019515951688501356,0.011030441031178992
771.0,59.835824439680366,0.00021449491975814058,0.012084997313624089
771.5,59.46253366746065,0.000219563811087209,0.012361455226378288
772.0,59.617851355214356,0.00020985349272301663,0.011831852991053458
772.5,55.19327634996546,0.00017919843427652825,0.010159921591170563
773.0,51.90921887741777,0.00015727311782646214,0.008964111609187593
773.5,51.236204676732854,0.00015087054534874094,0.008614913968720241
774.0,50.81109584127504,0.00016572497918908337,0.009425077183372547
774.5,51.252883832758336,0.00019450692319836,0.010994849076240333
775.0,55.62381329087642,0.00020473154446554046,0.01155250110686489
775.5,59.24983501454363,0.00019972565938899815,0.011279479249832768
776.0,59.51185447044937,0.00019403288813546823,0.010968994861125268
776.5,60.979490144593086,0.00019482097870501512,0.011011977535016718
777.0,62.49122045452874,0.00019619869413255362,0.011087118330086132
777.5,61.50934354892637,0.00019406399405283702,0.010970691697807792
778.0,61.534484082363605,0.00019152224216369558,0.01083206371538715
778.5,62.11342657039528,0.00019337243774981475,0.010932974074767163
779.0,61.92604825280876,0.0001978804229250231,0.011178840018143708
779.5,61.51753628972412,0.00020596197384792404,0.01161960882605325
780.0,63.38701237804993,0.0002053191729726875,0.011584550616203568
780.5,67.30698465545858,0.0002060808281250624,0.011626091630636102
781.0,67.7034462177118,0.00020807885335106505,0.011735063932377032
781.5,68.21723152736783,0.00021098239986179452,0.011893423842635809
782.0,65.15382432788671,0.0002075659435934066,0.011707089773891193
782.5,61.18670018155387,0.00018355993425630954,0.010397798706201394
783.0,55.71395702248014,0.00016492659052473184,0.009381533000784667
783.5,50.879021018709906,0.00015926313206917757,0.00907264719207459
784.0,51.40997150005904,0.0001730447930158937,0.009824301190823208
784.5,54.25142139464671,0.0001982741181841475,0.011200312149399299
785.0,55.60049962811329,0.00019840791605446538,0.011207609423079927
785.5,55.08598917054411,0.00017469964642394454,0.009914556995047718
786.0,56.52470808810536,0.00017984358363946432,0.010195107883878623
786.5,56.590329418903714,0.00020967534248503216,0.011822136745497947
787.0,57.90516540621292,0.0002100485360450803,0.011842490798367059
787.5,59.258082051396855,0.00019408179068716348,0.010971662108742324
788.0,60.71010645191843,0.0001837404631539065,0.010407644688116016
788.5,61.92383195930801,0.00018010682821619276,0.010209465457276442
789.0,63.05752799461726,0.00018229110776187186,0.010328596364137847
789.5,62.99099326477002,0.00019338525651381677,0.010933673204308368
790.0,60.86928694150791,0.00020009183245836164,0.01129945083447558
790.5,59.405317904170566,0.00020764850241385542,0.011711592491203252
791.0,57.92787532271559,0.00022155918937124703,0.012470283654875115
791.5,56.19359571191864,0.00022575649332482473,0.01269920487525043
792.0,55.90607630365335,0.00021366465887853408,0.012039714899330633
792.5,57.054482508586645,0.0002036577013652511,0.011493933734156005
793.0,57.785723011887676,0.00019176372930965985,0.01084523451814183
793.5,57.27046923402075,0.00019808393955178226,0.011189939854674542
794.0,55.74928052409483,0.0002079345119646087,0.011727191294812605
794.5,53.01887990810448,0.00020399760824417235,0.011512472451646572
795.0,53.18072488435819,0.00019051085334122723,0.010776902452432085
795.5,57.93499439592543,0.00019061970093437624,0.010782838904036631
796.0,60.028049270500645,0.00020795487641664796,0.011728302243234155
796.5,60.2976273855984,0.00021168992772976016,0.01193201227483996
797.0,61.0555172826496,0.00018768802201140177,0.010622944707016342
797.5,63.30855293348725,0.000166176825363054,0.009449721242007747
798.0,63.04451278142175,0.00016662900469207727,0.009474382878423634
798.5,59.3578001068098,0.00019070926312496591,0.010787723988576034
799.0,57.410580722398294,0.00021390369616647377,0.012052751659562164
799.5,57.558548255509194,0.00021211292809935516,0.011955082891805422
800.0,58.18622599437837,0.00018840719937565897,0.01066216864900567
800.5,58.11667220330259,0.00019727083274622472,0.011145592651662086
801.0,56.489178424382054,0.00021740156516843534,0.012243525919531997
801.5,57.00255824346863,0.00019502883326814082,0.011023313745894603
802.0,56.91251359784601,0.00016421078040296588,0.009342492671525798
802.5,59.28428033396087,0.0001394989651999331,0.007994706438046697
803.0,62.84969147101963,0.00017550092251874866,0.009958258514567223
803.5,62.31104471198885,0.00022197178447999714,0.012492786599869202
804.0,61.6045834104106,0.0002282673214752483,0.012836146064675667
804.5,60.358316623976435,0.00021084024627728614,0.011885670643097875
805.0,58.47324446944924,0.000187161240302632,0.010594214266887553
805.5,56.40670625478142,0.0001862031112294555,0.010541957828596042
806.0,52.501904138102944,0.0001970124172433906,0.011131498696927795
806.5,49.315586963550395,0.00020888980535497802,0.01177929312719171
807.0,50.15419309074915,0.0002035728101771102,0.011489303815202636
807.5,55.82692347565249,0.00018750070409482037,0.01061272838506427
808.0,62.523242945237655,0.00018291991259642557,0.01036289146780854
808.5,65.22684380760319,0.00019197040370914713,0.01085650665849059
809.0,67.07131908719475,0.00019283248752835684,0.010903524753318334
809.5,62.60440313120266,0.00019310433144355998,0.01091835139580759
810.0,57.27459559084887,0.0001928442363133605,0.010904165692196141
810.5,55.252448499366736,0.000200149032245195,0.011302570346276207
811.0,54.968986596539764,0.0002151287608481519,0.012119567056069114
811.5,56.83170080605123,0.0002171909332562472,0.012232038397767833
812.0,56.05017186487409,0.0002013048892880824,0.011365610896922286
812.5,55.78664089603847,0.0001836380829552649,0.01040206037140551
813.0,59.14342270023348,0.00017935134804609705,0.010168261109127394
813.5,62.153705054217845,0.00018500929587363823,0.010476846616593401
814.0,61.8182083060336,0.00019115151755749572,0.010811844626232367
814.5,62.19935368065092,0.0001985775962563298,0.011216864267776183
815.0,62.75441072659588,0.00020037613880539496,0.011314956912425345
815.5,60.93038831837131,0.00019158151228619612,0.010835296429393336
816.0,60.73235963015999,0.00018996749223026794,0.010747267420056897
816.5,62.889700105333574,0.00019247858140043186,0.01088422291992152
817.0,64.33756841631536,0.00019324356630808455,0.010925944857151966
817.5,64.27093614270473,0.00019727866199882902,0.011146020042993478
818.0,63.289800189931,0.00020084480828033135,0.011340518130688565
818.5,64.49213890434694,0.00019630713002490122,0.011093032409787248
819.0,65.02004811591087,0.00018539563629708862,0.010497918088626906
819.5,61.246487555911834,0.00018076104667905254,0.010245146841575525
820.0,58.57723392397173,0.00018434910983820246,0.010440839940114788
820.5,56.39399160236695,0.00018975037655656385,0.010735426044176228
821.0,55.49071298943606,0.00019456256143192996,0.010997883563499488
821.5,56.07661805532602,0.00019708641257827356,0.011135534522174338
822.0,56.707400235568315,0.0001967100626586182,0.011115008573687073
822.5,56.04476159763966,0.0002085940228224556,0.011763161376581815
823.0,57.70421544142429,0.00021652710356628301,0.012195832659671406
823.5,61.23692492004051,0.00021065343566745393,0.011875482107922164
824.0,64.31533132768925,0.000187241884264019,0.010598612508879855
824.5,66.4759373354727,0.0001827753397394579,0.01035500641917957
825.0,67.07417915751759,0.00019479101298838276,0.01101034286127402
825.5,66.3840274429345,0.000208225003916744,0.011743034941681899
826.0,65.97979830405316,0.00022148199050895208,0.012466073204069143
826.5,66.0305977241705,0.00022073029512433988,0.012425075187408123
827.0,65.43839440443621,0.00019850373658878394,0.011212835514508182
827.5,66.56666643637851,0.0001762412443207033,0.009998636014431227
828.0,69.51442415500239,0.00017062531678941663,0.009692342586738706
828.5,67.86400335473078,0.00017697779645443665,0.010038807630598907
829.0,65.22304446253115,0.0001819746333538751,0.010311336012050065
829.5,65.98543198195269,0.00018214738018122858,0.010320757344418424
830.0,65.50108813871431,0.0001890173530219683,0.010695446623679404
830.5,61.27225440758081,0.00019188273235329798,0.010851725169526448
831.0,57.82627385232543,0.0001901481972789563,0.010757123131853055
831.5,56.311377258322786,0.00019454792934688292,0.010997085111676299
832.0,55.85890050856014,0.0002060760293852562,0.011625829459276758
832.5,56.003068349171194,0.00021564411693440988,0.012147674724535585
833.0,60.75985562845518,0.0002095550106565069,0.011815573794214686
833.5,67.15302668453094,0.0001892378384325638,0.010707472261567874
834.0,71.5208420958078,0.0001660433345191582,0.009442440486099263
834.5,69.5583063613945,0.00016784485151283794,0.009540695489650586
835.0,65.04872365468046,0.00018147685756295944,0.010284187272017005
835.5,60.844576240869905,0.00018487977683826062,0.010469782852973899
836.0,58.0893599124814,0.00018399181889860671,0.010421353552652224
836.5,59.449865671321525,0.000188691122305557,0.010677653931426345
837.0,63.63885603874141,0.00019183431917185208,0.010849084483834582
837.5,68.10388894661273,0.00020208386223967377,0.011408096197503072
838.0,69.93347403014397,0.00019457025592117211,0.010998303109133878
838.5,68.25455915814177,0.00016749419369651832,0.009521570326509025
839.0,65.57396534501876,0.00015299036710854166,0.008730529635065591
839.5,62.6849372784981,0.00016031773744597046,0.009130165725296648
840.0,63.23006285801844,0.00018710875940365458,0.010591352113444757
840.5,63.625537105559005,0.00019470523993535263,0.011005665164272316
841.0,64.27918889415902,0.000189271886314141,0.010709329053421146
841.5,67.34404552945416,0.00018197732714448018,0.01031148275977515
842.0,66.51552482229846,0.000180801148224469,0.010247333799793094
842.5,62.03583660596879,0.00018618687882547251,0.010541072333815594
843.0,59.23211118197567,0.0001983675752098114,0.01120540934398917
843.5,59.30844642514444,0.00019003440681977085,0.01075091740946381
844.0,59.2216291864655,0.00017520148597192318,0.009941927263426251
844.5,60.778661506100605,0.00018835121591651079,0.010659115409299792
845.0,59.839248193233495,0.00019980279840171048,0.011283686430496702
845.5,53.9529762693709,0.00020562074593032933,0.011600998422380349
846.0,50.13013310312092,0.0002007916939309318,0.01133762103575483
846.5,52.11715233121307,0.00018861485615554282,0.010673494721348568
847.0,54.731920666548575,0.0001804962239013772,0.010230703167473645
847.5,56.90852315151317,0.00017380472611941533,0.009865747894472969
848.0,60.12458254307284,0.00015674501578817997,0.008935308573689103
848.5,61.0349712713404,0.00015717075728248793,0.008958528621040105
849.0,57.61841644637203,0.00018220141961476023,0.010323704675203762
849.5,55.44837378625147,0.00019629773437582616,0.011092519791138022
850.0,53.175784673421994,0.00019060775162838266,0.010782187458427581
850.5,50.56645566933868,0.0001931624598866614,0.010921521626512344
851.0,50.83094168648164,0.00020282431898085586,0.011448480863075665
851.5,54.65587029833584,0.00020388375504930652,0.011506262865335782
852.0,58.206377222915705,0.00019638552946506696,0.011097308202031702
852.5,58.932369828333286,0.00019428124946880516,0.010982540392691831
853.0,60.228130681118394,0.00020401392306945178,0.011513362268967802
853.5,64.79564983431186,0.00021072545974198847,0.011879410064298443
854.0,66.95741626256155,0.00020633755409184753,0.011640093501349265
854.5,68.73735528371593,0.0001819640192090838,0.010310757200730818
855.0,68.850874578972,0.0001577756295618366,0.008991518685029799
855.5,65.99684137609756,0.0001582227392905225,0.009015903991308348
856.0,65.70711460762266,0.00016701977366099873,0.009495695469944998
856.5,62.04627419952019,0.0001752164570910802,0.009942744086094867
857.0,58.254091243689224,0.0001786881711172403,0.010132091633823398
857.5,57.77953241478265,0.0001756976054397239,0.009968985748251547
858.0,59.17073713684865,0.00017907690342703033,0.010153293188950188
858.5,60.75957873262967,0.00017952453023325048,0.010177706574106498
859.0,61.96117442097043,0.0001763595681961962,0.010005089324833887
859.5,60.46613507848801,0.0001673009529959933,0.009511031311576804
860.0,57.441031310970494,0.00014544229230632028,0.008318856559491512
860.5,57.09430932864552,0.00013845333952947777,0.007937677780065091
861.0,57.706094776003894,0.0001880775355538668,0.010644188886106208
861.5,59.59785973311093,0.00019184934066658586,0.010849903675269557
862.0,61.514986386669364,0.00017500427803845823,0.0099311717264571
862.5,63.41611780905413,0.00019789624377060326,0.011179703022484907
863.0,65.16946384617911,0.00021650518858937489,0.012194637306357841
863.5,63.98873280677295,0.00021638912761089848,0.012188307624996314
864.0,59.84721018169148,0.00021171808250744278,0.011933548324100707
864.5,57.28212499149014,0.00020589453489629726,0.011615931053603444
865.0,57.80677623865372,0.00021238656260075795,0.011970006870746763
865.5,58.632690997266145,0.0002244216245389183,0.012626401198357295
866.0,58.202714811714124,0.00023964100195171122,0.013456468502951431
866.5,57.48714355852246,0.00021527215220916207,0.012127387568620154
867.0,57.40589700029045,0.00014815790314780762,0.00846696641743857
867.5,59.327048774816845,0.00011107172960091055,0.006444280905304498
868.0,61.506170298928566,0.00010728400143548281,0.006237697562297576
868.5,63.05401570292471,0.0001528169704792575,0.008721072521108288
869.0,63.623231158346876,0.00018388526718153068,0.010415542356280793
869.5,61.87437591010247,0.00018737582855798905,0.010605917708566759
870.0,59.22370915212848,0.00017606061999881205,0.009988784529495446
870.5,57.89554535716325,0.00017424938291229163,0.009889999506844016
871.0,56.00366805362485,0.00018302892700632444,0.010368837013712622
871.5,55.052078410036856,0.0001951820582863563,0.011031670971588517
872.0,57.670999836317904,0.0001957848526113392,0.011064547208178918
872.5,61.24580258976261,0.00018693072083298217,0.010581641506719338
873.0,62.66024207564223,0.00018032892481413478,0.010221578571725289
873.5,63.40822256565943,0.00017955933030367518,0.010179604975007263
874.0,60.99350153868602,0.00017805561896786892,0.010097592251098474
874.5,58.343625848773044,0.00016813454277890444,0.009556495083693554
875.0,57.21442788740894,0.00015827634398781786,0.009018827592198932
875.5,58.72141845884454,0.0001545245287993118,0.008814202889000311
876.0,60.18104342542158,0.00016562751675291873,0.00941976167999354
876.5,60.20928048015392,0.00017799796709464622,0.010094447711178166
877.0,61.439939080677064,0.00018746411029442567,0.010610732486318213
877.5,59.12004291377386,0.00018917274148035274,0.010703921705498476
878.0,57.27905702091923,0.0001764729392983295,0.010011272486793331
878.5,58.409513148725466,0.00018345946709815933,0.010392318821059158
879.0,62.045792194725365,0.00020173999260140183,0.011389341458883954
879.5,61.536519516848365,0.00021551025782984623,0.012140373819992684
880.0,58.46781444544306,0.00021198076008094438,0.011947874601843133
880.5,58.084102013661166,0.000190933794171768,0.010799969818270725
881.0,61.18604750006298,0.0001711034416577946,0.00971841925804971
881.5,61.36804205594951,0.00016631521370198297,0.009457268585607513
882.0,60.4213630042997,0.00017514339630041113,0.009938759399416068
882.5,61.82508900368976,0.00020684042447075018,0.011667519509530815
883.0,63.14589859887723,0.00023028137348295353,0.012945992494972674
883.5,60.37692546128938,0.00023903946410063718,0.013423660386079818
884.0,57.38239478709704,0.00021490051878566026,0.012107118460348827
884.5,57.067379687507014,0.00019127958754121255,0.010818829350446523
885.0,58.36627364047526,0.0001831812331595773,0.01037714392395003
885.5,61.03990318499745,0.00019009868049502655,0.010754422543277327
886.0,62.156211994923204,0.00020463906131222662,0.011547457042275262
886.5,63.563461928277135,0.00021029766238572604,0.011856078358418374
887.0,63.344286882737606,0.00020355257016825752,0.011488199679004277
887.5,60.95854934870264,0.00016589698921957898,0.009434458748248935
888.0,58.656164225690624,0.00013317025726291654,0.007649537514919017
888.5,57.68510118529018,0.00014921261860592508,0.008524490458603099
889.0,57.573732054614965,0.00019457532905394056,0.010998579537789772
889.5,58.67378959596676,0.0002062882241689583,0.011637402815402717
890.0,61.504844184650885,0.00020423114029352032,0.011525209366619328
890.5,64.05891786586808,0.00016833063508723468,0.009567190382583848
891.0,63.87750045770246,0.00016151791752945597,0.009195623641250357
891.5,63.99685287039838,0.00018989581116415268,0.010743358133959342
892.0,60.95047437816298,0.00020190819039705703,0.011398514914024351
892.5,58.720166864080895,0.0001782348513734958,0.010107367542758223
893.0,58.223298957284584,0.00016759787255757826,0.009527225228476408
893.5,56.122861596353765,0.00018047311914860326,0.010229442984861583
894.0,54.99734460304618,0.0001952629973381922,0.011036085337872361
894.5,56.26156530989204,0.0001981464415056461,0.011193348843889233
895.0,56.10037938661312,0.00017927384669054385,0.010164034627416219
895.5,56.173012170403,0.000171552507407468,0.009742911434462037
896.0,55.72820469667921,0.00018731311018642353,0.010602497085587605
896.5,55.18186555108443,0.0002087701302590913,0.01177276634039685
897.0,55.51595688738785,0.00020672549227512387,0.011661251322756368
897.5,56.54390600594056,0.0001882156869298871,0.010651723875365846
898.0,60.526253827992434,0.0001786503778725053,0.010130030312516988
898.5,63.710121493618225,0.00018298283814285988,0.010366323518056704
899.0,62.327316588316194,0.00019054689198108553,0.010778867755116009
899.5,61.313786569584686,0.00019367533057861616,0.010949493443598631
900.0,63.89696953001536,0.00018846913960147518,0.010665547156171164
900.5,63.31697210352948,0.00019051587822268887,0.010777176362258811
901.0,61.3360839689816,0.00019744359737091483,0.011155015403655877
901.5,59.40926720167032,0.0001963522094726566,0.011095490861747557
902.0,58.462316983350334,0.00019318845537908997,0.010922939300221795
902.5,57.85738418015151,0.00020066353874525998,0.011330631270423601
903.0,59.7289702945514,0.0002102569958224243,0.011853859965505384
903.5,61.58963528441315,0.0002011075155120129,0.011354845960074215
904.0,62.581239935210775,0.00018003516265412465,0.010205556665740233
904.5,65.93745518123197,0.00019141592688642965,0.010826265256343023
905.0,68.70115700009043,0.0002088639248449249,0.01177788170980708
905.5,67.66018802197082,0.0002091536043659422,0.011793680989267806
906.0,62.42857315358109,0.00016896839445870054,0.009601973779891748
906.5,58.48799646519069,0.0001380982405037422,0.007918310889150128
907.0,60.519397114521716,0.00015586236364823787,0.008887168697417798
907.5,64.93812970772201,0.0002002688306765316,0.011309104111241957
908.0,67.20821809279182,0.000217994849201512,0.012275883580871338
908.5,68.32033424112538,0.00020373492597439022,0.01149814541978155
909.0,67.98545899713412,0.00017300282806701766,0.009822012051725944
909.5,66.24291314761115,0.00014449362149688812,0.008267115969568768
910.0,60.263215389247264,0.0001411257124973708,0.008083429341032494
910.5,53.244328816774456,0.00016731731419208738,0.00951192339744817
911.0,53.03400015929707,0.0001759117942861622,0.009980667739294829
911.5,56.63964378104148,0.00017043256796439005,0.009681829641058959
912.0,59.33320357505113,0.0001759102265749609,0.009980582117362117
912.5,62.257104617421064,0.0001860488446861872,0.010533543941579855
913.0,62.16625354835611,0.00018986051932134895,0.01074143339062338
913.5,61.51046278048753,0.00017950918597907763,0.010176869870267462
914.0,62.107499028954926,0.00016961505623438983,0.009637242836328323
914.5,62.79865180772426,0.0001743504403748038,0.009895511440054943
915.0,63.31750075693606,0.00018664562076416749,0.010566092208267954
915.5,61.267550714625656,0.0002047404689426049,0.011552988158762448
916.0,59.32470337550454,0.00020079124496629963,0.011337596596680993
916.5,59.67890639857203,0.00018247082837154687,0.010338398285228442
917.0,63.04881388069631,0.00017042218463220364,0.009681263382445376
917.5,70.31523014307943,0.00018055635625116042,0.010233982888095104
918.0,71.6386408070171,0.00021004277553976036,0.011842176653373475
918.5,68.76875157139071,0.00022847169385838205,0.012847292787744222
919.0,64.5369689017618,0.00022506825622456525,0.01266166880711222
919.5,63.07783852571119,0.0002084469216817873,0.011755138529104788
920.0,60.653917397347946,0.00019705384148353155,0.011133757958131731
920.5,59.63371148966729,0.00020051397505918694,0.011322474316008375
921.0,60.01339560275689,0.0001997127788704254,0.011278777250306446
921.5,62.539138291073286,0.0001791046850419438,0.010154808576949097
922.0,65.13109628522973,0.0001678427658989491,0.009540581854423759
922.5,65.84843760073502,0.0001791391469709371,0.010156688132515381
923.0,64.19483276407661,0.00019460929105497772,0.011000431798020113
923.5,60.34133973439194,0.0002034044230420605,0.011480119637164495
924.0,56.70507332410824,0.00021135295956295873,0.011913634235529887
924.5,54.49313265298336,0.0002235877647587334,0.012580922220603653
925.0,54.493289821173086,0.00021142010442094092,0.011917296485487158
925.5,56.08333503548771,0.00018782877585914938,0.010630621779173746
926.0,56.5116623858491,0.00016026705628270158,0.009127401089910702
926.5,57.816443528016194,0.00015111686741901947,0.008628348917983726
927.0,59.56756598819849,0.00016643698068460238,0.009463910001097236
927.5,61.640094298930755,0.00017763825328454068,0.010074828919173795
928.0,64.56653974126546,0.00018847972763993417,0.010666124430938029
928.5,67.61258008362066,0.00019919782055628088,0.011250691137149172
929.0,68.12613952783465,0.0002079266234053556,0.011726761345371104
929.5,67.4066188093107,0.0002073305380186405,0.011694250749575015
930.0,65.2200924032202,0.00021510028923326025,0.012118014342411125
930.5,64.21079125336966,0.00020920521869578703,0.011796496108348094
931.0,65.26407812170018,0.00020693458302252875,0.01167265534475845
931.5,64.21328752897112,0.00021344101231251709,0.012027517111133607
932.0,62.047223186080025,0.00022210007246694914,0.012499783395788354
932.5,60.26655962860322,0.00022744372240933672,0.0127912266455389
933.0,59.58353350786368,0.00019701726187233392,0.01113176315814897
933.5,63.38678323383182,0.000146626562789713,0.00838344673002891
934.0,63.96029499839089,0.00013407880280691338,0.0076990898032939575
934.5,59.41242841432468,0.00015778089207598914,0.008991805251167932
935.0,57.69316094201835,0.0001873117076532288,0.010602420875049893
935.5,57.791382791495195,0.0002016220741313143,0.011382910226684974
936.0,58.22006184064182,0.00020732297133714658,0.011693837961522215
936.5,60.33896110373239,0.000200692559392659,0.011332214439446492
937.0,61.200564490651665,0.00019594146243551386,0.011073088833426807
937.5,60.763045716179214,0.00018472509004091088,0.010461346136207349
938.0,61.60903142671034,0.0001748179519742991,0.009921009238947568
938.5,60.83354735019809,0.0001629425478379062,0.009273322850897844
939.0,58.20172818245735,0.00018021436219157173,0.010215330308477875
939.5,58.53521596792987,0.000196017556657022,0.011077238945959404
940.0,58.38164571934807,0.0002000062336246909,0.011294781889371558
940.5,54.256570455858096,0.00019312175171486747,0.010919301409374858
941.0,54.582662987214206,0.00019570740561220427,0.011060323422187924
941.5,56.669142637619395,0.00020203706739426678,0.011405543924602593
942.0,56.85777462817744,0.00020067036733811323,0.01133100424406429
942.5,54.925365491181346,0.00019578195643517337,0.011064389465788435
943.0,52.56297727308399,0.00017355962123659764,0.009852380024194453
943.5,52.842478536039444,0.00013753346361896948,0.007887507744451261
944.0,54.602888174831975,0.00011616854802816394,0.0067222618872132996
944.5,54.23971201497663,0.00013167123261609382,0.007567780828753625
945.0,57.390191508839045,0.0001717652146566154,0.009754512507802557
945.5,57.51917798093934,0.00017984285430298574,0.010195068140516489
946.0,57.81838442683159,0.0001766502921736029,0.0100209455613909
946.5,59.01500564609067,0.00018067851072397283,0.010240645025508152
947.0,58.910471798642575,0.0001835653808615564,0.01039809558217279
947.5,59.089041584570815,0.00018786228694637753,0.01063244945017964
948.0,61.037564165765446,0.0001887642730328862,0.010681643683455304
948.5,61.956872333389285,0.00018128355797019237,0.010273644302908707
949.0,62.00373220271127,0.00017939356983639278,0.010170564033728105
949.5,60.188788316195584,0.00019279783690938582,0.010901635158688267
950.0,55.578070758196134,0.00021200142962694623,0.01194900187398945
950.5,51.392261139354375,0.00021308275271454018,0.01200797722350098
951.0,50.27047122904349,0.00018892516714614553,0.010690419007586244
951.5,50.072466007944165,0.000176826899739741,0.01003057745140591
952.0,52.5285311292582,0.00018106036169094193,0.010261471094805122
952.5,58.91269948276254,0.0001863907055834729,0.010552188922241022
953.0,65.09611888280611,0.0001913085059413857,0.010820406850055909
953.5,67.62865431779306,0.00019060817901573468,0.010782210809972848
954.0,67.17719559567844,0.0001878726802453199,0.010633016310596342
954.5,65.53806884815526,0.0001961242468915805,0.011083058202625775
955.0,64.6288982979294,0.00020399707847216416,0.011512443402298575
955.5,65.21115723772377,0.00021088359946033617,0.011888035149815455
956.0,64.35823305584957,0.0002141333224811568,0.01206527561347064
956.5,61.17651727514619,0.0002190140754512838,0.01233147251471055
957.0,62.087728926898826,0.00021127110716892176,0.011909170054367833
957.5,62.52897940258991,0.0001951960817064193,0.011032435636769896
958.0,58.31938646270148,0.00017021611513497138,0.009670024493942784
958.5,55.810338780484315,0.00016369424618144432,0.009314320587518864
959.0,54.82808617991148,0.00019147484927893425,0.010829478967196507
959.5,55.20895169461816,0.00020817732826493632,0.011740434599231672
960.0,58.46581021221669,0.0002002623801355622,0.011308752455773497
960.5,63.01219322920323,0.00018259373783000585,0.010345101728982077
961.0,67.72167052974642,0.00018212075653780077,0.010319305247360433
961.5,67.81742698080164,0.0001981676912854854,0.011194507620777635
962.0,62.24788891024404,0.00020483427699835149,0.011558104248011817
962.5,59.78129774899934,0.00019473717317124617,0.011007406612364776
963.0,59.22421748480564,0.00018438085694651241,0.010442571455712249
963.5,59.140488495223046,0.00018933637210294185,0.010712846216331218
964.0,57.4940427985226,0.00020641973575901532,0.011644575407066067
964.5,55.00613697470401,0.00021474766163993793,0.012098781616074611
965.0,58.89054366940671,0.0001930706018161573,0.010916511577991369
965.5,58.243617711723935,0.0001668639852676925,0.009487198982695629
966.0,56.92844002954286,0.00017134817345053254,0.009731767195563153
966.5,58.947799743641696,0.00019155703104516744,0.010833961272317665
967.0,59.223329020910434,0.00020011191164874718,0.0113005458204351
967.5,57.78929650741004,0.00019394573204220897,0.010964241150477656
968.0,55.7961489710191,0.00018430494901498898,0.01043843144460899
968.5,53.039056505586395,0.0001970181279062716,0.011131810339739204
969.0,54.47038766969079,0.00022150360131754685,0.012467251706307334
969.5,57.95484915870466,0.00022602527863120777,0.012713864766651086
970.0,59.23678308347878,0.00020058836158865328,0.0113265314791576
970.5,58.25429344530744,0.00018445592897032103,0.010446666120714094
971.0,55.74977405818723,0.00020045673366402944,0.011319352283346521
971.5,56.15039080942924,0.00022110529635260403,0.012445528052120717
972.0,57.60684160586781,0.00022148952525841758,0.012466483810158005
972.5,57.652254606343526,0.0001997886673507936,0.011282916222945333
973.0,56.84133089985264,0.00018805558035686016,0.010642991637484025
973.5,56.50016528564741,0.00018494442271137375,0.010473308495405752
974.0,57.77724386962807,0.0001824511884577828,0.010337327320008253
974.5,57.8699771268078,0.00018912868611677635,0.010701518962872464
975.0,56.460180418249145,0.00017888578690821962,0.010142869762641274
975.5,56.127787494772036,0.00016443019088909324,0.009354459136888982
976.0,56.99110122056189,0.00015676909274606096,0.008936621965967515
976.5,58.39852852195342,0.00015802158448279912,0.009004932828292778
977.0,58.684860213430845,0.00017531220115718016,0.009947965809281877
977.5,57.836690359766095,0.00019373678261516318,0.010952845363684113
978.0,53.71482265979216,0.00020095028293184715,0.011346270673118873
978.5,50.22139486406411,0.00019951380383432835,0.011267924901823271
979.0,50.6056727029847,0.0002015275045744063,0.011377752216552581
979.5,54.848452882317524,0.0002018913984550411,0.011397599015142527
980.0,57.85171669989361,0.00020922854932563218,0.011797768269214033
980.5,58.812044387868035,0.00020900753017316303,0.011785714196628428
981.0,60.28987804972111,0.00019246812906267635,0.010883652546656752
981.5,57.786646913084816,0.00017709634604991134,0.010045273378300527
982.0,55.66368390167451,0.00018111234060621975,0.010264306399744783
982.5,53.88465241964647,0.00019782366068718334,0.01117574446410806
983.0,54.73867827832427,0.00020360422440049306,0.011491017036445278
983.5,58.13171575111929,0.00019525542925114196,0.011035672375353257
984.0,61.41626719692444,0.00018296404076813662,0.010365298284398996
984.5,63.03892942991322,0.00017367011980362702,0.00985840637254282
985.0,60.76677603606069,0.00016793189911809068,0.009545443252622656
985.5,57.751856191955966,0.00017232369715078705,0.009784972581361849
986.0,55.88299565450661,0.00018781618357763225,0.01062993505927765
986.5,55.07789341086208,0.00020173595383301556,0.011389121086298023
987.0,56.83212967785215,0.00020124222831639508,0.011362193340699907
987.5,59.580565862863665,0.0001873644451967964,0.01060529696434382
988.0,60.90959266965044,0.00017654177794605236,0.010015027298981224
988.5,59.48872622295933,0.00018212223082341269,0.01031938586248569
989.0,58.39226634612216,0.00019187408642470105,0.01085125342911948
989.5,56.10632222807255,0.00019333132342209955,0.010930731626212437
990.0,55.11352293893224,0.00019143653813668497,0.01082738960929602
990.5,56.40679894509828,0.00019110703943996517,0.010809418712044033
991.0,56.80128875730923,0.00019442767641742777,0.010990526588808442
991.5,57.52985028836958,0.00020253676981744095,0.011432797905552503
992.0,61.49839602980821,0.00020857085967660295,0.011761897884406954
992.5,63.621455065394876,0.00020838417891050999,0.011751716372031356
993.0,65.45444196245148,0.0002006424793149228,0.011329483134108545
993.5,66.01707740545491,0.00019877938096730027,0.011227869243573127
994.0,65.73778846704013,0.0001912311423772466,0.010816187030265647
994.5,64.01145694303406,0.00017456228937074683,0.009907065401241186
995.0,61.75399485560494,0.00017467964841735313,0.009913466343796036
995.5,59.977039109717936,0.00018363854181008748,0.010402085699547514
996.0,58.91096095042517,0.00018507271123958263,0.010480305365741231
996.5,57.20335835081944,0.00018229332523495904,0.010328717456605819
997.0,58.74328611686417,0.00019208357072025083,0.01086267891235526
997.5,58.93444065071214,0.0001991770523485109,0.011249558414623955
998.0,56.50490878138025,0.00019697600412016424,0.011129513105874246
998.5,54.18629615477268,0.00018546912418520437,0.010501925639193504
999.0,52.70119346463322,0.00017502319408338102,0.009932203037151564
999.5,53.557605482992905,0.0001641029767879515,0.00933661307242494
1000.0,55.07359982253177,0.00017218347236564428,0.009777324461744539
1000.5,57.18696637794513,0.00018760344018603416,0.010618331603934213
1001.0,60.83827577510434,0.00019149005591430438,0.0108303082512857
1001.5,65.45555269140267,0.00019371644782993077,0.01095173604690883
1002.0,65.30615708634785,0.00019526653436895944,0.01103627833838157
1002.5,63.002762535686,0.00020376770615543208,0.011499933282910383
1003.0,58.00904218136785,0.0002185368029028737,0.012305441822497497
1003.5,50.52164562190321,0.00022581424660951408,0.01270235473944498
1004.0,45.01764912165542,0.00022378352375272562,0.012591599032061456
1004.5,44.98331967129267,0.000214874508252973,0.012105699951189488
1005.0,48.42713936571246,0.00020761434237384855,0.011709729631219384
1005.5,51.27733203978306,0.00019700892771731216,0.011131308464281378
1006.0,54.702433553071735,0.0001811515310314276,0.010266443605981357
1006.5,57.610492417519865,0.00017357367982373789,0.009853146623869845
1007.0,57.04508973030715,0.0001755330386467965,0.00996001012931063
1007.5,56.66393744985301,0.00019121095494952487,0.010815086418901346
1008.0,57.151904063475534,0.00020293967669458637,0.01145477249762005
1008.5,56.40261088769777,0.00020095392524841873,0.011346469224981766
1009.0,55.53127199513978,0.00019715641580007849,0.011139352449889625
1009.5,56.99291639423595,0.0001902390766424075,0.010762079732357202
1010.0,58.925822673741216,0.00017374262768339043,0.009862361003381132
1010.5,62.92759096124697,0.0001644700942837824,0.009356635456267888
1011.0,65.19817848249029,0.00017293977331486393,0.009818573217727633
1011.5,63.55318592632483,0.00019375995841339728,0.010954109158101438
1012.0,61.22539572600001,0.00020628127768934802,0.011637023898010553
1012.5,57.72385685597354,0.0002067154824647011,0.011660705376035505
1013.0,56.463701229570546,0.00019653073018353442,0.011105227457830059
1013.5,58.30876766805243,0.00019719897614658234,0.01114167377867884
1014.0,62.487824038843165,0.00020288620136427022,0.011451855884799831
1014.5,63.61357861686148,0.0001978692304842233,0.011178229525617674
1015.0,63.2245884986439,0.00018591499101074598,0.01052624351260073
1015.5,62.122212854062354,0.00017400306744701384,0.009876565341443164
1016.0,63.88427317967445,0.0001708921107957429,0.00970689343900668
1016.5,62.59297554716191,0.00017254656804782976,0.00979712758954925
1017.0,60.11430629257074,0.00019215859047521034,0.010866770174357353
1017.5,58.933708776985746,0.0002011170307877514,0.011355364884526188
1018.0,59.98347683326443,0.00019339024076068604,0.010933944934038847
1018.5,61.74695094957285,0.00018102916900610114,0.010259769960044794
1019.0,64.34015890264949,0.00017400155633583018,0.009876482917338747
1019.5,64.45205084170688,0.0001823315388845984,0.010330801472136894
1020.0,60.16226864613826,0.00018823265605324296,0.010652649243044598
1020.5,54.57617960017656,0.00018803827168930177,0.01064204749477899
1021.0,52.8790041013668,0.00018773641563866742,0.010625584330808657
1021.5,52.58049938597053,0.00019720842319175715,0.011142189021706156
1022.0,53.55236847959771,0.0002015991132524201,0.011381658172376177
1022.5,55.45746649603759,0.0001985533031511481,0.011215538919376404
1023.0,57.69071128419306,0.00018467402856950515,0.01045856130306419
1023.5,56.719671203018294,0.00018673060138268776,0.010570727089179943
1024.0,57.27316936136034,0.00019586350869207908,0.011068837328998578
1024.5,59.42909153057985,0.0002043767186828622,0.011533148934209536
1025.0,60.09445726604207,0.0002014930384642323,0.011375872569560108
1025.5,59.27409989989099,0.00018187574887101694,0.010305942575882868
1026.0,57.45422236122711,0.00016134540469523104,0.009186214661643375
1026.5,55.977084814493054,0.00015214018610825675,0.008684160570354937
1027.0,55.52596150640611,0.00018072208967568086,0.010243021677988625
1027.5,56.708418306913025,0.00019504327016519208,0.011024101046151992
1028.0,57.122872944571064,0.00019301892097348081,0.01091369317992214
1028.5,56.37853249863849,0.00018954393418126124,0.010724166634426605
1029.0,54.56482301653844,0.00019106788664660223,0.010807283052156422
1029.5,53.84119181574309,0.00019144291346978433,0.010827736930642751
1030.0,52.50092503451806,0.0001819482620833184,0.010309897832340152
1030.5,52.56310498977683,0.0001618932555861648,0.00921609453381391
1031.0,55.38070218365647,0.0001548649777817758,0.008832771122391747
1031.5,59.708271886425045,0.0001740488679707809,0.009879063290510555
1032.0,61.28204054586654,0.00018222315065420457,0.010324890148842063
1032.5,62.93137204308133,0.00017144062165570169,0.009736809414622048
1033.0,63.17513521806292,0.00016666964764311192,0.00947659986022619
1033.5,63.22196468465106,0.0001713670357911051,0.009732795899093372
1034.0,64.46321490122037,0.00017922112494247748,0.010161159058351186
1034.5,61.51326711460556,0.00018976578151892607,0.010736266226534657
1035.0,57.71465958902925,0.00020069235351135982,0.011332203060422517
1035.5,59.61773135409611,0.0002060358127352004,0.011623636317331078
1036.0,60.46474054000598,0.00020951457551464725,0.011813368396173776
1036.5,60.76810739934506,0.00020600860784595742,0.01162215240831439
1037.0,62.59117276138372,0.00017621022952419777,0.009996944265295203
1037.5,62.99348674616374,0.0001586275794914537,0.009037984136946155
1038.0,64.14370891710449,0.00016309397061703188,0.009281581790825319
1038.5,65.69959329839554,0.00017329994143064253,0.00983821707774331
1039.0,64.05179078758,0.0001794100743091683,0.01017146465127931
1039.5,56.79552770460586,0.00018145374585671077,0.010282926333494546
1040.0,53.36939122929332,0.00018669059100318312,0.010568545000648872
1040.5,52.14679166598007,0.00019077670015426327,0.010791401778697576
1041.0,53.9051061828896,0.00018293793125725673,0.010363874075882797
1041.5,57.18469765422259,0.00017478198147379969,0.009919047535005983
1042.0,60.761911898478814,0.0001865427314536492,0.01056048050993559
1042.5,61.54061971659614,0.0002001404272533255,0.011302100785731573
1043.0,61.65000292044538,0.0002031362111142683,0.01146549123482466
1043.5,63.65051240890734,0.00020145547124224137,0.011373823561245482
1044.0,66.31228658165627,0.0001953743290103543,0.011042157007569877
1044.5,64.18340250135319,0.00018917883571495812,0.010704253989201882
1045.0,63.85921365119311,0.00018749217184228998,0.010612263336103872
1045.5,65.5007703347206,0.00018935423625332905,0.01071382064319132
1046.0,66.06248203393825,0.00018992048431180068,0.010744703705513335
1046.5,64.82794396484549,0.00018499165416956638,0.010475884298233878
1047.0,63.94773804019691,0.00018337817793202422,0.01038788526600595
1047.5,65.25331166437672,0.00018302624405824443,0.010368691037889663
1048.0,67.72344275171714,0.00018911784523492503,0.010700927586792391
1048.5,67.68977911144029,0.00019076503857885148,0.010790765980401098
1049.0,66.80990799579554,0.00018591524695303418,0.010526257472333822
1049.5,67.40873454091646,0.00019039769592657123,0.010770730655922402
1050.0,67.57515344859365,0.0002065982822722165,0.011654313321723985
1050.5,67.69010835244218,0.00020863208556522157,0.011765237355370044
1051.0,69.33660347373717,0.00020804495115220558,0.011733215212950147
1051.5,70.05602900326244,0.00019010861270184743,0.010754964251182051
1052.0,70.25217908507352,0.00017074242800925926,0.009698729340857703
1052.5,67.62418580361233,0.0001817249155865901,0.010297716371185013
1053.0,61.62679925478115,0.0002068215069948286,0.011666487820347618
1053.5,59.42642362467189,0.0002137251776262579,0.012043015077986852
1054.0,57.51918199629091,0.00021795964121818176,0.012273963526238892
1054.5,56.46748289902203,0.0002113141593238373,0.011911518075340103
1055.0,60.13611036352662,0.00017936347249783452,0.01016892296700833
1055.5,60.74628743651965,0.00015600913264042228,0.008895173502919788
1056.0,61.04265358493517,0.00013857064490108238,0.007944075847041172
1056.5,60.28318653479975,0.00015655846211128113,0.008925133803110824
1057.0,61.240221745146634,0.00020878147263944777,0.011773384753051196
1057.5,62.50862042670255,0.00021275443189376321,0.011990070652149708
1058.0,61.49189074124125,0.0001840562003466708,0.010424864678530273
1058.5,64.9089160511971,0.00016086571684601435,0.009160052309574944
1059.0,67.52747612682923,0.00016707520357012832,0.009498718653822024
1059.5,68.99775148193214,0.00018734203885195652,0.01060407497255248
1060.0,70.84323409489313,0.00020047627223511574,0.011320417967189102
1060.5,67.59659130277979,0.00020640574601785237,0.011643812241504563
1061.0,61.743887469119855,0.00021480614393275106,0.012101971379666062
1061.5,59.09438287724211,0.00020498762589544244,0.011566467778909073
1062.0,62.819472489636865,0.00018101517715274335,0.010259007116505089
1062.5,66.02144374596395,0.00017729844830601405,0.01005629622609412
1063.0,68.54349302738648,0.00019637315240442058,0.01109663334506091
1063.5,72.44636055468625,0.0001967263906663198,0.011115898718847505
1064.0,73.47527763987478,0.0002031123565177455,0.011464190369206692
1064.5,72.85200204319081,0.0002022546510029574,0.011417410980731528
1065.0,71.8559593533762,0.00019644652052893603,0.01110063484395118
1065.5,68.01715041669195,0.0001893825337953422,0.010715364016933978
1066.0,65.1837354153393,0.00017783946424988572,0.010085803077905648
1066.5,64.18481360921892,0.0001589657006420493,0.009056425023739809
1067.0,63.58121622781469,0.0001586905163035535,0.009041416525227887
1067.5,63.33379302730301,0.0001756170876531581,0.009964594520556227
1068.0,63.608158673177655,0.00019843893269187355,0.01120930127690935
1068.5,62.81468334169463,0.0002068965753828364,0.011670582295855233
1069.0,60.35628190364493,0.00020374978499348103,0.011498955893348489
1069.5,60.08929889480052,0.00019942844965378263,0.011263269775778212
1070.0,59.797292639050816,0.00017663734239230873,0.01002023944076075
1070.5,57.579078876703925,0.0001538412887311117,0.0087769390637302
1071.0,58.165388015705425,0.0001538660185997634,0.008778287791957749
1071.5,60.294415533408404,0.00017814068926927924,0.010102232196336335
1072.0,61.54894042744059,0.0002012024986266288,0.011360026536760909
1072.5,58.9889937296344,0.00021105762101652744,0.011897526543565443
1073.0,60.37138858622024,0.00021147317795912806,0.011920191065706501
1073.5,63.92956548569358,0.00020121204951271422,0.011360547268312466
1074.0,62.43957632856352,0.00018289115287745835,0.010361322976373929
1074.5,59.0045746082253,0.00016430949591773926,0.009347876614177273
1075.0,56.706388682737426,0.00016620934872539988,0.009451494763875828
1075.5,54.492125310771506,0.00018052237135870108,0.010232129258701749
1076.0,53.64448644879027,0.0001889022580749577,0.010689169324264555
1076.5,53.72198132222484,0.00018469935054672617,0.010459942280255876
1077.0,55.41973107423128,0.00017138398298753997,0.009733720301780905
1077.5,57.69359463230661,0.0001534046835278063,0.008753126563399244
1078.0,55.76121973337103,0.0001412483226917803,0.00809011653494136
1078.5,53.22836539274491,0.00015405922222102133,0.008788825070844681
1079.0,51.91806448337048,0.0001808441590770606,0.010249679441076522
1079.5,51.315453445767666,0.0001901069720313158,0.01075487476634089
1080.0,52.957651577925034,0.00017812351416652295,0.010101295076985406
1080.5,52.976988101082014,0.00015637273667350196,0.008915004372285583
1081.0,51.29012561646036,0.00016868871647480728,0.009586720133304836
1081.5,53.49696202877644,0.00021381566164186007,0.012047950365277635
1082.0,60.05489184176692,0.00019749077516368078,0.011157588624311538
1082.5,63.86682933763494,0.0001591229479600784,0.009065001498198855
1083.0,63.49620030714269,0.00016429018312857338,0.009346823004285822
1083.5,60.50704141005311,0.00019007529739508086,0.010753147492693772
1084.0,57.90511827949163,0.0002102146215472754,0.011851549271604424
1084.5,55.37998898480012,0.00022323019882131064,0.012561420470764624
1085.0,53.55067504249048,0.0002100994717578638,0.011845268687326948
1085.5,54.16329590230581,0.00018386504301941799,0.010414439283252454
1086.0,55.417138075025214,0.00017863628418099105,0.01012926175184025
1086.5,57.58315988276016,0.00018769791137123265,0.010623484486363953
1087.0,60.83950318415274,0.00018527929047640148,0.010491572225062295
1087.5,59.962000092573945,0.00016678884287261604,0.009483100720296126
1088.0,56.95996767044581,0.00014524383882068327,0.008308032686997136
1088.5,54.84329427149197,0.00015652900904551784,0.008923527545307324
1089.0,54.6758609213964,0.00019844534828515007,0.011209651028067792
1089.5,55.54648080430492,0.00021762477149228087,0.012255699601126486
1090.0,55.23035257101869,0.00020460487184339522,0.011545592294528824
1090.5,56.98374342182367,0.00017984179401618223,0.01019501053704125
1091.0,60.548429925393336,0.00018667199496618343,0.010567530725344621
1091.5,64.56634698034264,0.0002070459917117653,0.011678731533024777
1092.0,66.15145952891521,0.0002171622364113333,0.012230472867196649
1092.5,64.41667138375342,0.00021519160640402868,0.012122994553438094
1093.0,62.025270420180206,0.00019759749205670564,0.01116340892031553
1093.5,59.477331521035964,0.00019136530546260297,0.010823504350486169
1094.0,57.49783196063535,0.00019763004837515695,0.011165184594682239
1094.5,56.70149329563171,0.0002050354608130471,0.011569076902572152
1095.0,58.05248050390273,0.00019464292310306496,0.01100226620524485
1095.5,62.16056803602151,0.00017726355673798342,0.010054393172095529
1096.0,64.62856047837045,0.00016511430291098843,0.009391771015848547
1096.5,62.92629711752021,0.00016567778785162693,0.009422503573296567
1097.0,60.77644677606981,0.00018504726067627736,0.010478917531701278
1097.5,59.831558756452175,0.00020397085404372605,0.011511012743951974
1098.0,59.530918967654515,0.00020822506734385015,0.011743038129831133
1098.5,59.685576233333336,0.00019833402983333336,0.011203579837
1099.0,60.42776213987445,0.0001820871876181507,0.010317474776608784
1099.5,61.989865110339984,0.00018921939066742223,0.010706465868583577
1100.0,63.43479996103267,0.00019465165855308444,0.011002742686198023
1100.5,65.9813214479558,0.0001904534670256663,0.01077377262641429
1101.0,68.89252654063012,0.0001896436158259092,0.010729603064640119
1101.5,68.73342313562931,0.00018518794378255004,0.010486589966305915
1102.0,65.59110233965373,0.0001881136371473302,0.010646158103033031
1102.5,60.214264044815096,0.00020060864804642304,0.011327637924759631
1103.0,54.38714327366212,0.0002047788920703986,0.011555083473018467
1103.5,53.71512263025705,0.00020879340347196195,0.011774035674532675
1104.0,56.21242975216271,0.00021436622409912276,0.012077978216100712
1104.5,57.785608609871524,0.00021113202187358475,0.011901584265489203
1105.0,59.44107784491601,0.0001948221278291386,0.011012040055265276
1105.5,58.70821978150333,0.00017539003345390397,0.009952211052868282
1106.0,56.240647072318595,0.0001556007175658856,0.00887289825441615
1106.5,54.91055786911342,0.00015766206101967793,0.008985324319212529
1107.0,53.99482011945974,0.00017933032705021022,0.010167115148961355
1107.5,55.58640685546118,0.00019925154012881064,0.011253620930639193
1108.0,58.044027664450056,0.00020555828564667247,0.011597591698919042
1108.5,59.86784777908716,0.00019027314427296884,0.010763937653470387
1109.0,60.32377924109495,0.00016802591397227146,0.009550570315340949
1109.5,62.702642660714005,0.00016899652133417627,0.009603507731707801
1110.0,64.12446501999624,0.00018986229130684072,0.010741530048145365
1110.5,63.61582352312857,0.00018287269176192947,0.010360316137906824
1111.0,64.02102043544333,0.00017484673048123153,0.009922579167317503
1111.5,65.21729466297758,0.0001846248259275822,0.010455877655083762
1112.0,62.5466333190272,0.00019413212046028868,0.010974406870778667
1112.5,58.7749451417939,0.00020652172600921543,0.011650137794443509
1113.0,56.87736482221713,0.00017565484821862264,0.00996665375978912
1113.5,56.787880496356074,0.00015281075729140704,0.008720733720596053
1114.0,60.10578851221216,0.00014650948958809968,0.008377061293493275
1114.5,64.83043768541509,0.00017700707193496883,0.010040404546278825
1115.0,67.9769248428303,0.00020999336009179992,0.011839481310558808
1115.5,70.09738260632595,0.00020734528436596036,0.011695055019474893
1116.0,67.78241169305188,0.00017267633323623906,0.009804204946379586
1116.5,62.98531965425904,0.00017249763865686112,0.009794458986055557
1117.0,55.314854680488665,0.00017688110184804992,0.010033534081649864
1117.5,46.79689023198681,0.00016014273329571655,0.00912062053291144
1118.0,44.77136434628124,0.00019889305796105732,0.011234069499999898
1118.5,44.928585905160645,0.0002133214186647506,0.012020994313261868
1119.0,46.44123237652079,0.00020718733293814356,0.011686440052938101
1119.5,48.43462500810274,0.00018553400636056182,0.010505464226827568
1120.0,50.355312512136734,0.00017316158688022383,0.009830670674542432
1120.5,50.21958861890671,0.00016451376814185357,0.009359017491371932
1121.0,49.16179899955667,0.0001853008811923147,0.010492749977079772
1121.5,50.23111323008637,0.00019722743103427057,0.011143225548976775
1122.0,52.88807517817118,0.00017860265608533692,0.010127427526065264
1122.5,55.535773966992856,0.00017286774048126127,0.009814644486882487
1123.0,58.51490893525432,0.0001945337638329755,0.010996312848545691
1123.5,60.74176451164845,0.00022131611398296992,0.012457025964558293
1124.0,59.64627032194228,0.0002456351667170292,0.01378339080551574
1124.5,56.65768874966105,0.0002508001108447203,0.014065087932139163
1125.0,55.095088710242415,0.00022590534897708368,0.01270732349416764
1125.5,55.74327734187091,0.000214787546576408,0.012100957064841081
1126.0,59.45246568498865,0.00021977716697283497,0.012373091977913619
1126.5,63.962056358031035,0.00022374198630090443,0.012589333705429834
1127.0,63.547639711956606,0.00022910680137074504,0.012881931505233101
1127.5,63.44130803828939,0.00022871911951544366,0.01286078724593744
1128.0,62.19506967732089,0.00020948297810739386,0.01181164500731697
1128.5,60.72916954459241,0.00018636689768748447,0.010550890457555584
1129.0,59.885388942911376,0.0001847690116662221,0.01046374184312542
1129.5,59.09857709402079,0.00021223812795142724,0.011961911243757214
1130.0,59.56645494352002,0.00022423643482575074,0.01261630112635907
1130.5,59.59259935297402,0.00021320337153706698,0.012014556113430688
1131.0,57.99088863639397,0.00020954620143034562,0.011815093393657664
1131.5,57.17341199510915,0.00019393104437807318,0.01096344045225665
1132.0,56.73549485489801,0.00018579585019403425,0.010519745546073921
1132.5,59.21583142458525,0.00020168045026964794,0.011386093982827097
1133.0,60.19272764462905,0.00021793466816197272,0.012272601360903863
1133.5,60.66894597933184,0.00020889456397914273,0.011779552890434107
1134.0,60.41356580176879,0.0001822566857448247,0.010326718957860309
1134.5,63.31112289514881,0.00014284792629360533,0.008177359221936797
1135.0,64.75678561475385,0.00011385760921434945,0.006596223245574054
1135.5,59.90139721272084,0.00011180861645050934,0.006484470621560951
1136.0,56.60313778408067,0.0001625315633293432,0.009250907822662191
1136.5,55.342234805329426,0.0002007591056955577,0.011335843614326362
1137.0,53.53541562782352,0.00020179528897587708,0.011392357463812007
1137.5,51.89191902200561,0.00019534765675961957,0.011040702522613468
1138.0,50.5076673479845,0.00019257388702828218,0.010889420725440071
1138.5,50.431985720766875,0.00019615796038270595,0.01108489642983402
1139.0,50.696698476338945,0.0001890779882892165,0.010698753856642446
1139.5,51.435378709219215,0.00017689278633923616,0.010034171014890564
1140.0,52.692446602948884,0.00017646296786053765,0.010010728612029847
1140.5,56.17591180149812,0.00020945405189481123,0.011810067740165853
1141.0,60.61506565922812,0.00021363171186580238,0.01203791781576301
1141.5,62.12248659178367,0.00020402578311206154,0.01151400856595222
1142.0,64.43753258064937,0.00020093394655340123,0.011345379656755958
1142.5,66.0244648592505,0.0002103561044971507,0.011859265737143744
1143.0,65.85996269829451,0.0001960883464655624,0.01108109993832264
1143.5,64.93182630245138,0.00017020195481071376,0.00966925246168732
1144.0,64.43561457716125,0.0001614234396070819,0.009190470614596064
1144.5,65.22812727896329,0.00018066770076158908,0.010240055492374282
1145.0,64.40665037456981,0.00020245162210520004,0.011428153820498048
1145.5,62.77326091906853,0.0002095863371992582,0.011817282177774805
1146.0,62.40658934005742,0.00018605718060197435,0.010533998591447689
1146.5,63.947810283662974,0.00017547164043094318,0.009956661761059424
1147.0,64.82515485659661,0.0001955539959907278,0.011051956222237161
1147.5,63.29575595650126,0.00021905788929024427,0.0123338619197512
1148.0,61.78472333372784,0.00021720241671424007,0.012232664255320524
1148.5,60.61796565415862,0.00018545694894364967,0.010501261954743657
1149.0,60.75021045453329,0.0001649859840537389,0.009384772345356857
1149.5,60.063745261639625,0.00017542837570659584,0.009954302176617554
1150.0,57.931130989077246,0.00019657126399883545,0.011107438213614821
1150.5,58.355603281404754,0.00019597355115949606,0.01107483895149276
1151.0,59.94144295095369,0.0001800268179622043,0.010205101436325107
1151.5,60.21264506899082,0.00018438657863657402,0.01044288355392532
1152.0,61.42259856843594,0.00019885977869955516,0.0112322543865476
1152.5,61.42072301933419,0.00020249909400831033,0.011430743168498231
1153.0,57.66897427752173,0.00020422592880068474,0.011524925023369199
1153.5,52.623292595565275,0.0001963267404991493,0.011094101991437516
1154.0,49.986515534660235,0.00018480845013019395,0.010465892828903136
1154.5,50.84458044862145,0.0001800191860928822,0.010204685146407894
1155.0,52.69138852081099,0.00017977222258561763,0.010191215888079485
1155.5,50.92473946310283,0.00017848438616397444,0.010120977241365483
1156.0,50.701116678361316,0.00018522515060095758,0.010488619623279516
1156.5,53.47582866443882,0.00020556048258725212,0.01159771197128589
1157.0,55.22420500367974,0.00020958126985163607,0.011817006043879497
1157.5,57.006085279343104,0.00020133053962580048,0.011367010007844361
1158.0,57.68947886033992,0.00019892517214310334,0.011235820956617187
1158.5,55.36892060878077,0.00019649831172860544,0.01110345940715135
1159.0,52.703458653767655,0.00019659172426123988,0.011108554218369976
1159.5,51.09424214867295,0.00019433920806378793,0.010985701537361349
1160.0,52.13637285033673,0.00018530327084667218,0.010492880226921566
1160.5,54.07876981081638,0.00019494077506398695,0.011018511208340003
1161.0,56.23866182861765,0.0002088150185556576,0.011775214728849666
1161.5,58.60241260121806,0.00019379871898624553,0.0109562233124255
1162.0,57.79171978950463,0.00017837246670723142,0.010114873253606455
1162.5,56.69138590406926,0.00018025386724377808,0.010217484804774907
1163.0,54.04383205096152,0.00018496240281213838,0.010474289171919102
1163.5,51.23425020476238,0.00019117785766064422,0.0108132811177511
1164.0,50.627031784493035,0.00020400102316627076,0.011512658759705034
1164.5,52.83001923123054,0.00021703062364410484,0.012223294796411223
1165.0,54.99599683352158,0.00021332223437346207,0.012021038629311987
1165.5,55.10441289202929,0.00018878717594464475,0.010682892810793147
1166.0,56.192105475271205,0.00017169823058194543,0.009750859305989096
1166.5,57.82901529284134,0.00018983545279386825,0.010740065880624377
1167.0,57.7088404145566,0.0002225339418432992,0.012523446373778273
1167.5,58.792281599597054,0.00023105015815664767,0.012987922444036645
1168.0,61.79437072013294,0.00022187159958565308,0.012487322497257015
1168.5,62.75363491564084,0.00020375454411078784,0.011499215320103385
1169.0,64.507760905263,0.00018350398680000166,0.01039474684631588
1169.5,63.34461375082627,0.00016635493095464534,0.009459434777947104
1170.0,59.480643871969086,0.00014589698562547705,0.00834365564506585
1170.5,57.03072662429095,0.00014369159418333002,0.00822337324625779
1171.0,56.86716378340955,0.00016665149274802825,0.009475609251296292
1171.5,61.23027792409306,0.00017233424244436244,0.009785547393045987
1172.0,65.45512225261089,0.00016497977902452313,0.00938443387140792
1172.5,64.84261227676257,0.00016629112047676205,0.009455954842767605
1173.0,60.55414847999044,0.000186650751291065,0.010566372185938077
1173.5,55.723671299627746,0.00019169957126878145,0.010841735520431144
1174.0,51.572159716915465,0.0002067549226234406,0.01166285679956025
1174.5,49.99613653578829,0.00022094705919502164,0.01243689821379673
1175.0,53.1134783229095,0.00022019880922292734,0.012396088097852864
1175.5,56.667480270788964,0.0002153886614709379,0.01213374209344507
1176.0,58.340301461748574,0.00020452827130353318,0.011541414800898328
1176.5,62.15618576631762,0.00019911014465668215,0.01124590913677069
1177.0,65.34503083420739,0.0001871572266067918,0.010593995240205857
1177.5,66.47234912292784,0.00019483198328500048,0.01101257775251645
1178.0,64.81836078287861,0.00020301790331678986,0.011459038993093418
1178.5,62.8634921745609,0.00017123939937601523,0.009725834453299243
1179.0,63.576745936902,0.00013215872617139147,0.007594368789159487
1179.5,64.84328668083741,0.00013236670166582058,0.007605711490016916
1180.0,65.90237210028987,0.00017677542146818953,0.0100277703791142
1180.5,63.52743412584603,0.0002277369723199214,0.012807220660883273
1181.0,57.83896290905228,0.00024163265906777622,0.013565093685326208
1181.5,52.72641764830825,0.00024851087436992484,0.013940232264285715
1182.0,53.85162486075873,0.00023344601599774247,0.013118592607980744
1182.5,56.73131823719139,0.00019922775505177,0.011252323769817276
1183.0,57.670663495417486,0.00019396789485542345,0.010965449966929846
1183.5,57.6956340036556,0.00020726970250254406,0.011690932412631028
1184.0,58.76547421762571,0.0002161285664302485,0.012174096549885743
1184.5,58.58599938651698,0.00020034613391689904,0.011313320302434138
1185.0,59.43433991687731,0.00017024801825392782,0.00967176423797736
1185.5,62.15809529720252,0.00018452569102828665,0.010450470790043912
1186.0,63.1257661742569,0.0002077317899186303,0.011716135353618118
1186.5,63.0874725753199,0.00020851463810149276,0.011758831700519577
1187.0,62.22068300021578,0.00019056823359609248,0.010780032068709179
1187.5,60.560863228011385,0.00018480364129931686,0.010465630440800594
1188.0,60.690185141434974,0.00020687879934837473,0.011669613102242484
1188.5,60.318478036977176,0.00022072356002406868,0.012424708067520926
1189.0,59.19938815885105,0.00021935373932399705,0.012349998035961155
1189.5,61.29956630313293,0.00018944322657288412,0.010718673891459094
1190.0,62.30109656417992,0.00016494660142181723,0.009382624292374483
1190.5,62.04295469491354,0.00018041792280970744,0.010226432665919017
1191.0,61.963862496588696,0.0002057473104245571,0.011607901397680075
1191.5,63.988687,0.00020768030120000002,0.011713326845
1192.0,66.6438138274858,0.000185356465430016,0.010495781484376028
1192.5,67.37557306958163,0.00017891669411968078,0.01014455560685483
1193.0,64.90299206435657,0.00019640732858348058,0.011098497292642907
1193.5,62.11220124815768,0.0002022041412514741,0.011414656301724745
1194.0,61.74556030208338,0.000188621143683335,0.010673837616944534
1194.5,61.32905644152579,0.0001762387813816563,0.009998501405516887
1195.0,61.08702161338273,0.0001881589830958998,0.010648631245491008
1195.5,60.92711049251982,0.00021089521691333403,0.011888668709436301
1196.0,60.02014680472592,0.00021752927576043328,0.012250491471765526
1196.5,61.03624699379341,0.00019581311202642625,0.011066088732152616
1197.0,62.949817398085194,0.00017324033691781557,0.009834966091199658
1197.5,64.99512415847104,0.00018279350604926572,0.010355997392854406
1198.0,64.20202675573847,0.00020659756156525967,0.01165427438764524
1198.5,61.78068132956494,0.00021271262810392005,0.011987790815722044
1199.0,60.0663154348554,0.00020508782946863287,0.01157193288626756
1199.5,58.70660193113036,0.0001933906465299945,0.010933967004437868
1200.0,57.0409124538816,0.00019009223708472554,0.010754071099629762
1200.5,55.66463902651391,0.00019236805103478715,0.010878194583358387
1201.0,55.80856486667025,0.00019896407067706922,0.011237942202073269
1201.5,57.76224004516638,0.00020484526932261564,0.011558703541770727
1202.0,58.961062837408484,0.00020618757034606,0.011631913153893184
1202.5,61.165242229162445,0.00020893561349925982,0.011781791913962357
1203.0,60.23413088931513,0.00021451078561865466,0.012085862596576184
1203.5,59.28935739447481,0.00021961655007001393,0.012364331730400102
1204.0,58.69083923730763,0.000222139578049808,0.012501937946625016
1204.5,57.44591123169898,0.00020774169115541513,0.011716675091624332
1205.0,57.4530451825,0.00018824351273000336,0.010653241241500183
1205.5,56.26813003135244,0.0001837072290140419,0.010405831940007736
1206.0,57.14755817403839,0.00020214824193846024,0.011411607515384543
1206.5,58.89807470925476,0.00021492106704326888,0.012108239370798059
1207.0,59.36465450298133,0.00021226325769494147,0.01196328203905367
1207.5,58.60239452773269,0.00018674832462246634,0.010571693842712372
1208.0,58.19576472756612,0.00016513892059231457,0.00939311340852146
1208.5,58.29685930217985,0.00015378233413405946,0.008773723458601244
1209.0,58.74777229694785,0.00016073929486350126,0.00915315752827468
1209.5,58.146736126006914,0.00019201014257158166,0.010858673999463223
1210.0,56.20764951597809,0.00020592138283022994,0.011617395337262717
1210.5,54.31915275805759,0.00019922551073057714,0.011252201391404884
1211.0,53.98524950429269,0.00019596689660956616,0.011074475789738322
1211.5,55.76095632320287,0.00020300568719002472,0.011458372643586456
1212.0,60.26942853653332,0.00021249359457519066,0.011975844466155452
1212.5,60.932391349567084,0.00021371404109999997,0.012042407716385279
1213.0,60.102806330606654,0.00020174562640091915,0.011389648796323582
1213.5,61.693111999818015,0.00019216166901245914,0.01086693815623141
1214.0,61.92879778503616,0.0001690556685080636,0.009606733567340452
1214.5,60.023617663297095,0.00013713765939557984,0.007865920710962811
1215.0,58.86887943187276,0.00012327854078303575,0.007110042243288934
1215.5,56.00884707268931,0.00014858736691440955,0.008490388999251398
1216.0,56.23422831014261,0.00021251958620534126,0.011977262288861498
1216.5,60.27140264315503,0.00022907179600932276,0.012880022107212948
1217.0,64.00585688509653,0.0002063642700221535,0.011641550152359488
1217.5,65.71497526877673,0.00018213171771306878,0.010319903359860137
1218.0,63.91872052466634,0.00016064528394527255,0.009148029884134927
1218.5,64.2461461536935,0.0001617631277064181,0.009208997254298338
1219.0,65.3371871786268,0.00017495502517172074,0.00992848531858038
1219.5,63.77093355450224,0.0001793394113284363,0.010167610413080584
1220.0,61.646615731824525,0.00018699837545133676,0.010585331371825005
1220.5,62.854012416869374,0.00020949281790857177,0.011812181662433469
1221.0,60.74884337340804,0.000213337736773862,0.012021884306598604
1221.5,57.98846503495822,0.00018286357572395588,0.010359818907530268
1222.0,56.818987860926384,0.00015510442288696144,0.00884583050060978
1222.5,56.25560658350898,0.00015301348436385666,0.008731790479257113
1223.0,57.0070001572687,0.0001736930678706647,0.00985965811358757
1223.5,57.80498370053734,0.0001750761645941213,0.009935092334329959
1224.0,58.50310976214436,0.0001687242265794837,0.009588656753838779
1224.5,57.896198046154844,0.00017149255557008278,0.009739641848529433
1225.0,53.968640279741535,0.00019380099983929572,0.010956347795659736
1225.5,53.77102718251534,0.00020884670171568258,0.011776942807009206
1226.0,57.043352048731016,0.00020611039683800426,0.0116277040461652
1226.5,57.67221100958167,0.00018263210076764502,0.01034719419704911
1227.0,58.476271649935825,0.00016740098356557187,0.00951648709901974
1227.5,62.86630191480006,0.00017739743752848012,0.010061695047275537
1228.0,65.3478245044728,0.00020009208884070828,0.011299464562934933
1228.5,65.59683495847177,0.00021821792134136343,0.012288050157915353
1229.0,65.33355521909901,0.00021069465695100435,0.011877730033637334
1229.5,65.21354838433601,0.00020662082869960132,0.011655543205822608
1230.0,64.71576112295409,0.0002031317249712761,0.011465246987704555
1230.5,64.47123705980152,0.0001853646703958365,0.010496228804433225
1231.0,65.90933922129496,0.0001773803842550269,0.010060764629100178
1231.5,66.99900482627108,0.00018039831452784468,0.010225363096077461
1232.0,67.38006257593338,0.00018663723115479262,0.010565634668173533
1232.5,69.89248503669789,0.00018922988044985873,0.010707038075211861
1233.0,71.4767439580222,0.00019454675129031282,0.010997020885378404
1233.5,71.48720176898674,0.00019674085634137681,0.01111668789970968
1234.0,70.59534541523743,0.00019250482067929847,0.01088565375502795
1234.5,68.89024720048845,0.00018696961905155502,0.010583762942540851
1235.0,65.36153883415659,0.00018915217875762984,0.010702800405296213
1235.5,60.04707466279363,0.00019116281307858017,0.010812460646729168
1236.0,57.04191426440984,0.0001918484159844435,0.010849853354646987
1236.5,54.05783356146491,0.00019053466817773774,0.010778201445501687
1237.0,52.72340752148992,0.00019725479678171063,0.011144718324980025
1237.5,53.417310985540595,0.00019528609378938934,0.011037344638133205
1238.0,56.14054248322187,0.00018971200884124471,0.010733333525488643
1238.5,61.420410483618284,0.00018740185889051442,0.010607337537462583
1239.0,63.664701086009096,0.0001813143053270645,0.010275321450275245
1239.5,63.34926916837845,0.00016908807396748897,0.009608500832947635
1240.0,62.561486145995445,0.00016552499872481559,0.009414170167245169
1240.5,59.3115371136313,0.00017135554402531014,0.009732169272081228
1241.0,58.51863342722113,0.00017946674340287353,0.010174555134523313
1241.5,60.40231312170845,0.00017764067162597257,0.010074961068691407
1242.0,60.71885874526622,0.0001688582535363921,0.009595966452071093
1242.5,60.4981063511559,0.00018304179020252283,0.010369538944927604
1243.0,60.72066019109543,0.00019281113682441745,0.010902360601223928
1243.5,61.488878632381486,0.00019253753076398607,0.01088743788832945
1244.0,61.05705915764099,0.00017627962683069217,0.010000729393656274
1244.5,58.20497577950862,0.0001654751665229082,0.009411452308499726
1245.0,54.92349563276601,0.0001675221903690839,0.009523097297793959
1245.5,53.15974325611882,0.00018942172279348465,0.010717501316991996
1246.0,53.06322643085725,0.0002144382493374354,0.012081906149290327
1246.5,53.00444347527299,0.00021088477728761014,0.011888099308334728
1247.0,52.80947437614333,0.00015505177052303415,0.008842958693086045
1247.5,54.386013780948275,9.40068453603898e-05,0.005513559226525347
1248.0,57.51715351873665,7.994376124907788e-05,0.004746556684414888
1248.5,60.43290999679789,0.00011286713596018918,0.006542202629080458
1249.0,61.65133790177448,0.00015921424316350346,0.009069980714258755
1249.5,62.97568695995918,0.00017605615412121818,0.00998854083912934
1250.0,64.05055075433168,0.00017831137996435643,0.01011154171138614
1250.5,62.112248144076425,0.00018161838576041047,0.010291905922957544
1251.0,60.1794053699767,0.00018325622964406653,0.010381234249661687
1251.5,58.30381476096144,0.00018064480949704924,0.010238807104763931
1252.0,57.71318893713572,0.0001795021087535387,0.010176484022027477
1252.5,58.80037896720815,0.00018334580102585937,0.010386119606980042
1253.0,60.285849273796465,0.00018555645308695006,0.010506688893582562
1253.5,62.83342320035373,0.00018002367039204864,0.010204930168996689
1254.0,66.4993102992142,0.0001719562980738181,0.009764934329407643
1254.5,66.35635293983042,0.0001706646066711353,0.009694485144223337
1255.0,65.93974950707751,0.0001838286244708972,0.010412452740412045
1255.5,66.54476737605393,0.00018203606242165091,0.010314686412665364
1256.0,67.09465622180879,0.0001688270317973899,0.009594263537308328
1256.5,68.27243223360615,0.00015559483919708568,0.008872577994131348
1257.0,67.87356213220998,0.00015855882161410707,0.009034234090219462
1257.5,61.2955133585574,0.0001712764649662118,0.009727856207099813
1258.0,52.71796544324278,0.00018552120327880675,0.01050476627288364
1258.5,47.14749661053923,0.00020474426769720872,0.01155319524606539
1259.0,44.88738711794877,0.00022126918336410218,0.012454466356923056
1259.5,45.76457907614892,0.00022416496640126224,0.012612402877182858
1260.0,49.81521543860985,0.0002273551394591719,0.012786395666139068
1260.5,56.143192992256665,0.0001981026596940333,0.011190960746136371
1261.0,62.388142559061166,0.00013736276034514172,0.007878197480861734
1261.5,63.20397353494287,0.00010830994771946836,0.00629365297260785
1262.0,61.16875165818542,9.81348036847634e-05,0.005738698907763318
1262.5,60.708323558652296,0.00014866954928393798,0.008494871561051073
1263.0,61.24480667231194,0.0001834304600063317,0.010390736887428543
1263.5,62.731082598460524,0.0001975626403546932,0.011161508201639355
1264.0,67.00085727113162,0.0002043756581454851,0.011533091016311819
1264.5,71.01398103235395,0.00020440447505326129,0.01153466254022019
1265.0,70.5066461431361,0.0001975025494669867,0.011158230661956356
1265.5,70.59069319646,0.00017316149782735106,0.009830666142848417
1266.0,68.07879370044739,0.0001459692068835454,0.008347594686538829
1266.5,65.05769301832495,0.00013216765075131043,0.007594855562670241
1267.0,64.64116329802658,0.0001669657241194118,0.009492747590233577
1267.5,65.97858292007984,0.00019798657556252487,0.011184629443113568
1268.0,64.5277515658154,0.00021953059381335882,0.012359643334479333
1268.5,62.69171369133258,0.00022293935632866562,0.012545558246814938
1269.0,60.167522565691776,0.00020772712885543557,0.011715880735214113
1269.5,58.29776405199735,0.0001791089115535389,0.010155038966391923
1270.0,55.068203232186484,0.0001523182330164704,0.00869387116017276
1270.5,52.51731721033352,0.00015907720734377568,0.009062506942636304
1271.0,53.698499313930135,0.0001725067612922677,0.009794956531828417
1271.5,54.14957320554399,0.00017966033119501615,0.010185113311879244
1272.0,53.5337797497515,0.0001678082135606363,0.009538697265606369
1272.5,54.142932999164266,0.00018284012213751771,0.010358539975901939
1273.0,52.144469268781016,0.00020547913052050467,0.01159327461797796
1273.5,48.307098139150646,0.00020653473175399727,0.01165084738643552
1274.0,46.25784075615673,0.00017751082803123041,0.01006787912929795
1274.5,48.26944316472712,0.00015352585857194076,0.008759735279582171
1275.0,50.04157946660319,0.00015398425320681055,0.008784736582323201
1275.5,53.37017682932177,0.00019476033293717564,0.011008670045320745
1276.0,57.29321263068666,0.00021061369774131192,0.01187331478738576
1276.5,60.76831720704041,0.00020257376444490424,0.01143481579266222
1277.0,65.09723360701639,0.00019172022319044555,0.01084286179893519
1277.5,65.86917766579369,0.0001893987146011283,0.010716246431672046
1278.0,63.312086940538265,0.0001858684188225635,0.010523703514173737
1278.5,60.612619144724725,0.00017885991193655027,0.010141458702486505
1279.0,59.51524322830726,0.00016543906524633175,0.009409483441281013
1279.5,58.76291593549497,0.00017655896554574858,0.010015964228584513
1280.0,59.27911976344879,0.00020080609105122067,0.011338406462256171
1280.5,61.31982036349339,0.0002136305474966906,0.012037854292524297
1281.0,63.74028940010332,0.00020060372654775668,0.011327369315628692
1281.5,66.52565801592142,0.00018223947153250266,0.01032578012046046
1282.0,63.759521393642835,0.00018400276209168726,0.010421950155745733
1282.5,58.026331505782906,0.00019330441924892954,0.010929264300163
1283.0,53.42752131611715,0.00019639034227302325,0.011097570964486532
1283.5,51.17040749421702,0.0001852608115374952,0.010490564744232605
1284.0,55.72903565819146,0.00017440302803812716,0.009898379429460242
1284.5,57.540757053534925,0.00018178736844906194,0.010301122396475097
1285.0,54.23759185719457,0.00020048914337240275,0.011321120203266543
1285.5,53.39933724867554,0.00020752887944017003,0.01170506829250107
1286.0,54.277784846571265,0.0001975759275158951,0.011162232540156889
1286.5,55.497403987163786,0.0001903854693459659,0.010770064232640595
1287.0,57.407409507663026,0.0001853002548356317,0.010492715715976984
1287.5,57.264995647036194,0.00018964817152732853,0.01072985177324864
1288.0,56.126753156466755,0.00020270344510623278,0.011441888448614167
1288.5,54.025818144751234,0.0002155012397370101,0.012139882184031692
1289.0,53.42661277482146,0.00021312437795902633,0.01201024788466745
1289.5,55.70205216423322,0.00019593707062025802,0.011072849484963641
1290.0,58.73265533085415,0.00019198506542548584,0.010857306487820942
1290.5,64.55795976050767,0.0002144772623462032,0.012084033883590157
1291.0,64.94977068482925,0.00022377166398707756,0.012590952482633873
1291.5,61.837161435802145,0.00022296470230646835,0.012546940272134542
1292.0,58.04715181597353,0.00019795877626657712,0.011183113371904937
1292.5,55.02999602304512,0.00017594425316193866,0.009982438056075084
1293.0,52.615211840286634,0.00014333779970094687,0.008204076982966699
1293.5,53.1238084007283,0.00016028015485511842,0.00912811566697977
1294.0,56.167767617076656,0.00020341669502902564,0.011480789158081315
1294.5,62.1809560649682,0.0001963581708990217,0.011095816316730497
1295.0,65.48957190069638,0.00019352153806943516,0.010941105768002345
1295.5,67.13107092906216,0.00018557579619114318,0.010507743697232789
1296.0,66.91440663295629,0.000193081405278069,0.010917100678826465
1296.5,61.82269390742069,0.00017990488443489182,0.010198451400920959
1297.0,58.47769808504868,0.0001666074734039202,0.009473208492254828
1297.5,58.787424956308364,0.00018040347503364365,0.010225644452149466
1298.0,58.53861123979895,0.0001782094030427757,0.010105979888596503
1298.5,60.75868415632663,0.00017421988678405058,0.009888391027211623
1299.0,61.01202301772032,0.0001774492157922799,0.010064519089971777
1299.5,59.78028311762063,0.0001704497817750696,0.009682768677305534
1300.0,58.98821562481061,0.00017031432686115218,0.009675380892801781
1300.5,55.20323967243209,0.00018706256796190195,0.010588832624457265
1301.0,51.479173735837136,0.00017611584954471297,0.009991796860875281
1301.5,51.06230780214772,0.00017307695377787242,0.009826054912523974
1302.0,52.33130094072379,0.00018972642674947162,0.010734119531092942
1302.5,53.90846318148877,0.00019136224683969478,0.010823337739786266
1303.0,54.61762886731174,0.0001826777742088764,0.010349685203390269
1303.5,55.19046957638368,0.0001654523106407607,0.00941020569512199
1304.0,54.90606963259047,0.00014628683810103722,0.008364918027891792
1304.5,56.50604608915669,0.00015682355268616054,0.008939592269817092
1305.0,57.508141809320975,0.00016738993719659119,0.009515884639191752
1305.5,57.56526171845426,0.00016418355789312822,0.009341007949000356
1306.0,57.130769483516794,0.00016310500348386408,0.009282183413614021
1306.5,56.21153945240433,0.00016989159055199297,0.009652324958991357
1307.0,56.16096485423588,0.00017728876222923475,0.01005576770697668
1307.5,57.60700916007885,0.00018855839953937635,0.01067041539305245
1308.0,59.55220244908158,0.00019228830594292457,0.01087384514523067
1308.5,60.825588352192575,0.00018924107592723744,0.01070764888369975
1309.0,61.97845206709362,0.00019007571078943526,0.010753169553010174
1309.5,63.15846302159486,0.0002026326503578385,0.011438027260044076
1310.0,63.73387229001374,0.00020605001899377595,0.01162441108831055
1310.5,64.26904729815311,0.0001938704491455784,0.010960135197826404
1311.0,64.11294296961107,0.00018704016740011647,0.010587610770670273
1311.5,63.92842928733384,0.00018376125739859257,0.010408778555543388
1312.0,64.25371611871864,0.00018879127167437264,0.010683116391658334
1312.5,64.21655079442336,0.00019821565816445985,0.011197123683674714
1313.0,63.07318396839397,0.00020070335483755747,0.011332802978442934
1313.5,64.80531996864406,0.00017760664171186954,0.010073104948758562
1314.0,65.4869033786727,0.00014788197526221738,0.008451917326970074
1314.5,63.52291438806572,0.00015828582852332187,0.009019345009921936
1315.0,62.269573737256806,0.0001730210795281318,0.009823007475309013
1315.5,60.91667997471935,0.00017538772873348306,0.009952084882561794
1316.0,59.06546392517805,0.00017445637401819114,0.00990128875634655
1316.5,55.2741846812663,0.000176286024391561,0.010001078187011191
1317.0,53.184872003430776,0.00017938593438291284,0.010170148092152857
1317.5,53.01988051085078,0.00018734466757071492,0.010604218408410209
1318.0,52.69224078618624,0.00019374279261859085,0.010953172987086788
1318.5,51.433115554838416,0.00018648800068661334,0.010557495717706863
1319.0,51.41243534010978,0.0001615434497109067,0.00919701581343769
1319.5,53.08727822692625,0.00014738485021570404,0.0084248038437975
1320.0,53.38764768177307,0.00016663096658865265,0.009474490058534166
1320.5,53.813561376385834,0.0002071013070958081,0.011681748347372642
1321.0,54.52971961787066,0.00023475510906463684,0.013189990887490387
1321.5,55.191609660252304,0.00024267364245342864,0.013621869286739998
1322.0,55.030803941525875,0.00023155643838257685,0.013015535195596636
1322.5,56.47355562225426,0.0002096960603642799,0.011823266683587293
1323.0,56.64496427247737,0.00018472892925194037,0.010461555619514869
1323.5,58.69024877373755,0.00016097555051139943,0.0091660426652357
1324.0,60.17844888323682,0.00015678584340770798,0.008937535232827845
1324.5,59.80399424434026,0.00017130508803306132,0.009729416959844708
1325.0,58.59377742719139,0.00018297625441336622,0.010365964291981925
1325.5,58.044328915465655,0.00018135190178226847,0.010277371996409082
1326.0,56.37717407644017,0.00018621670280360132,0.010542699048542208
1326.5,53.988975430492815,0.00020684907927915962,0.011667991928553742
1327.0,52.82878010879931,0.00021450066284282174,0.012085310553121986
1327.5,51.19542043815286,0.0002060858401865386,0.011626364773417275
1328.0,51.34752165100932,0.00020383173838043475,0.011503425534472048
1328.5,51.889598454431166,0.00020671827839597733,0.011660858205575109
1329.0,53.65989028540368,0.00020736411953753203,0.0116960823022684
1329.5,57.56652116318741,0.00019932011189999958,0.011257360815108265
1330.0,62.37312944273275,0.0001807770953556413,0.010246022222579015
1330.5,63.31401431845028,0.00018580214183311556,0.010520088783217814
1331.0,62.27176279183125,0.00019202627624455575,0.010859553935786205
1331.5,63.287753421829265,0.00020053696235361164,0.01132372799238643
1332.0,61.96065337818674,0.0001979273115555019,0.011181397153252134
1332.5,57.61295058829707,0.000199911408801749,0.011289610510703858
1333.0,56.82303070345968,0.0002038294274971167,0.01150329951140855
1333.5,58.6731400559447,0.0001923747789403636,0.010878561025691031
1334.0,60.02512828242146,0.00019050733200979536,0.010776710579961655
1334.5,62.40922085635062,0.0001978811806843836,0.01117888135432548
1335.0,68.27447913081528,0.00020027740867301644,0.011309572223849727
1335.5,68.92129406980004,0.00019266475285886073,0.010894376575229117
1336.0,67.37871016349628,0.0001811566290811781,0.010266721705388502
1336.5,64.90867761482386,0.00017544763331776904,0.009955352048596868
1337.0,58.33130387901127,0.0001820736933874369,0.010316738630765194
1337.5,53.9834896160464,0.00019665743231252645,0.011112137610465861
1338.0,52.22152428740096,0.00020891485743522608,0.011780659733823562
1338.5,53.101603388904955,0.000213041265229562,0.012005714690024913
1339.0,55.123701485819595,0.00020490311945218785,0.011561859017907355
1339.5,58.38343908361447,0.00018775161190059082,0.010626413040217645
1340.0,62.86432043409745,0.0001727619493433768,0.009808874757768716
1340.5,63.68665085368806,0.0001740633131742767,0.009879851228116803
1341.0,61.42306120369711,0.0001851388872236001,0.010483914679958468
1341.5,58.08204214395211,0.00019258527824677556,0.010890041862717824
1342.0,55.81024024168982,0.00019579535114734017,0.011065120066533022
1342.5,55.43268608822768,0.00020317978887420397,0.011467868030683047
1343.0,55.844590803532334,0.00020790283230339568,0.011725463575772192
1343.5,57.79255053786224,0.00019837805428117873,0.01120598112698209
1344.0,61.69712328869158,0.00018647402376401485,0.010556733260264262
1344.5,63.81529233100145,0.00018861539843446242,0.010673524345213547
1345.0,63.753962783189614,0.00018688826865474468,0.010579326384778053
1345.5,62.58286745698512,0.00019447358354324792,0.010993030574922196
1346.0,62.24285680452761,0.00018878499796385495,0.010682774303576182
1346.5,61.47275002400523,0.00017759402880326904,0.010072416907383221
1347.0,61.944213581381284,0.00019367369006956874,0.010949404194365958
1347.5,62.351084006017864,0.00019234337100217872,0.010876848436911175
1348.0,61.39000598156286,0.0001558450157868402,0.008886222823788393
1348.5,58.168200967580916,0.00013035647174976752,0.007496073405464838
1349.0,56.37069170051315,0.0001326703978657859,0.007622275220935571
1349.5,55.04763607490189,0.00018555284705806813,0.010506492317743246
1350.0,55.278771944627906,0.00020529860737063187,0.011583428788784648
1350.5,57.926768984426836,0.00020111779143133513,0.011355406885473044
1351.0,59.439517742955665,0.00017762463190899774,0.010074085970000025
1351.5,58.69695456145548,0.00015668247227269656,0.008931897434352859
1352.0,54.889048979473465,0.00015644058341789457,0.008918704937244292
1352.5,51.83899930226157,0.0001880700063761441,0.010643778496917403
1353.0,53.83349233553575,0.00019476989370169966,0.011009191159162511
1353.5,58.98708003744718,0.0001895327183436659,0.010723554620042918
1354.0,61.216739921133424,0.0001892419613281506,0.010707696900797873
1354.5,57.92776077067234,0.00017389324884585733,0.009870576101812412
1355.0,57.83586596138876,0.00016457673066540434,0.009362451396640766
1355.5,57.05738306494377,0.00016412127067909755,0.009337610496858214
1356.0,54.657628943783536,0.0001552546742444211,0.008854024921284856
1356.5,53.275703298775746,0.0001513992949865721,0.008643752418127974
1357.0,53.7571914383886,0.0001594038993672983,0.009080324748815151
1357.5,55.495078948522846,0.00018678277808551703,0.010573573054820052
1358.0,56.96373102823856,0.00019796036963408385,0.011183200323775679
1358.5,58.64461472787872,0.00019298899917242744,0.010912060780801898
1359.0,57.98770760944904,0.00019424628235939972,0.010980633529818326
1359.5,57.456145794801515,0.00020236799198963313,0.011423592733116137
1360.0,57.756725879122264,0.00020276584223904024,0.01144529144511256
1360.5,58.72049068836634,0.00020022332871343537,0.011306622499707115
1361.0,59.88122078012304,0.0001913640911910354,0.010823438265931084
1361.5,60.871929066080746,0.00018648930478919225,0.010557566448845764
1362.0,57.99767260354591,0.0001903052206882082,0.010765687085060852
1362.5,55.087717208462905,0.00019958551285570187,0.011271835825371846
1363.0,52.78769252166797,0.00020125156277859405,0.011362702744569787
1363.5,54.99932323552203,0.0001906525890574925,0.010784632812045846
1364.0,58.72756166437935,0.00017852162643179772,0.010123008118680029
1364.5,61.107193945828975,0.00017910552173504724,0.010154854243756558
1365.0,60.61572456278845,0.0001897993411145624,0.010738096898992917
1365.5,60.58083563615293,0.00020575983961115916,0.011608584644226016
1366.0,59.311251994674976,0.00021963639791227442,0.012365414436247498
1366.5,56.089184050423704,0.0002208067206489864,0.012429243790314442
1367.0,58.775900794011186,0.0002077296632256908,0.011716018849802562
1367.5,62.75902975560348,0.00018051248563386322,0.01023159017772999
1368.0,63.766906964328584,0.00015096779791732353,0.008620218540956091
1368.5,65.09686873925202,0.00014683689592754438,0.008394918477577345
1369.0,65.0789337623693,0.00017358430525845725,0.009853725821439476
1369.5,62.91559293405856,0.00020291283874413553,0.011453308407127837
1370.0,61.99357404954962,0.00021746123504053937,0.012246780510810748
1370.5,61.64851266474773,0.00022804912451591028,0.012824245518735646
1371.0,61.19289912372101,0.0002170088485422346,0.01222210702711825
1371.5,61.343333497592624,0.0002043301009262408,0.011530606569058013
1372.0,64.14149630242837,0.0001951165716925265,0.011028099146479602
1372.5,68.42486502120906,0.000191220365063563,0.010815599675526522
1373.0,70.89587448853904,0.00019561784946550183,0.011055438918148445
1373.5,71.70490908595337,0.0001972569115424928,0.01114483350905208
1374.0,70.68269654524285,0.00018322001813826695,0.01037925948419721
1374.5,68.76788088624906,0.00016376531309484718,0.00931819662133087
1375.0,67.91661442212511,0.00017572836264011815,0.009970663257461803
1375.5,67.29931927495807,0.00020878524192486774,0.011773590613143781
1376.0,67.49580614933531,0.00020917789483368247,0.011795005765777699
1376.5,66.2061126517552,0.00017982697335697446,0.010194201897063436
1377.0,63.6994177622502,0.00015596128438930497,0.008892564015862012
1377.5,64.68875028169836,0.00016016412563827644,0.00912178773516958
1378.0,64.44871769705044,0.0001852840621955545,0.010491832519564107
1378.5,63.38196986023972,0.00022780780176665777,0.012811083954202837
1379.0,63.562457801837034,0.00024089613971852965,0.013524923851150122
1379.5,63.92728181569481,0.0002386006048114351,0.013399724954496404
1380.0,62.51237286104685,0.00022174393061545714,0.012480359279506394
1380.5,62.30324012192071,0.00019826381802184303,0.011199750533737451
1381.0,63.745208317924636,0.0001867047718172634,0.010569318348509391
1381.5,62.462285787830716,0.00018106518408930676,0.010261734532376991
1382.0,61.78454060624031,0.0001754007374301518,0.009952794623470072
1382.5,65.53340224421756,0.0001902886129901939,0.010764781664648174
1383.0,66.96786455761558,0.00019893496147619497,0.01123635484656587
1383.5,69.19559111477663,0.00020392295065495232,0.01150840022681606
1384.0,68.72813366261674,0.00019278856886380464,0.010901129495322822
1384.5,64.65339511265472,0.00018298589942196552,0.010366490282690414
1385.0,60.200577793026206,0.0001869095124537038,0.010580484781693942
1385.5,55.97136565715175,0.00020190868157008056,0.011398541959652331
1386.0,53.8471963511095,0.00021263028239467806,0.011983299771745502
1386.5,53.30784116774352,0.00020233523024552625,0.011421806078230585
1387.0,56.92077659294311,0.00020134285878429435,0.01136768209761432
1387.5,58.492619776585045,0.00021708934247478105,0.012226497091002186
1388.0,59.99315136530792,0.0002267142381299189,0.012751440767057568
1388.5,60.53426975524352,0.0002169869042057657,0.012220910575487094
1389.0,56.732659662126814,0.00019240724070695544,0.010880332047325891
1389.5,56.20786394142652,0.00017537124021822385,0.00995118572454391
1390.0,57.4650236204025,0.00017984095676348876,0.010194964810052666
1390.5,62.59426445345783,0.0001971445736309876,0.011138706782233627
1391.0,65.81586262277553,0.00019565390508337303,0.011057405369125157
1391.5,66.44789095244217,0.00017790542587043634,0.010089400571413845
1392.0,65.69604606035662,0.0001883960865961779,0.01066156319873874
1392.5,62.76321499012585,0.00019697260424881639,0.011129327617200244
1393.0,56.06782322578849,0.00019800219806672225,0.01118548193109883
1393.5,49.142972303809316,0.00020411609104690464,0.011518934320148028
1394.0,45.83417619455547,0.00021948904230583715,0.012357377498915577
1394.5,47.513631247278184,0.00022492127065705387,0.012653652087247438
1395.0,51.9174925099858,0.0002251954984331482,0.012668608403673641
1395.5,56.97910014050803,0.00020265853594001596,0.01143943877932061
1396.0,61.463376376229995,0.0001642540391785027,0.00934485205342497
1396.5,65.08260765995487,0.00015655126361488754,0.008924741185374152
1397.0,63.34106134315358,0.00017476512877906907,0.009918128448690746
1397.5,58.486176218726214,0.00018684975093578106,0.010577225428676597
1398.0,53.8024193403063,0.00018291513624088055,0.01036263115519207
1398.5,51.60405391366195,0.00018013525285403987,0.010211015842180707
1399.0,51.55373890966995,0.00019160140000665945,0.010836381204325446
1399.5,52.51406075168918,0.00019277338037466217,0.010900301141283784
1400.0,53.2531925264659,0.00019109987881476626,0.010809027918344176
1400.5,53.797336706644565,0.00017913973179015447,0.010156719919867684
1401.0,56.60798582048775,0.00017212653930454567,0.009774219429014443
1401.5,53.24569116734599,0.00017429634411221442,0.00989256089509769
1402.0,51.180612620752505,0.00017710960153417043,0.010045996278397714
1402.5,51.2745057392637,0.0001774917638085312,0.010066839309005987
1403.0,51.60196627717152,0.00017202250566716653,0.009768545062577655
1403.5,51.90832330830314,0.00016662095455694166,0.009473943772052514
1404.0,55.17513414550446,0.00016271602113977873,0.009260968190830316
1404.5,56.717174379413045,0.00017537342952744482,0.009951304988881539
1405.0,56.217204446293195,0.00019097018962370522,0.01080195465965633
1405.5,53.66909164112848,0.0001979543945381942,0.011182874138879964
1406.0,54.25300240707691,0.00019830237942861537,0.0112018538384
1406.5,56.055951416031135,0.00019090612022702762,0.010798460628634222
1407.0,56.20151549387304,0.00018657724331244802,0.010562363021082814
1407.5,56.050905726282075,0.00019184971766410172,0.01084992460743585
1408.0,56.529929374999966,0.00019529630869999975,0.011037901954615372
1408.5,58.6597286826441,0.00019584053672568212,0.011067584232847321
1409.0,58.25498589538623,0.00019652484724839062,0.011104906510032193
1409.5,57.98303809673606,0.0002011939795249448,0.011359561762150479
1410.0,59.531087305345885,0.00020068931282589026,0.011332037491239193
1410.5,59.895859022077516,0.0001961623421683606,0.011085135727509516
1411.0,57.723932732131246,0.00018796327656960142,0.010637957228480587
1411.5,55.78721948715244,0.00018262131453820386,0.010346606217220177
1412.0,56.75153428258269,0.00018486517117228293,0.010468986358895292
1412.5,57.70520264096154,0.0001903732916400848,0.010769399925266524
1413.0,58.96492169129491,0.00019575115440716943,0.011062709536795928
1413.5,62.668159195783076,0.0001943860660662651,0.010988257237048197
1414.0,65.21729089926858,0.00019611948243528326,0.011082798053711145
1414.5,64.46315558127712,0.00020352568381585344,0.011486733289635974
1415.0,61.50592413060406,0.00020894075613275506,0.011782072157014661
1415.5,60.606546588628284,0.00020356378249031362,0.011488811592526163
1416.0,60.201164534552056,0.00017925693947480506,0.01016311253863055
1416.5,60.606553943579094,0.00014700358560474806,0.008404009502699865
1417.0,62.25780568054701,0.00012285326236436344,0.007086847304375893
1417.5,66.19908708916043,0.0001397802168006973,0.008010045971328563
1418.0,68.4639953705271,0.0002030498419925867,0.011460780986026571
1418.5,68.12924670194248,0.00022020326001882646,0.01239633079119085
1419.0,67.01094457595602,0.00021046340986551315,0.011865117812307108
1419.5,64.9514186388316,0.0001814433111517869,0.010282357315775266
1420.0,62.15201256647124,0.00016753801398601656,0.009523960149424207
1420.5,60.82944374565817,0.00018613563349031032,0.010538277268006373
1421.0,58.872533508225544,0.0002007248931611648,0.011333977791594632
1421.5,55.963879092433075,0.00019491527706616394,0.011017120596562879
1422.0,56.36375543898543,0.0001815512101368058,0.010288242184369231
1422.5,60.37517699562959,0.00017771029787726715,0.010078758362843542
1423.0,64.63405236816308,0.0001781616841055557,0.01010337706051176
1423.5,62.24183774235843,0.00018179711524974755,0.01030165411563376
1424.0,58.23345563995801,0.0001846656658235038,0.010458105416427324
1424.5,55.798099318540785,0.00019134792310615087,0.010822556429526089
1425.0,55.57719931899038,0.00020289556799422972,0.011452366556634556
1425.5,57.99321676866952,0.00020768268063513768,0.011713456575426572
1426.0,62.595374165396805,0.0002141273021361438,0.012064947085346717
1426.5,63.21150210977557,0.00022609957991987008,0.012717917004487085
1427.0,63.44577912878573,0.00023338443826200058,0.013115234319542889
1427.5,64.24083624594597,0.00021477040813081864,0.01210002237976686
1428.0,62.01677313191275,0.00021148164318086872,0.011920652706800204
1428.5,59.38452438066473,0.00021758981301702016,0.012253793018978854
1429.0,56.81052559909951,0.00020238417327963563,0.011424475021967135
1429.5,54.352454597271695,0.00021497049162812223,0.01211093493905564
1430.0,54.89946490570809,0.00022752160466962712,0.012795474899354701
1430.5,58.12951397371199,0.0001955801232273397,0.011053381412948825
1431.0,61.50666871531452,0.0001467711081506068,0.008391330138275768
1431.5,61.33777731109302,0.00012165972624413407,0.007021751436428441
1432.0,57.87226519326731,0.00011960459299502139,0.006909664424143181
1432.5,56.3910955136559,0.00016154733325346514,0.009197227980971003
1433.0,57.135895369047745,0.00019440190080238507,0.01098912093023832
1433.5,57.961558878757586,0.00019153096526272506,0.01083253971779557
1434.0,58.84024692806675,0.00017702928888796367,0.010041615948055731
1434.5,59.031213418746226,0.00017064947847954563,0.009693660433737258
1435.0,59.450268469689306,0.00019022199676430537,0.010761148416715256
1435.5,60.25423753261832,0.00018945517953258384,0.010719325755647918
1436.0,59.32195686509583,0.00017891487245899913,0.0101444558687228
1436.5,58.568054175767024,0.0001837414299076492,0.010407697119238815
1437.0,58.950832459167145,0.00019736396740948972,0.011150672359085255
1437.5,58.32691637023616,0.00019852252379544327,0.011213860131118475
1438.0,54.17928419928368,0.00018424031372373757,0.010434906469538265
1438.5,51.96767019686603,0.0001750135917961209,0.009931679520847843
1439.0,49.81733395719238,0.00018411756704653738,0.010428211747187173
1439.5,50.32183682831615,0.0001925258236369908,0.010886799398306307
1440.0,53.903557015763894,0.00019905573896842333,0.011242941982221246
1440.5,58.34875362059574,0.00018326629966314772,0.010381783746426888
1441.0,59.35051808073968,0.00016570448652534098,0.009423959784518682
1441.5,59.51958469410467,0.00016221847530523524,0.009233831837677125
1442.0,55.83056446748429,0.00016486576974318818,0.00937821551880797
1442.5,51.42039095787693,0.00018269890295651565,0.010350837424725975
1443.0,51.56373422746622,0.0001853985688924251,0.010498077829421608
1443.5,56.35514473965301,0.00018256778842525267,0.010343686682056333
1444.0,59.9470508650094,0.00017455951766029486,0.009906914398967088
1444.5,64.05261267341366,0.00017141818132715493,0.009735585276540825
1445.0,64.88461610203389,0.0001843382307914706,0.010440246525575524
1445.5,60.32107945049393,0.00019587217028062804,0.011069309793197573
1446.0,59.446454976105166,0.00019906288470962347,0.011243331664733455
1446.5,59.44594183266637,0.00019715877338626826,0.011139481049368174
1447.0,57.11807879967938,0.00019648024653494577,0.01110247439845015
1447.5,57.689352504220125,0.0001792123778764069,0.010160682148351441
1448.0,58.92795629163384,0.00016559288394801488,0.009417872702019693
1448.5,57.843077550458695,0.0001796670053622219,0.010185477356124335
1449.0,58.36067636663367,0.00019761208542327504,0.011164204843519121
1449.5,57.426070380063784,0.00020878738106646229,0.011773707111852974
1450.0,56.14858640384612,0.00021798666970384645,0.01227543750730771
1450.5,56.345469589316664,0.0002184859863208751,0.012302670378090788
1451.0,56.4931237746189,0.00020401652753341496,0.0115135040964177
1451.5,57.83632267848341,0.000183992839220712,0.010421408895732958
1452.0,59.61367893443069,0.00016879327437132493,0.00959242258540314
1452.5,61.21293464880679,0.00015568484454864723,0.008877486592016417
1453.0,60.94115787167967,0.0001634489034129578,0.009300939499894982
1453.5,57.92289343894484,0.00018552626928989338,0.01050504235519791
1454.0,56.64865807418166,0.00018476012418716103,0.010463256710330358
1454.5,56.54428832038994,0.00018436481077636059,0.010441696574225735
1455.0,56.21960584872382,0.000189715757092915,0.010733537875457728
1455.5,55.54158617363456,0.00018594194146192894,0.010527713504684047
1456.0,53.76227182273778,0.00017687683091859802,0.010033300955892945
1456.5,51.73792871482546,0.00016162553870440212,0.009201493208216652
1457.0,50.902739618963025,0.00014794328712824605,0.008455261222057591
1457.5,51.68915626826305,0.00015876591030986292,0.009045528477840957
1458.0,54.889258974660365,0.0001814359857746327,0.010281957926613858
1458.5,57.30337149367602,0.00018746605102727617,0.010610838907799304
1459.0,59.64153693864165,0.00017576562750152056,0.009972696064133852
1459.5,62.212779126264806,0.00015603541849577328,0.008896607304229535
1460.0,58.244264856895064,0.00015069026488051938,0.008605081819187262
1460.5,52.71347874166776,0.00015350854820909033,0.008758791163348455
1461.0,50.723143673188076,0.00016639554859307863,0.009461650365897745
1461.5,51.23164553446054,0.00017510365812765033,0.009936591897776379
1462.0,51.55442661610117,0.0001866483690583438,0.010566242023008378
1462.5,53.49247915284501,0.00019561507208902862,0.011055287263028736
1463.0,55.01119951668778,0.0001910733720315159,0.010807582517657316
1463.5,54.58613388126622,0.00017333512143139515,0.009840135286058241
1464.0,53.87356577736589,0.00015512255120284346,0.00884681924965545
1464.5,52.74034509359322,0.0001437344845451115,0.008225712073872111
1465.0,51.501508417308806,0.0001494886405919047,0.008539545015011127
1465.5,53.39356794176808,0.00016961406917286964,0.009637188779030319
1466.0,56.426120639005376,0.0001767135708321695,0.010024396646452763
1466.5,57.22600749739586,0.00017465995580954847,0.009912391984592008
1467.0,56.822746823970114,0.00016501145413083795,0.009386161321629298
1467.5,55.99664417427974,0.00016293333508342526,0.00927282075099052
1468.0,55.63853058121384,0.0001671042273271101,0.0095003015727688
1468.5,54.26625626394112,0.000173198720736436,0.009832696233183898
1469.0,51.60281563701763,0.0001844824032619723,0.010448110067004185
1469.5,50.35808828829631,0.0001985146221175141,0.011213429424456408
1470.0,50.987501596211516,0.00020314787240298298,0.01146612753699289
1470.5,52.31887869355707,0.00019242438285873534,0.010881266897493228
1471.0,53.09956263576759,0.00018411011808425095,0.010427805673228157
1471.5,57.41421206859388,0.00016720069086015714,0.00950556274058692
1472.0,60.85173124500878,0.00015177082168125582,0.008664015602635146
1472.5,61.604758720966814,0.00015187592292251726,0.008669747589258212
1473.0,58.398406191313946,0.00016941103662523633,0.009626115452391951
1473.5,53.54501857367382,0.000179998237309419,0.010203542863355841
1474.0,51.26230479581403,0.0001848599096606018,0.010468699393366091
1474.5,51.720008238802045,0.0001794151935406783,0.010171743381763349
1475.0,52.205045020043606,0.00017419738650272638,0.009887163491325757
1475.5,52.74058464058376,0.0001768350556757446,0.010031022551380478
1476.0,54.83397011722105,0.000183220417837919,0.010379280958457377
1476.5,55.12343342107506,0.0001808411096178332,0.010249513118626305
1477.0,54.39473857049616,0.00016570169631938296,0.009423807237044533
1477.5,54.881650990652844,0.0001543785578394952,0.008806241858877331
1478.0,54.57570041277686,0.00015063651052357553,0.008602149824018964
1478.5,55.75040826347693,0.0001536183409317017,0.008764779372843746
1479.0,57.671886154179376,0.0001757426650021801,0.009971443633476976
1479.5,57.543194449873084,0.00018720276742446762,0.010596479235558409
1480.0,56.72523179252508,0.0001829172808391999,0.010362747993246046
1480.5,56.79045391720618,0.00016704165327467477,0.009496888905645661
1481.0,57.995483102163504,0.00016150664171698376,0.009195008321606152
1481.5,58.787216311138856,0.00016451364669594837,0.009359010648672736
1482.0,57.945755951362806,0.00016957798269350049,0.009635220701691687
1482.5,58.35911897047278,0.00016607339472789914,0.009444079832199354
1483.0,59.155970779134954,0.0001574664479256604,0.008974655456321269
1483.5,60.43309716160975,0.000142941160222587,0.008182444323023997
1484.0,61.60381452678555,0.00014417821682142828,0.008249913621964271
1484.5,58.52967621829253,0.00016368013703899046,0.009313551006470886
1485.0,55.60064138009128,0.00017748221903533308,0.010066319059010835
1485.5,52.39037688157068,0.0001826647294092301,0.010348973544313834
1486.0,50.73783450467433,0.00017739883533011373,0.010061771175705404
1486.5,52.27937792431214,0.00017502362801146765,0.009932226937614665
1487.0,56.56281022592221,0.00018937519251511277,0.010714963187742291
1487.5,60.76203981993355,0.0001833449475276357,0.010386073154770145
1488.0,63.535815605316756,0.00016001048680377956,0.009113408181153054
1488.5,61.32828673700961,0.00015223049418693405,0.008689085875343684
1489.0,56.89722552575441,0.00015940706613274243,0.009080497469832092
1489.5,55.80997193307849,0.0001655134388606219,0.00941353974816922
1490.0,53.738822534744685,0.0001596142582020258,0.009091797861361418
1490.5,48.99475429258102,0.00016360482480225858,0.009309443610181524
1491.0,49.350045695456004,0.0001559509654398456,0.00889200111277706
1491.5,52.57244396798713,0.00014113239118325823,0.008083793933011426
1492.0,55.36288788070037,0.00013659062355148754,0.007836084917773867
1492.5,56.209714302439004,0.00013966249340127573,0.008003625123069414
1493.0,56.15818312650413,0.00013778378908866384,0.00790116035103864
1493.5,56.45749274617734,0.00012423903945098336,0.0071624277574773975
1494.0,57.247185866318446,0.00012329148122561752,0.007110747962460422
1494.5,56.544010198405346,0.00015365294336785763,0.008766666544568286
1495.0,53.636279701446554,0.0001788020241733866,0.010138301023183246
1495.5,53.040973282265774,0.0001842254176426124,0.010434093684467047
1496.0,54.72587018742974,0.0001819532409021856,0.010310168798217627
1496.5,58.45392747870511,0.00017357891294569294,0.009853432024432101
1497.0,59.828273921743225,0.00015727552996471457,0.008964243085373838
1497.5,57.946035528252374,0.00015434736686237565,0.008804540485493112
1498.0,55.787957183362195,0.0001606164968601034,0.009146459554274601
1498.5,53.047957894137625,0.00015556524627154998,0.008870963736850142
1499.0,53.78118295347265,0.00016715894683307596,0.00950328602590168
1499.5,56.91350238357686,0.0001756324448189326,0.009965431859275729
1500.0,57.996692383846856,0.00016353651971519667,0.009305718426641577
1500.5,57.916212986069645,0.00014567342630140252,0.008331462676433773
1501.0,57.69042197111164,0.00013605766918209282,0.00780701787603684
1501.5,56.06073718207877,0.00014286768009899296,0.008178436552979059
1502.0,49.58996407505097,0.00015852967597372616,0.009032644428897164
1502.5,45.83398369277139,0.00017204826592728928,0.009769950223019007
1503.0,47.33959656475569,0.00017349777092042873,0.009849006486077767
1503.5,50.379286184396264,0.0001592933714224355,0.00907429643009088
1504.0,53.74919540448677,0.0001555329247329211,0.008869200839789622
1504.5,56.0761857315104,0.00016631655386886346,0.009457341649414796
1505.0,56.82688944693882,0.00017623463393904822,0.009998275436251734
1505.5,56.631599497029285,0.0001823023507166354,0.010329209750438714
1506.0,55.408638437271435,0.00018572265173799266,0.010515753394339699
1506.5,53.97234956142116,0.00018937699799756173,0.010715062092484217
1507.0,53.43668549774283,0.000187351978363664,0.010604616877678587
1507.5,53.72609930135575,0.0001727460480937965,0.00980800737095381
1508.0,54.11591946862877,0.00016410169948840342,0.009336543535429408
1508.5,53.52253976994518,0.00016530873088878203,0.009402374763424431
1509.0,52.58697095741011,0.00017133621218056233,0.00973111479291777
1509.5,52.58195565813632,0.00017741793193053955,0.010062812768818026
1510.0,55.93935696575528,0.00017912545148520459,0.010155941180029542
1510.5,58.32623402056748,0.0001747390795318844,0.009916707881939098
1511.0,58.484432425575854,0.00016334383349527558,0.009295209264814308
1511.5,56.36813280070783,0.00015765952264703239,0.00898518589072977
1512.0,54.29036443881151,0.00016562915891106162,0.00941985118900627
1512.5,53.87410477869028,0.00017669763114631587,0.010023527515712167
1513.0,53.49740525336016,0.0001744620702266198,0.009901599706029518
1513.5,52.85377353604945,0.00015470428427496707,0.008824007033384122
1514.0,53.36763221808502,0.0001566506846930847,0.008930163583404234
1514.5,55.130147073382176,0.00015870418653943648,0.00904216193478033
1515.0,56.00215958791155,0.00015212680108771948,0.008683430332152083
1515.5,57.105526025716614,0.00014858551266694794,0.008490288285910634
1516.0,56.201190282085726,0.00015804108722192336,0.009005996714973168
1516.5,55.253486412514505,0.00017655035217082897,0.01001549456586225
1517.0,57.041040610291056,0.00018773520189133643,0.010625518142612044
1517.5,57.767768075558436,0.00018895425965985546,0.010692005840205871
1518.0,58.998961704484415,0.00017845491362182878,0.01011936978611348
1518.5,59.56862077314104,0.00015247397832753978,0.00870236588610773
1519.0,58.279666500164225,0.0001265476843955973,0.007288341741565889
1519.5,54.72505295328651,0.00010974877109126013,0.0063721261635664534
1520.0,50.2798004786792,0.00011781737015699581,0.006812189131849411
1520.5,47.609832627792066,0.00013948590435387934,0.007993994040446937
1521.0,49.10415326686494,0.0001467875832269463,0.008392228782123477
1521.5,50.52345888851118,0.00014585449186544624,0.008341337898531991
1522.0,52.65335644585026,0.00013386484832178853,0.007687421073188625
1522.5,53.6697875557204,0.00012684848842788545,0.007304747316182511
1523.0,52.09320598596235,0.00015029358429395883,0.008583446685319808
1523.5,50.046645947054586,0.00017252849473893713,0.009796142094853109
1524.0,49.37181300455161,0.00016632790353813789,0.009457961101054083
1524.5,49.91558213597159,0.00015518952034936838,0.008850471808394066
1525.0,50.35502235722888,0.0001530155248895291,0.008731901315014244
1525.5,52.28139706666817,0.00014495653790023996,0.008292363287359163
1526.0,54.253139767128175,0.00014304013781470874,0.00818784263731794
1526.5,55.01548488811324,0.00014739082647466064,0.008425129666157475
1527.0,56.71609707555586,0.00015338293354535292,0.008751939996117302
1527.5,59.54283530113139,0.00015796425371902994,0.009001806232182288
1528.0,60.921592583752755,0.00015963444649401006,0.009092898533421313
1528.5,59.54735232614567,0.00015804371620464381,0.009006139990530742
1529.0,57.77570914660194,0.00015004573748658248,0.008569929141520386
1529.5,58.179950455281976,0.0001407562609912765,0.008063279809149922
1530.0,57.075003052864076,0.0001322376091206602,0.00759867096304466
1530.5,55.906363531408,0.00012953824651083543,0.007451447346850512
1531.0,54.65838410223298,0.0001436143821480004,0.008219162095996137
1531.5,53.360738494272006,0.00015378227059087256,0.008773720109401875
1532.0,51.16104687072779,0.00015906671675035533,0.00906193464287396
1532.5,49.82855142433845,0.00015880475470327968,0.009047647286760647
1533.0,48.90316970385314,0.0001545354685403268,0.008814799695223925
1533.5,49.95618470286982,0.00015343064310605195,0.008754542105157347
1534.0,52.21874125057951,0.00015411666595462967,0.008791957956510986
1534.5,53.990626686566515,0.00014900833937599964,0.008513349080694154
1535.0,54.09902417276074,0.00014448441957970565,0.008266614119767007
1535.5,56.437331684058066,0.0001470305408902564,0.008405479591524117
1536.0,56.93107624624277,0.00014468289471044943,0.008277438745752447
1536.5,54.43385554669357,0.00015165111835113067,0.008657486588153905
1537.0,50.65849496515194,0.00015373717497092356,0.00877126055583105
1537.5,48.502664523555694,0.0001547866281881018,0.008828498045976617
1538.0,47.75000304955797,0.00015043635536854627,0.008591233520426332
1538.5,46.49698694739692,0.00014161961034622837,0.008110366854241676
1539.0,44.326762598079476,0.00014008679758147974,0.008026766845947145
1539.5,42.1225866590217,0.00014520083198794152,0.008305687227653312
1540.0,41.88778567608052,0.0001533543549718084,0.0087503813695973
1540.5,44.04245301399823,0.00014905422906807427,0.00851585181969546
1541.0,48.34816821018377,0.00014332474957386515,0.008203365250852817
1541.5,52.51102072836435,0.00014616642951371307,0.008358351126212176
1542.0,56.43778337097133,0.00015147734834322014,0.00864800952990565
1542.5,57.914590220088265,0.00016158309095166856,0.00919917810108637
1543.0,55.811850797355355,0.0001675613028183704,0.009525230474130965
1543.5,53.12688537772562,0.00015833969450667866,0.009022282681110943
1544.0,49.879217266419936,0.0001468525592885373,0.008395772497141588
1544.5,48.66736605580216,0.0001461338670075934,0.008356574899295777
1545.0,50.96172879049289,0.00015659361270375555,0.00892705124009388
1545.5,52.96551120452196,0.00016399960174769186,0.00933097482620962
1546.0,53.58758750903234,0.00016010822952108685,0.009118738611485046
1546.5,54.108784642436056,0.00015251399276188733,0.008704547940599282
1547.0,57.47653409284454,0.0001525998731479279,0.008709231705869751
1547.5,58.94470197981744,0.00015795684812482206,0.00900140217667793
1548.0,57.81494505105628,0.00015623274006760552,0.008907369224718305
1548.5,57.53789255654216,0.0001543644523285773,0.008805472144747912
1549.0,56.93757637690344,0.0001484313477084722,0.008481880000074134
1549.5,55.078916778202675,0.00013841312272169418,0.007935484211130026
1550.0,52.136067352839824,0.00013059759577175505,0.0075092246481465695
1550.5,50.74673169648847,0.00013267362167374903,0.007622451219468275
1551.0,50.512361284288616,0.0001579936617817769,0.00900341022469037
1551.5,49.993245254516324,0.00016880218035419405,0.009592908512197854
1552.0,50.63154958018871,0.00017089414260532747,0.009707003859370702
1552.5,50.99518454576598,0.0001560059630186853,0.00889500066303892
1553.0,51.5899536979473,0.0001289138664809137,0.00741739383862359
1553.5,54.99233843090407,0.00011062263475572804,0.0064197869271404
1554.0,54.69010027615029,9.16112648848375e-05,0.005382904073694679
1554.5,52.698046994106726,0.0001128642862917194,0.006542047402571707
1555.0,52.81251553147325,0.00015632323113558424,0.008912304310869748
1555.5,55.37459422469444,0.0001461139405642418,0.008355488235812076
1556.0,58.192874809184204,0.00013020793916089502,0.007487972598424329
1556.5,58.811304299683854,0.00012991529517750468,0.007472012004539895
1557.0,57.35171661425991,0.00013947016101603256,0.007993135344128677
1557.5,55.12317149810293,0.0001413285261616873,0.008094490844149097
1558.0,52.2824777324274,0.00013714839180838665,0.007866505983309562
1558.5,50.34300098260229,0.00013249410519408227,0.007612660272044931
1559.0,48.97824475418387,0.00012522251288898072,0.007216066412183735
1559.5,48.66117174046116,0.00011704651460977452,0.006770146633882935
1560.0,53.05140557729529,0.00011696299775678568,0.006765591281362243
1560.5,57.33416042487178,0.00012699315507739637,0.007312638056413178
1561.0,58.17589526336813,0.00013305218520558818,0.007643098072254056
1561.5,56.43707607271772,0.00013738957275626578,0.00787966012255188
1562.0,52.42933495014072,0.00014033631239149897,0.00804037533028607
1562.5,49.14580725574107,0.00014232209238746995,0.00814868025353345
1563.0,48.43434311976224,0.0001477013976061649,0.008442068381716388
1563.5,49.216328986223104,0.00015580886431064932,0.008884250981541433
1564.0,48.140531581763625,0.00016057967351883594,0.009144451362191797
1564.5,46.12513601102924,0.00016467581527573563,0.009367855970808843
1565.0,46.913160461300706,0.0001579694652393076,0.009002090048072479
1565.5,51.37190828949194,0.0001374197642283196,0.007881306505450738
1566.0,56.01431699462502,0.00012206332133012099,0.007043764022253897
1566.5,54.41473875099912,0.00011823644591622662,0.006835045593237525
1567.0,53.17303261838405,0.00013264395944836,0.007620833519127012
1567.5,54.75744291317975,0.00014876606872090117,0.008500135652801645
1568.0,55.50132720354895,0.00015689310403158764,0.008943385643883363
1568.5,52.64371243114231,0.00016027052598948838,0.009127590736716934
1569.0,49.95449360362829,0.00015965648362116703,0.009094100764576283
1569.5,44.945497109869244,0.0001569245120262263,0.00894509864097791
1570.0,42.69413117283021,0.00013918698854820566,0.00797769138838965
1570.5,45.63431340327035,0.00012254274146772135,0.007069911603806539
1571.0,49.230416854396374,0.00012114715210485348,0.0069937957299777
1571.5,50.63861904016736,0.00013370711106564767,0.007678818064362479
1572.0,50.32897054242986,0.00014216486363785507,0.008140104800434957
1572.5,51.06342800944122,0.00014709756859728184,0.008409135410554238
1573.0,50.1667761278323,0.00014938569644018133,0.00853393032851964
1573.5,47.43024319865484,0.00014340059063177625,0.008207501733029325
1574.0,45.52274569410859,0.00014623175836534343,0.008361913952671576
1574.5,44.478868124244755,0.00015568868206344372,0.008877696033519615
1575.0,43.79964061416419,0.00016113610185129458,0.009174799028744147
1575.5,44.23164109913144,0.00016192454460558912,0.009217800970279457
1576.0,46.88913620498931,0.00015449009853341284,0.008812324844231542
1576.5,48.23358300868596,0.00013257375173285178,0.007617004285135778
1577.0,46.959382114967,0.00012065852845731862,0.0069671462120585665
1577.5,45.3121156335236,0.00011901025502606805,0.006877248820246001
1578.0,43.676630299471164,0.00012599767649456252,0.007258343944078583
1578.5,42.29072908668811,0.00014291411345312686,0.008180969473034594
1579.0,43.84721511426096,0.00014908961360159633,0.008517781674954724
1579.5,48.53240873857637,0.0001477970931637934,0.008447287828865179
1580.0,52.56020182533919,0.000137808491737011,0.00790250786403334
1580.5,52.795777073287866,0.00013957251105573533,0.007998717463817764
1581.0,50.404355116182835,0.00014512796532290898,0.008301713184491268
1581.5,47.50402522395949,0.0001501105201115991,0.00857346248530668
1582.0,44.08216723045101,0.00013860120200397444,0.007945742508881082
1582.5,41.51525147537174,0.00011672017299090264,0.006752347559417286
1583.0,42.038681371098235,0.00010596562311341088,0.006165793046265922
1583.5,45.24495101085889,0.00011042489755855428,0.006409002345772063
1584.0,47.60275472210032,0.00013493791489361945,0.00774594623115528
1584.5,48.03514122032683,0.00015526426135848535,0.008854548216593988
1585.0,50.35504206420086,0.00016866385431636987,0.009585364003981762
1585.5,51.24876793501695,0.00017292920072966295,0.009817996802970092
1586.0,49.90114824300216,0.0001691241982304579,0.009610470948776675
1586.5,47.11559070473923,0.00014824847778982164,0.008471905962826855
1587.0,45.81326096615177,0.00013184674895386689,0.007577353739125025
1587.5,48.780477959309195,0.00014341836576456393,0.008208471203592931
1588.0,52.318221639047174,0.00015372888651266818,0.00877080850227554
1588.5,52.673694138528916,0.000149463487482085,0.008538173029810239
1589.0,52.97455021832578,0.00013398191462030574,0.007693805827969473
1589.5,53.71455354578936,0.00012212761615293535,0.007047270196700746
1590.0,51.84496665471609,0.0001258101464724129,0.007248116137777455
1590.5,49.71690010147348,0.00013258583962298627,0.007617663518675836
1591.0,51.573662454480605,0.00013076636879056752,0.007518429603510331
1591.5,52.798263381151244,0.00012690797223623154,0.0073079917582725175
1592.0,52.66870781759161,0.00012815214649311078,0.007375849473069972
1592.5,53.224460902433165,0.0001272421432557185,0.007326217710142421
1593.0,52.934466277404866,0.0001341962364419382,0.0077054951049469345
1593.5,51.936034807002244,0.00014201588477679355,0.008131979665849793
1594.0,50.899918267963656,0.0001432433637955172,0.008198926705356012
1594.5,49.35710981433729,0.00013397142716095974,0.007693233860800966
1595.0,45.88147323427005,0.00013020292811311194,0.007487699364712758
1595.5,43.14627711418033,0.00013278941939777255,0.007628766762651987
1596.0,41.67144790981524,0.00013431917515982933,0.007712200091011997
1596.5,42.91938510093783,0.00013489852795874386,0.0077437977904699536
1597.0,46.493206978505654,0.00013787072548559308,0.007905901998075164
1597.5,49.39186356506646,0.00013555481492896925,0.007779592000360156
1598.0,48.98435896485292,0.00013312795822141782,0.0076472309996669435
1598.5,48.96096856252825,0.00013570252918172198,0.007787648449502955
1599.0,49.804455755664335,0.00013162780902236577,0.007565412617986024
1599.5,48.63859991092855,0.00012638881062290258,0.007279676739207782
1600.0,45.80596561841539,0.0001272773479293283,0.007328137515479294
1600.5,43.79483171035081,0.00013454441418535892,0.0077244843887867235
1601.0,43.089934255309494,0.00014169031466853866,0.00811422310465773
1601.5,43.40318754293051,0.0001445706017621611,0.008271314568398656
1602.0,45.53566831311894,0.00013909578654568296,0.00797271685135015
1602.5,47.90946631365378,0.00012928995366099345,0.007437905584549769
1603.0,49.77775139242642,0.00012509572681522254,0.0072091515308374265
1603.5,53.19067752607591,0.00012515847966404727,0.007212574184620016
1604.0,55.6561322996745,0.00012925293018694093,0.007435886049429011
1604.5,57.389030521690245,0.00013136125576951587,0.007550874349944041
1605.0,57.44023381510169,0.00013074469960665266,0.007517247471349549
1605.5,53.57966452073386,0.0001326238717671995,0.007619737826171891
1606.0,51.778455739438606,0.00013207416676686742,0.007589756820873992
1606.5,51.093428178781096,0.00012319308711317544,0.007105381457476829
1607.0,50.77303834090201,0.00011558899301422028,0.006690652801929614
1607.5,49.18681771603188,0.00011927786342298074,0.006891844716191593
1608.0,47.98335606168278,0.000126718748604815,0.007297671656207113
1608.5,48.831096018064905,0.00013307229305533727,0.007644195020045728
1609.0,50.367402148650385,0.00013460146158300227,0.007727595783076363
1609.5,52.1808731409278,0.00013835850175415474,0.007932505199999978
1610.0,52.11650479072601,0.0001392822942993272,0.007982889159800308
1610.5,49.302134256441306,0.00012842286619397605,0.007390614340880034
1611.0,46.00584674664537,0.00011027028922576997,0.0064005700459747825
1611.5,45.56693074268018,0.00011205453634813375,0.006497883055888025
1612.0,47.216373694595156,0.00013627900866505633,0.007819089485526702
1612.5,47.630648478719664,0.0001339027236655906,0.007689486687208745
1613.0,46.784399855144244,0.00012337510399319907,0.00711530890076203
1613.5,47.14117594810468,0.0001279639412131766,0.007365584456967493
1614.0,48.36109249237883,0.00011477235295304665,0.00664611339160439
1614.5,48.86313579161647,9.630834041642781e-05,0.005639083377693642
1615.0,48.60050515207579,9.137155112129922e-05,0.005369830337370616
1615.5,48.00623879186731,9.1826960491817e-05,0.0053946678134957834
1616.0,49.67976903519865,9.8279162406659e-05,0.005746572087695567
1616.5,51.25414512484928,0.00010066157342454833,0.0058765091424969685
1617.0,50.79075202584216,0.0001014725505802086,0.005920740031112896
1617.5,49.56035515568613,0.00010484236041820037,0.0061045303041455745
1618.0,48.19121793775068,0.0001203767213453373,0.006951776465876475
1618.5,47.16512202781035,0.00013253682800491753,0.0076149907277048914
1619.0,46.28745129271035,0.00014052313063327238,0.008050564439087584
1619.5,45.78202226856293,0.00013342224570025488,0.007663281085237752
1620.0,46.07164364218842,0.00012626580772656876,0.007272968263555934
1620.5,46.81147029770949,0.00012676200890500964,0.007300031182769973
1621.0,47.063361590071125,0.0001322079664470239,0.007597054249243172
1621.5,44.06611954548772,0.00013968880484786265,0.008005060343468855
1622.0,41.85111081237288,0.00014501478198257302,0.00829554002090417
1622.5,42.38315313736934,0.0001233984516911221,0.007116582083224709
1623.0,44.34211264701159,0.00010038006913059616,0.005861155851843188
1623.5,45.54187056365166,0.00010102935220896968,0.005896568071286712
1624.0,45.64344960242002,0.0001189407251835595,0.006873457064295447
1624.5,45.017574664261694,0.0001350352471795985,0.007751254561161138
1625.0,42.58903673742421,0.0001452462952431812,0.008308166617489012
1625.5,41.108283038440746,0.0001518104857066094,0.008666178973414831
1626.0,42.28510028644426,0.0001459811364615798,0.0083482449882561
1626.5,44.675808645264645,0.00013249525258785444,0.007612722934555412
1627.0,46.391098684082536,0.00013023882853707377,0.007489657152610024
1627.5,48.491818051237445,0.00012677973659520656,0.007300997868694001
1628.0,50.34610976761688,0.00012204577902900405,0.007042807179530637
1628.5,50.267629138349285,0.00012334346183596714,0.007113582765753498
1629.0,48.68802081831043,0.00012372438911702262,0.007134358401538944
1629.5,46.310502644846956,0.00011469818604115247,0.006642068122388502
1630.0,43.677823924512836,0.00010765229299254569,0.0062577843268525205
1630.5,42.07915892132707,0.00010581172689974375,0.006157399188235512
1631.0,43.35232759210514,0.00010318727759167823,0.00601426159301419
1631.5,46.22542792497957,0.0001149726924050549,0.006657040069142208
1632.0,47.788538216213716,0.00012711309500489971,0.0073191792638105675
1632.5,47.11413218962038,0.00013468888899077148,0.007732364214424048
1633.0,45.579860905183736,0.00013828654133670037,0.007928580494123254
1633.5,43.99410481867729,0.0001356106835603197,0.00778263906569767
1634.0,42.299358318560664,0.0001292544151833362,0.007435967162585265
1634.5,40.4543440079547,0.00012565222647342332,0.0072395032836074305
1635.0,39.20292579072435,0.00012123472429474869,0.006998571941485229
1635.5,38.71204953130593,0.00011737037981645819,0.006787810110885523
1636.0,38.43757966906271,0.00011599485458906472,0.006712788952016491
1636.5,39.27649742334222,0.00011633691370681292,0.0067314445846224594
1637.0,42.69551330235282,0.00011488023254428699,0.006651997207640895
1637.5,46.78986321636576,0.00011203986403262792,0.0064970831509687885
1638.0,47.9551070836686,0.0001075326882911164,0.0062512608277775035
1638.5,46.76089549032851,0.00010263967009250826,0.0059843948197987095
1639.0,45.53625118910482,0.00010737629731004298,0.006242731563378735
1639.5,45.020887322671,0.00012323539988160116,0.007107689135391168
1640.0,45.93038093252756,0.0001343792236941181,0.007715474913966381
1640.5,47.115990080804686,0.00013944324108832427,0.00799166752156331
1641.0,48.71592931076385,0.0001394526488840727,0.00799218047606073
1641.5,48.64350927847332,0.00013403243655532994,0.00769656086954759
1642.0,47.925201986752,0.00012781208672190544,0.007357302478999568
1642.5,48.82266558777153,0.00012328701015106787,0.0071105040847102416
1643.0,50.15401094087569,0.00012035850937255522,0.006950783231974479
1643.5,51.87309107045757,0.00012492327574512894,0.007199745923851372
1644.0,52.00102807001605,0.00013142261300821143,0.007554220827787384
1644.5,51.29027535312458,0.00013719110896186402,0.007868835520041468
1645.0,49.480862972813945,0.00014141006159175317,0.008098937868427712
1645.5,46.72554780092553,0.00014037696239188239,0.008042592441636786
1646.0,46.20552928852114,0.000129395266497723,0.007443649030175697
1646.5,46.584221558840184,0.00012143141164310575,0.007009299242287514
1647.0,46.395760197257346,0.00011942489514508726,0.006899863539798062
1647.5,46.40676790400844,0.00011701057987922464,0.006768186392941543
1648.0,46.14749274753865,0.0001130021774324891,0.006549567939381134
1648.5,46.367299528480984,0.00011203878692766734,0.0064970241459312884
1649.0,47.49877955118551,0.00011571788664645389,0.006697682700361676
1649.5,49.01761908607068,0.00012369717088898805,0.007132874080840798
1650.0,49.966694689496705,0.00012699593915195905,0.007312789429743825
1650.5,51.01237137582861,0.0001286386288130899,0.007402382008039967
1651.0,52.612235990556535,0.00012229719309820181,0.007056519180191888
1651.5,52.12650789029524,0.0001194087564128687,0.00689898334322782
1652.0,48.83253651893719,0.00012142017047618037,0.007008686336084988
1652.5,45.66047867194041,0.00012403098018830665,0.007151079984298798
1653.0,43.8642930709766,0.00012967901859963795,0.007459125102450252
1653.5,43.97842357630101,0.00013504251485466214,0.007751651166143297
1654.0,45.06050231183432,0.00013359945043201746,0.007672945789177224
1654.5,45.880217654229305,0.00012540776071005123,0.00722617019380643
1655.0,47.742407426337664,0.00011554445435318578,0.0066882239249193174
1655.5,49.52061570027516,0.00010540586824773616,0.006135263668537189
1656.0,51.476051407956454,0.0001039636644197779,0.006056605908009852
1656.5,53.69932056661913,0.00010924650965238615,0.0063447328455749595
1657.0,52.6140827230409,0.00011925269247451178,0.006890471550123635
1657.5,50.0096943477402,0.0001271601515690387,0.007321745749742707
1658.0,46.449998894518934,0.0001256955217099583,0.007241864461022367
1658.5,45.11171284211667,0.00012174296754329978,0.0070262915862308005
1659.0,45.14995994486741,0.00012180387405408653,0.007029613496458748
1659.5,44.463205575819934,0.00010605722344192363,0.006170788682259691
1660.0,44.94917606503975,9.286375034862442e-05,0.005451214688496048
1660.5,45.81651862138417,8.804348343605434e-05,0.005188316583429786
1661.0,44.92818039225485,8.251102084880712e-05,0.004886575484516939
1661.5,43.947936452033154,7.881846569038283e-05,0.004685182879768013
1662.0,43.1130278310322,8.241315399406102e-05,0.004881237795927027
1662.5,42.8137190117371,9.359757118732359e-05,0.005491237199272281
1663.0,42.87820007160968,0.00010561863145021447,0.0061468678901135535
1663.5,42.655627407051234,0.00011590412326410435,0.006707840438162491
1664.0,42.393327177592006,0.00011851600897994014,0.006850292622986489
1664.5,42.79941887906432,0.0001171735599774737,0.0067770755626092045
1665.0,43.73460504562405,0.00011307049448480788,0.006553293906458297
1665.5,44.65479783592453,0.0001147109642308827,0.006642765279722708
1666.0,45.17750333069036,0.00011531865803933625,0.00667590894159496
1666.5,44.74922412732392,0.00012317846101313052,0.0071045836816023234
1667.0,43.797678798672884,0.00013127673341910555,0.007546264860451838
1667.5,43.0052822256381,0.00013671494555125662,0.00784286566165724
1668.0,45.614494649767195,0.00012837950843976848,0.0073882494168172295
1668.5,46.910393462317714,0.000111099630261689,0.006445802458055072
1669.0,47.310592964154246,9.905836697532986e-05,0.0057890703579781015
1669.5,47.079809528010976,9.871779842117169e-05,0.0057704952833933934
1670.0,46.79218702667271,0.00011194642866968046,0.006491987168244923
1670.5,46.36425692224224,0.00012302223002278665,0.007096062924765019
1671.0,46.00036364512008,0.00013012903302572388,0.007483669189371121
1671.5,44.57348243785193,0.00013170160200970114,0.0075694368234928535
1672.0,42.737659292664446,0.00013051806820397192,0.007504887124480334
1672.5,41.76779104224411,0.00012652394726033833,0.007287046840441688
1673.0,40.671429189727405,0.00010912432727171867,0.006338069320768578
1673.5,39.98395377317012,9.293659045474013e-05,0.005455187545387494
1674.0,40.68118724322704,0.0001058925862001876,0.006161809401848322
1674.5,41.87695516402641,0.00012321511220753323,0.0071065826588875445
1675.0,42.969245774563795,0.00012684529660776902,0.0073045737500685515
1675.5,43.48137484476645,0.00012796742438716743,0.00736577451197221
1676.0,42.817629333359534,0.00011762409301926896,0.00680164773763536
1676.5,41.83583111689229,9.507197447811662e-05,0.0055716515259235655
1677.0,42.868357496779154,9.084128224757533e-05,0.005340909170673355
1677.5,44.365577381011434,0.00011315953643432233,0.006558149970207051
1678.0,44.620272889329286,0.0001200982849635304,0.006936590580072811
1678.5,44.576206914141146,0.00011467669632903202,0.00664089613204327
1679.0,45.351052916822844,0.00010672110206429259,0.00620699704108717
1679.5,47.23630178575045,0.00010296135565489165,0.006001939448592263
1680.0,48.007717179614154,0.00010436271428497934,0.006078370091369695
1680.5,48.067309475326724,0.0001091063884132716,0.006337090513597333
1681.0,45.245302193578766,0.00011808521659309962,0.006826797288773924
1681.5,43.07717140050154,0.00012683207609636056,0.007303852370701981
1682.0,40.9882340514648,0.00012906697643407926,0.007425744154893293
1682.5,40.73803296480125,0.00012442212787717509,0.0071724134829016396
1683.0,41.2651171824906,0.00012026104323337808,0.006945467197574857
1683.5,40.80602406551981,0.00011665033059773083,0.006748538504868242
1684.0,40.25136439121351,0.00010659782122071348,0.006200273298472923
1684.5,41.191249825313925,9.629965463619139e-05,0.005638609359769816
1685.0,42.598875864801855,9.06399990904519e-05,0.005329931117777481
1685.5,43.02352718689849,8.41096603790909e-05,0.00497376547226888
1686.0,42.61944198219505,8.149993475435011e-05,0.004831430544286736
1686.5,42.60741743509093,9.078364265245121e-05,0.005337765664871523
1687.0,43.324959924306434,0.00010611070583067033,0.006173706105395101
1687.5,43.882691067615156,0.00011182385802787083,0.006485302071134143
1688.0,43.92237704911522,0.00010926869990207096,0.006345943389855205
1688.5,43.41920882868409,0.00010312293630289422,0.006010752259928583
1689.0,43.04834728596918,0.00010052544466590554,0.005869084746197448
1689.5,43.31471485258349,0.00010302574690560972,0.006005451682235655
1690.0,43.99723149512381,0.00010943752181818959,0.0063551507060587925
1690.5,44.244928643525085,0.000113495201305581,0.006576457008232504
1691.0,44.14934720778047,0.00011409550123069955,0.006609197505018089
1691.5,44.68995309825549,0.00011581005138676826,0.00670270958855116
1692.0,46.68191777908484,0.00011508820684915932,0.006663340121550912
1692.5,47.07869278846772,0.00011113551230538442,0.006447759548414345
1693.0,45.56099791215021,0.00011191668091361739,0.006490364444987212
1693.5,45.15089333325335,0.0001136853017487737,0.0065868254166357425
1694.0,44.78076711948183,0.00011346027139820864,0.006574552305313503
1694.5,43.63993876425718,0.00011134886577057248,0.006459395762143138
1695.0,43.423861234724875,0.00011184397816622957,0.0064863991600405254
1695.5,43.770161666125986,0.00011348110729054126,0.006575688340169999
1696.0,44.38284268292812,0.00011484361090878651,0.006649999742721261
1696.5,44.32014379990406,0.00011268062162578417,0.006532029860678206
1697.0,42.263238887909345,0.00010511487719893206,0.006119392862147761
1697.5,38.88865350271873,9.252809451687843e-05,0.005432908364019965
1698.0,37.924115789709276,8.42406381472481e-05,0.0049809090085194095
1698.5,39.62381900639777,9.147777021220533e-05,0.0053756233535039695
1699.0,41.634225405944285,0.000107192840671891,0.006232725307296258
1699.5,43.24767148347328,0.00010961835810439518,0.006365013526731865
1700.0,44.32694163086679,0.0001131579997950883,0.006558066544926076
1700.5,44.33383879818436,0.00011907833656564328,0.006880962516899485
1701.0,43.461386692144536,0.00011664111446208107,0.006748035938194229
1701.5,41.73167134869624,0.00010969817026582777,0.00636936661821969
1702.0,40.4217987036312,0.00011162422041234654,0.006474413549407832
1702.5,40.64802977118648,0.00012567164930084876,0.0072405623589831235
1703.0,42.59643773069748,0.0001260063094891033,0.0072588149928352
1703.5,44.41529931420293,0.00011266435608653808,0.006531142595713378
1704.0,45.42785570021234,0.00010728934248208074,0.006237988950824896
1704.5,47.01279522051937,0.00010451124182423097,0.006086470677815428
1705.0,48.260816762185215,9.554636409185811e-05,0.005597525183504716
1705.5,48.073121080883844,8.626683522342393e-05,0.005091418025945675
1706.0,46.0402159264292,8.093865723678624e-05,0.004800818442557799
1706.5,43.82087164514476,8.456955071696775e-05,0.004998847897723516
1707.0,42.164506696761684,9.471656502210569e-05,0.0055522678042043095
1707.5,41.69141030298494,0.00010202079368507117,0.00595064136275701
1708.0,41.81541161952779,0.00010697858544714269,0.006221039978714047
1708.5,42.198862492904894,0.00010806587342591723,0.00628034085262416
1709.0,42.57542929789181,0.00010821993731859924,0.006288743825971012
1709.5,43.28590809109567,0.00010740356255866613,0.006244218311257856
1710.0,43.107907105133826,0.00010164908860681239,0.005930368335654835
1710.5,40.72918796085801,0.00010168800229914879,0.005932490760634375
1711.0,39.03023378221133,0.00010357042241587294,0.00603515852397566
1711.5,39.82776734053831,0.00010320465214697947,0.006015209375442932
1712.0,41.15273431246194,0.00010140889301009536,0.005917268345187516
1712.5,42.9129760633357,0.00010373531901686205,0.006044152075358705
1713.0,44.126043271842754,0.00010647714272750874,0.006193691159856079
1713.5,43.1085798208495,0.00010619998437843104,0.006178575015993314
1714.0,41.242266215740635,0.00010355770525063813,0.006034464703885037
1714.5,40.64130512180783,0.0001000999971244526,0.005845880747592207
1715.0,41.383715789859004,9.69823396849994e-05,0.005675843436167668
1715.5,43.61377545304609,9.667301160028378e-05,0.005658972300633488
1716.0,45.3483481390127,0.00010257174119769891,0.005980690087803554
1716.5,45.053949932647555,0.00010607788867266293,0.006171915946883193
1717.0,43.487033076452086,0.00010524581888230767,0.0061265345677763905
1717.5,42.09903503862006,0.00010422969341804229,0.00607111500773584
1718.0,42.25018540661029,0.00010072195194910716,0.0058798022206117346
1718.5,43.830865200993564,9.65410384775587e-05,0.005651774727162268
1719.0,45.299956110447894,0.00010026263671215111,0.005854751309275742
1719.5,45.89758405013019,0.00010717436696731744,0.006231718199999985
1720.0,47.29603352087392,0.00011289797902602954,0.00654388478188433
1720.5,48.70367347499988,0.0001159669946014543,0.006711269213254533
1721.0,49.6392733398843,0.00011765569894940252,0.006803371689346812
1721.5,51.00647803761507,0.00011486789514402605,0.006651324010958514
1722.0,50.03976536994732,0.00011378609857493753,0.006592322870966872
1722.5,47.953851208965666,0.00011492716745394309,0.006654556964478519
1723.0,47.18225185977576,0.00011250038156378261,0.006522199551538492
1723.5,46.76832337522256,0.00010975204896780903,0.006372305129514671
1724.0,46.0115468044988,0.00011194966613315888,0.006492163561520628
1724.5,45.4835245648505,0.00011381362254876044,0.006593823921008534
1725.0,45.659654717409424,0.00011030293456779586,0.0064023507861459125
1725.5,46.43654568686276,0.00011096763611085335,0.006438603731502091
1726.0,47.00726297189184,0.00011654683706723948,0.006742894082451518
1726.5,47.41825262392593,0.00011884919696107149,0.006868465070841346
1727.0,47.670009570657584,0.0001151933781187592,0.0066690760385728805
1727.5,47.29637899750149,0.00011396374988691783,0.006602011989502298
1728.0,45.43852833027651,0.0001130904278044172,0.006554380679118521
1728.5,44.33279631248763,0.00011569032807705345,0.0066961797124665025
1729.0,44.26961962237709,0.00011749931556954448,0.006794842152757799
1729.5,44.27293679469818,0.00011488543932340535,0.006652281054877042
1730.0,43.84444071114834,0.00011105744805035005,0.006443501635338811
1730.5,43.18616614721164,0.00010586160115752519,0.006160119370818493
1731.0,42.32860928257409,9.883113737578062e-05,0.0057766772142007075
1731.5,42.827931553218036,9.130541328600872e-05,0.005366222593525903
1732.0,44.532017506871064,8.545122997793265e-05,0.0050469347075834175
1732.5,45.65563123628304,8.074603295470799e-05,0.004790312630781575
1733.0,45.90157407383069,7.724252318355002e-05,0.004599230846891874
1733.5,46.27355676528783,7.429086721510747e-05,0.004438246856035148
1734.0,47.082677861657906,7.569589686739936e-05,0.004514877450028971
1734.5,47.22208632897762,8.404292341820905e-05,0.0049701254550779525
1735.0,46.035768611357994,9.373273662538623e-05,0.005498609597892344
1735.5,44.14651745121418,9.858521581987372e-05,0.005763264718498182
1736.0,42.77618271597036,9.697652217964212e-05,0.005675526108144108
1736.5,42.12031801479101,9.089536690480587e-05,0.005343858818417881
1737.0,41.53146292372081,8.600820615987447e-05,0.0050773124326494315
1737.5,41.13386587055265,8.534209659769136e-05,0.005040982740872476
1738.0,41.853862196018035,8.959731069184567e-05,0.005273062533759945
1738.5,43.32801792249641,9.589342488866642e-05,0.005616453495491684
1739.0,45.31287447276651,9.867016013979635e-05,0.0057678971894193605
1739.5,46.83104940242673,9.695555546809314e-05,0.005674382611691942
1740.0,47.46411246783685,9.203134797623915e-05,0.005405815354531215
1740.5,47.984489874504305,8.924907836842748e-05,0.005254070140184121
1741.0,47.27921614066145,8.982626274352277e-05,0.005285549966842168
1741.5,46.05452229618881,9.171169185755351e-05,0.005388381384168791
1742.0,44.769148556589755,9.31988831304473e-05,0.005469492837652684
1742.5,42.8561733082627,9.31026229251936e-05,0.005464243040749765
1743.0,41.303869700832365,9.098516900764498e-05,0.005348756777028365
1743.5,40.58784720828581,9.157112400091175e-05,0.005380714753570754
1744.0,40.27313453614976,9.717898068034311e-05,0.005686568273020684
1744.5,40.38594931733236,0.00010321647441266983,0.006015854247506431
1745.0,40.48827552877831,0.0001023553908000644,0.005968890202008352
1745.5,40.269615360832425,9.143407314943946e-05,0.005373240319974031
1746.0,40.674349726838564,9.1380591834e-05,0.0053703234045013445
1746.5,41.820934803953605,9.980186948416228e-05,0.0058296207093872475
1747.0,41.222671743747505,0.00010740266841237658,0.006244169747269946
1747.5,39.121696472085205,0.00010101243624170189,0.005895645207143965
1748.0,37.736676922485415,8.118733434308022e-05,0.00481438122156231
1748.5,38.21308849844649,6.684552739898294e-05,0.004032177098372402
1749.0,39.086941409681906,5.995009062189494e-05,0.0036560988970634092
1749.5,39.444353127793285,6.857435328538106e-05,0.004126467514148524
1750.0,40.85217454049305,8.602653306420293e-05,0.005078311886015315
1750.5,41.235351395442066,9.684751163178638e-05,0.005668489741658756
1751.0,41.39919536086381,0.00010507862784922625,0.006117415949143954
1751.5,42.32637382735346,0.00010827839673883895,0.006291931949712732
1752.0,42.52500625557617,0.00010642777963197061,0.006190998884702621
1752.5,40.36583081378034,0.00010815441402814908,0.006285169823565837
1753.0,37.175582190590106,0.00010766822151409275,0.00625865280155957
1753.5,34.42936046862745,9.132948432868938e-05,0.005367535548507741
1754.0,33.79353092009909,7.35027886162751e-05,0.004395265007271289
1754.5,35.71751135892783,6.0782055192805094e-05,0.0037014743966676165
1755.0,37.74997582588899,6.04730589771523e-05,0.003684621532517174
1755.5,39.448785440104125,7.497078407407366e-05,0.004475329644629608
1756.0,40.443267875,9.185578795e-05,0.00539624042
1756.5,40.07169226352308,9.469358865555005e-05,0.005551014493377219
1757.0,40.70144979995337,9.416725986850887e-05,0.005522308692056199
1757.5,41.1221827483059,9.475224471915804e-05,0.0055542138257197084
1758.0,40.561630156947096,8.82703355505956e-05,0.005200689170071605
1758.5,40.0975668093808,8.159785485976873e-05,0.004836771279018183
1759.0,41.60764913973407,9.226103261723865e-05,0.005418342674195273
1759.5,43.71929778750731,9.865498074985884e-05,0.005767069233742709
1760.0,44.3560360700134,9.713990678214379e-05,0.0056844369292447855
1760.5,43.309484358713384,9.218698481799208e-05,0.005414303663529418
1761.0,42.684601638850474,8.854748603443245e-05,0.005215805069825502
1761.5,43.32223802234225,9.030789119581752e-05,0.005311818069216437
1762.0,43.69013782306231,8.972294561549114e-05,0.005279914775095289
1762.5,42.390878546808445,8.571797892332087e-05,0.005061483224908411
1763.0,40.15130969922997,8.395366462252353e-05,0.004965257394400382
1763.5,38.517049897959495,8.430850784387746e-05,0.004984610681020403
1764.0,38.226150518627264,8.69457792224488e-05,0.00512844781973815
1764.5,38.52829091692865,9.31741051969379e-05,0.00546814142111104
1765.0,39.38534952950143,9.667510363604437e-05,0.0056590868564790646
1765.5,39.928979360953605,9.591954221837113e-05,0.005617878276507217
1766.0,40.0519074602454,9.78600365731574e-05,0.005723713064029061
1766.5,40.74663414999985,0.00010379777796534755,0.006047558486209232
1767.0,40.37840166991502,0.00010648534628968773,0.006194138862136759
1767.5,38.961065586164466,0.00010708771936733896,0.006226992220449397
1768.0,37.08190603831234,0.00010029572865826342,0.005856556181073485
1768.5,35.495074791392604,8.854583613201551e-05,0.005215715136160992
1769.0,34.319767498494706,7.636102518181434e-05,0.004551153578824954
1769.5,34.008819131547725,6.493298312011594e-05,0.003927866694976212
1770.0,34.72303509456729,5.9759746496161626e-05,0.003645717588534327
1770.5,36.073369297459934,6.892000400603888e-05,0.0041453191819407
1771.0,37.38831963626089,8.547472964735447e-05,0.0050482165222092154
1771.5,37.80847080193835,8.740680687095248e-05,0.005153592376734114
1772.0,39.29176924668411,8.122694771510261e-05,0.004816541910362135
1772.5,41.288761227167726,7.596548495029194e-05,0.004529580813916209
1773.0,41.2473733273477,7.462385796956393e-05,0.004456408365858875
1773.5,40.172525627839306,7.099253524561577e-05,0.004258355507918015
1774.0,38.6828496592274,6.988304278311265e-05,0.004197843582578346
1774.5,37.549548494817934,7.530747684428631e-05,0.004493692919484504
1775.0,36.86064671353837,8.477472692944298e-05,0.005010038239145126
1775.5,37.34652466895374,9.275045401167196e-05,0.005445035410139855
1776.0,38.29029162507885,9.446495255807568e-05,0.0055385448206845414
1776.5,38.3891808260184,9.201653358503918e-05,0.005405007565313601
1777.0,38.82492805681354,9.034890354204157e-05,0.005314054747475069
1777.5,40.16984123507534,8.827705005548815e-05,0.005201055600216805
1778.0,40.97860981526959,8.416945235454912e-05,0.0049770265150568685
1778.5,40.37530801506373,8.113627074995931e-05,0.0048115962711609735
1779.0,39.759069433805536,8.24304132544332e-05,0.004882178943534467
1779.5,38.6909961325942,8.573067425213532e-05,0.0050621757433580005
1780.0,37.41558438230118,8.419191379517944e-05,0.0049782516016572825
1780.5,36.80475737068969,8.320906741494259e-05,0.004924646953678164
1781.0,37.38433246613291,8.639632888374334e-05,0.0050984807852462784
1781.5,38.39539219786515,8.983210839195336e-05,0.0052858686986863345
1782.0,39.24226268493447,8.967675920467973e-05,0.005277395883481113
1782.5,40.7045506317736,8.953959619187191e-05,0.00526991501416256
1783.0,42.10227012403229,8.735910806245613e-05,0.005150990894338501
1783.5,43.076581635570484,8.539792536715955e-05,0.005044027633600178
1784.0,42.49411180298133,8.661514285444791e-05,0.0051104147644692195
1784.5,40.07400135470728,9.02115745522175e-05,0.005306564852531389
1785.0,36.740664693949284,8.889858381266087e-05,0.005234954086918264
1785.5,34.56162050722113,8.414727480974e-05,0.004975816882501106
1786.0,35.487391799029574,8.385468235028927e-05,0.004959858901091623
1786.5,37.691265144593515,8.674907700829486e-05,0.005117719544017563
1787.0,40.569951956617224,9.260352372331064e-05,0.0054370218851635226
1787.5,43.10245487234103,9.339616224783545e-05,0.005480252641375258
1788.0,44.06164008948167,9.057114889603658e-05,0.005326175882127176
1788.5,44.2728154483812,9.125509643088255e-05,0.005363478693695648
1789.0,44.29502139464626,8.998117005714895e-05,0.005293998510551792
1789.5,43.03358142498511,8.956983706840397e-05,0.005271564363956613
1790.0,40.48601323586061,9.008864620058203e-05,0.00529986031534825
1790.5,37.35774083259105,8.040038353341938e-05,0.004771460814958689
1791.0,34.757989646160226,7.191104264987224e-05,0.004308450868567008
1791.5,33.92313816196119,7.496655143627964e-05,0.004475098962659592
1792.0,34.3507874881847,8.633700473852036e-05,0.0050952451477545195
1792.5,35.392443768919016,8.849631977642904e-05,0.005213014458841702
1793.0,36.60934005957147,7.90389941961089e-05,0.004697210488795192
1793.5,39.010664749464496,7.61984078413596e-05,0.0045422844862127295
1794.0,41.11630163616614,7.988459856974052e-05,0.004743329890509791
1794.5,41.731828963178984,8.053309720004784e-05,0.004778699187855777
1795.0,41.52573956160327,7.81408838596841e-05,0.004648227372048049
1795.5,40.59918999909127,7.484081237056179e-05,0.0044682409063016145
1796.0,38.78361678070037,7.123183789281809e-05,0.004271407013735684
1796.5,37.13686784152662,7.202489739584908e-05,0.004314660729191841
1797.0,36.38354064137961,7.706439145587151e-05,0.00458951539176357
1797.5,36.43186013659621,7.840101020721096e-05,0.004662414657252283
1798.0,36.76282544084732,7.793458592971507e-05,0.004636975942772574
1798.5,36.67568671650576,7.997747680455597e-05,0.0047483955033634844
1799.0,36.222319471418714,8.372984575127095e-05,0.00495305020225331
1799.5,35.91418657351745,8.454471193079815e-05,0.004997493263319457
1800.0,35.64590425,8.31594598e-05,0.004921941245
