Time,temperature,CO,CO2
0.0,20.0,0.0,0.00038641183
0.5,19.997305564056827,0.0,0.00038641183
1.0,20.019855423038386,0.0,0.00038641183
1.5,20.02942734357639,0.0,0.00038641183
2.0,20.027942680521438,1.936151943276349e-31,0.00038641183
2.5,20.01895943523414,2.3525238628717297e-28,0.00038641183
3.0,20.007975127983567,4.934989750738669e-27,0.00038641183
3.5,20.00803662129468,1.3116146247177834e-25,0.00038641183
4.0,20.022037592153,1.0291266417930527e-23,0.00038641183
4.5,19.976266831368935,1.2538242177440144e-22,0.00038641183
5.0,19.739971241600582,6.733196677436056e-20,0.00038641183
5.5,19.207819517363273,1.940213864876532e-17,0.00038641183
6.0,18.898539454765153,9.307791309324662e-16,0.00038641183
6.5,20.79138564121572,2.0853749401469333e-14,0.00038641183
7.0,23.708823505420153,2.4194915347039356e-13,0.0003864118434324615
7.5,24.180187038669075,2.562638427494033e-12,0.00038641196736301394
8.0,23.909795098090065,1.2229882417922588e-11,0.00038641249832584867
8.5,23.43817664153806,2.951044340264735e-11,0.0003864134372996858
9.0,22.945470671695205,5.799617824023531e-11,0.0003864149876537975
9.5,23.26333910555748,1.1781067792031477e-10,0.00038641825239026567
10.0,24.253228562372083,2.3731023369977454e-10,0.0003864247705009373
10.5,25.134491192509778,5.493910993920117e-10,0.0003864417922806606
11.0,25.079534713732496,9.881133923659266e-10,0.0003864657179918408
11.5,25.10693160917618,1.806505885862259e-09,0.00038651035373839346
12.0,25.471355641440603,3.4178117631689287e-09,0.0003865982357505476
12.5,25.55960787850021,6.6258546306957585e-09,0.00038677320171839056
13.0,25.351614567338263,1.6639763638625046e-08,0.00038731936340731824
13.5,24.899895201561097,3.370958114226603e-08,0.00038825035369371514
14.0,24.479639092870105,5.5563316346523595e-08,0.0003894422581986343
14.5,24.728809132511014,6.923892227285542e-08,0.0003901881264334802
15.0,25.995553422708877,8.145848450313804e-08,0.0003908545871200667
15.5,26.70938510742901,8.572776732018969e-08,0.00039108742956586734
16.0,26.741367227758865,8.733330897088796e-08,0.00039117499913739407
16.5,26.346227035928504,8.214575675099103e-08,0.0003908920672250012
17.0,26.08732583599344,6.86363330496832e-08,0.0003901552641973409
17.5,26.01137505460614,5.773213809219967e-08,0.0003895605464809292
18.0,25.741062789005486,4.876253519644639e-08,0.00038907134384010933
18.5,25.47354042725006,4.5895075703391865e-08,0.00038891495240103463
19.0,25.189957229706565,4.529151577778635e-08,0.0003888820340775575
19.5,24.937889210007473,4.5334627200862394e-08,0.0003888843862967338
20.0,24.91464316551653,4.59278139051182e-08,0.00038891673526500936
20.5,25.025575809287858,4.715475736799216e-08,0.00038898365686420243
21.0,25.21300196688902,4.910849441920072e-08,0.00038909021486675436
21.5,25.49697672900051,5.2252646525917646e-08,0.00038926169599977806
22.0,25.77654172965565,5.565091715315325e-08,0.0003894470384621694
22.5,25.86192365196118,5.7170016384015106e-08,0.0003895298908311185
23.0,25.94358573553955,5.897269466011772e-08,0.0003896282069410698
23.5,26.16413226080253,6.219965842267342e-08,0.00038980420463206785
24.0,26.414077503715387,6.576320433181162e-08,0.0003899985606334004
24.5,26.596425083807386,7.211412101245413e-08,0.0003903449438017354
25.0,26.482596606652532,8.329222350235411e-08,0.00039095459670783933
25.5,25.952809304470133,1.0445488210084847e-07,0.0003921088119853069
26.0,25.269599685383003,1.3783205382900819e-07,0.0003939292100165732
26.5,24.465062850472805,1.9382917253601838e-07,0.0003969833019916812
27.0,23.74972164578622,2.7655495789015815e-07,0.00040149517400884263
27.5,23.662830562894204,3.319814663517674e-07,0.0004045181461103393
28.0,23.944427793555686,3.9848811774765514e-07,0.000408145430333821
28.5,24.245201975459448,4.1999224139757436e-07,0.00040931826852723884
29.0,24.67140863838713,4.4286629788797053e-07,0.000410565823475452
29.5,25.05263908693345,5.567905302595533e-07,0.0004167792704056534
30.0,25.27231135097168,7.935291101243592e-07,0.0004296910274451821
30.5,26.087858226153767,1.0584239645863742e-06,0.0004441384321075595
31.0,26.85981372893198,1.241966099993423e-06,0.0004541488460131068
31.5,27.034959951700596,1.2838270888868396e-06,0.00045643195260171434
32.0,26.954566039185814,1.1877975850405304e-06,0.0004511944900675513
32.5,27.06775278324546,1.09973322597232e-06,0.00044639144661247804
33.0,27.569357450082332,1.0870961785518503e-06,0.0004457022189758059
33.5,28.430931328537476,1.2111270239772918e-06,0.00045246687729536423
34.0,29.17157704627063,1.512142679188043e-06,0.00046888431402675466
34.5,30.0944738886723,2.0484336814089744e-06,0.0004981337071676469
35.0,30.322327926631395,2.360388247367796e-06,0.0005151477570630604
35.5,30.261102622820275,2.7567089299192576e-06,0.0005367631475618848
36.0,29.925909601197127,2.8053777739189935e-06,0.0005394175537313616
36.5,29.752484943803168,2.678968252729085e-06,0.0005325231627144959
37.0,29.771490742933253,2.5050769377552735e-06,0.0005230391016457526
37.5,29.64717096953766,2.4876791735746484e-06,0.0005220902286239934
38.0,29.988317050554777,2.8105995413430472e-06,0.0005397023516071644
38.5,30.684792126171594,3.8891525006270365e-06,0.000598526794493843
39.0,30.924046842466844,5.770871701569143e-06,0.0007011560427327642
39.5,30.61032685949608,7.381271753707362e-06,0.0007889875064383434
40.0,29.797914129811414,8.281922143343026e-06,0.0008381091287088904
40.5,28.91235928811927,8.407626930442867e-06,0.0008449650801459731
41.0,28.200980774940973,8.257174764904551e-06,0.0008367594042277082
41.5,27.625071239526676,8.320392402079763e-06,0.000840207300723118
42.0,26.91352857247724,9.373253624370947e-06,0.0008976304776226369
42.5,26.48122636047867,1.0930398566392725e-05,0.0009825574022783922
43.0,26.44562124740981,1.2216522148782236e-05,0.0010527028122251443
43.5,27.076958077015778,1.1439888363295353e-05,0.001010345091882265
44.0,27.122381098181993,8.535282749532742e-06,0.000851927444076182
44.5,27.30389695462366,6.78962378765299e-06,0.0007567189335230038
45.0,28.55006178955933,5.9898656500502305e-06,0.0007131000049051975
45.5,30.70848796610032,5.986687663928562e-06,0.0007129266794354991
46.0,32.409453765927466,6.627078832055608e-06,0.0007478537122574271
46.5,33.02418147950773,7.384537579133724e-06,0.00078916562532715
47.0,33.18540064926567,8.27326293094719e-06,0.0008376368410238492
47.5,32.44096314448366,9.0967569661042e-06,0.0008825503301848462
48.0,31.732122881448323,9.258409994878725e-06,0.0008913669051682714
48.5,30.98715279419508,9.667572197111139e-06,0.0009136826732220058
49.0,30.950881366786007,1.0646468859176675e-05,0.0009670718449893121
49.5,31.436374060636034,1.2064654122948061e-05,0.001044419902068581
50.0,30.960982745816295,1.4472791429972356e-05,0.0011757600688896037
50.5,29.89171243634455,1.7003081774661596e-05,0.0013137624744561118
51.0,28.532131963001813,1.9179178865874715e-05,0.0014324471403499106
51.5,27.40535523970971,2.011041161825436e-05,0.0014832366992007704
52.0,26.040879767770353,2.0560013676146803e-05,0.0015077580561694448
52.5,24.19129688308177,2.0616428890763806e-05,0.0015108349649784034
53.0,22.37447475154192,2.0402211187663398e-05,0.001499151500613211
53.5,20.891643908497283,1.9720098080149235e-05,0.0014619489491801102
54.0,20.933798855770508,1.850854654352559e-05,0.0013958707458376735
54.5,22.49804608382629,1.7437647349248997e-05,0.0013374637716897324
55.0,25.38920332567968,1.6139603304408092e-05,0.001266668237435439
55.5,25.76883760969062,1.5423473667217267e-05,0.0012276103801444585
56.0,25.3900524895307,1.4677022239920899e-05,0.0011868988252983206
56.5,28.123282921893015,1.4066770734113738e-05,0.0011536156390972304
57.0,32.23779521063354,1.3447776886588457e-05,0.0011198556242241605
57.5,34.81648273416774,1.2975553656465133e-05,0.0010941004998092259
58.0,35.73557981426258,1.2871484279898082e-05,0.001088424519211237
58.5,32.090012165554384,1.4025822139741614e-05,0.001151382280718315
59.0,20.795533455968197,1.9379369972887445e-05,0.0014433655778811542
59.5,14.093549302996086,2.4696036761539104e-05,0.0017333373912427003
60.0,10.149023954052677,2.7654682969770077e-05,0.001894702408707376
60.5,7.880321746907598,2.824159370910431e-05,0.0019267125778932143
61.0,8.623468596381231,2.782898938282334e-05,0.001904209082746659
61.5,12.49212766032056,2.6618742155220005e-05,0.0018382020326551739
62.0,17.520155405896272,2.4274018406592417e-05,0.0017103204619371933
62.5,20.385476343252154,2.134020734837501e-05,0.001550309966084666
63.0,21.850799930411508,1.837886224302318e-05,0.001388797759100816
63.5,24.01564239508338,1.63533810696205e-05,0.0012783277064679504
64.0,27.401854859547825,1.5324922972547804e-05,0.001222235428097057
64.5,30.501652793272086,1.569197309981682e-05,0.0012422543964033122
65.0,32.14111509017056,1.8701761172921086e-05,0.0014064086991185294
65.5,32.745769350397254,2.4808822425715922e-05,0.0017394887061637384
66.0,33.10454171533843,3.1133634285573874e-05,0.0020844449137000553
66.5,32.345695670294994,3.444608925843569e-05,0.0022651067107228684
67.0,27.398935001442336,3.5203132665521914e-05,0.0023063959988867165
67.5,20.865777994661816,3.497363879691943e-05,0.0022938794172211335
68.0,16.571758436618254,3.4656912038091136e-05,0.0022766050769025994
68.5,15.09264164281653,3.4317060185282875e-05,0.0022580694895667484
69.0,14.749424119844589,3.414322318109697e-05,0.002248588366948468
69.5,14.609358284087502,3.392707497411917e-05,0.002236799611875
70.0,14.532223633953814,3.3422180608982454e-05,0.0022092626266251303
70.5,15.135156616112415,3.282189065360027e-05,0.002176522716283227
71.0,16.69333267124538,3.220369666967773e-05,0.002142806345725079
71.5,18.17363721085191,3.1225708799484173e-05,0.0020894667012620444
72.0,18.32795936801273,2.989841289428071e-05,0.0020170757552625176
72.5,17.979785964661872,2.8759737469967482e-05,0.0019549722343542983
73.0,18.093678792000784,2.760648581053624e-05,0.0018920737414737387
73.5,19.19710065586885,2.740404601377062e-05,0.0018810326917035104
74.0,20.8109090564453,2.8919608596570297e-05,0.0019636916612633284
74.5,22.36430492961469,3.147843865821072e-05,0.0021032506097436073
75.0,24.38905744846256,3.515828483336211e-05,0.0023039499670595514
75.5,25.661175144202623,3.8951782670307715e-05,0.0025108479568207403
76.0,26.246266992375894,4.3432477776140374e-05,0.0027552256947335632
76.5,25.81141944112523,4.586433797775124e-05,0.002887859752297819
77.0,24.536068991943488,4.599625584669742e-05,0.0028950545804958855
77.5,23.044681431992768,4.427718233789195e-05,0.002801296037201424
78.0,22.153026604204815,4.060096794818292e-05,0.0026007947435541597
78.5,21.33055027126917,3.579517521838885e-05,0.0023386861350502214
79.0,20.420344083309825,3.160476001545521e-05,0.0021101402195512846
79.5,19.342001201988722,2.8282309119945608e-05,0.0019289332842431363
80.0,19.304535928200405,2.6031003910374542e-05,0.0018061467358221033
80.5,20.23371184710708,2.5282310691318243e-05,0.0017653128863177943
81.0,21.717413248728718,2.490731707338975e-05,0.001744860652402914
81.5,23.335367140136345,2.450327719824329e-05,0.0017228242600574961
82.0,26.164368298407556,2.3930883316889013e-05,0.0016916058242834099
82.5,27.44898886901869,2.4507576222782496e-05,0.001723058730587742
83.0,26.851449075520478,2.6165777256559883e-05,0.0018134972680251612
83.5,24.783587873949575,2.854664731672105e-05,0.001943350291539134
84.0,24.00250030302871,3.177380154390236e-05,0.0021193597742325144
84.5,24.32759864184476,3.763201511513913e-05,0.0024388675387309283
85.0,23.764288986049838,4.2227377893680426e-05,0.0026894992616400167
85.5,21.79071133467573,4.4675626841005285e-05,0.0028230271059743158
86.0,21.734455465519982,4.6913497698858136e-05,0.0029450808878220924
86.5,24.294087008776845,4.9690638035829404e-05,0.0030965464626903586
87.0,27.89340970390438,5.326170421239284e-05,0.0032913128480673744
87.5,30.581976104204546,5.495898622904474e-05,0.003383882900561808
88.0,32.62734176020971,5.349286262372991e-05,0.0033039202757536293
88.5,31.360894117723632,4.705418598251096e-05,0.0029527539603867673
89.0,28.073594262470117,4.2667947467881376e-05,0.0027135279485502465
89.5,23.89417788922327,3.983933348239393e-05,0.0025592549603993112
90.0,21.461739399168284,3.719264057472146e-05,0.0024149039900411054
90.5,23.56683286238482,3.470014400423371e-05,0.0022789628519965448
91.0,26.045738658972738,3.157175125807845e-05,0.0021083399216530263
91.5,24.011518868857753,2.9400103215290227e-05,0.001989897884672897
92.0,19.776708229766513,2.8562399979628993e-05,0.0019442094633009212
92.5,18.365690819034057,2.9150485414186406e-05,0.001976283736004734
93.0,20.52755845894768,3.0288766370503603e-05,0.0020383657160304293
93.5,21.9859986210956,3.472487915599659e-05,0.0022803119278367013
94.0,21.211778928045327,4.41993436278867e-05,0.0027970505296826126
94.5,20.8707322206837,4.919000286753142e-05,0.003069241813841793
95.0,22.994491514886928,4.684092782720791e-05,0.002941122946461877
95.5,26.653819411103335,4.389993274221494e-05,0.0027807206711475125
96.0,30.49576183793548,4.337915773282692e-05,0.0027523174930014233
96.5,32.21708392095411,4.6534320565792456e-05,0.0029244005340218404
97.0,32.59565123533787,5.009161440946759e-05,0.0031184158313718466
97.5,31.97170922099368,5.231127610237558e-05,0.003239476554413401
98.0,31.201564414946827,5.1162614485492026e-05,0.0031768284803026397
98.5,30.84224713106556,4.7411699432203016e-05,0.0029722530482866228
99.0,30.881527783717576,4.480090663147032e-05,0.0028298600269456267
99.5,30.73170116452226,4.5354651641376845e-05,0.0028600614012803593
100.0,29.34105952836943,4.8032108809206555e-05,0.0030060902754015482
100.5,27.334879492694032,5.262950746215504e-05,0.0032568330894377218
101.0,26.732749657705774,6.0125213350561106e-05,0.0036656500139074905
101.5,27.205144715831103,6.91352626562337e-05,0.0041570592931192574
102.0,27.1098984174889,7.45958680387169e-05,0.004454881298148563
102.5,27.317094672454612,7.489478020898518e-05,0.004471183736918027
103.0,28.247506678126655,7.29358193879395e-05,0.004364341578017215
103.5,28.94684529662902,6.972861989610575e-05,0.004189420649114192
104.0,29.276202397735748,6.488704857630959e-05,0.00392536088213632
104.5,29.657982409811638,6.028464494096024e-05,0.0036743452845020602
105.0,30.516262197746503,5.591742587005732e-05,0.0034361565966464077
105.5,30.98560820401578,5.3410116184492886e-05,0.0032994075818670345
106.0,29.49366046379418,5.13568701857258e-05,0.003187423250951615
106.5,26.995286230057115,4.9825875310122606e-05,0.0031039225630909405
107.0,25.147216396903993,4.86126241643761e-05,0.0030377517273086053
107.5,23.71946159576908,4.69003705021582e-05,0.0029443651351412216
108.0,22.520737201167066,4.550650658244104e-05,0.0028683435830282314
108.5,21.228891279523673,4.451543347718344e-05,0.002814290317934782
109.0,21.067548981482606,4.415674653425416e-05,0.0027947274819399947
109.5,22.679898626098996,4.4927465943873544e-05,0.002836762592129602
110.0,25.30343992589954,4.644442894907904e-05,0.002919498008134285
110.5,28.61640309110275,4.814657955691525e-05,0.0030123335198319386
111.0,31.301991515458912,4.9937965885052e-05,0.00311003603089526
111.5,31.958276080628888,5.309392397879798e-05,0.003282162439798545
112.0,28.90067303580846,5.979150822006141e-05,0.003647449710407446
112.5,25.215133372612136,7.13136047690421e-05,0.004275866576807883
113.0,23.627186168734756,8.388772469262368e-05,0.004961660868871792
113.5,24.72940806378864,8.614977653503166e-05,0.005085032896977529
114.0,27.252161900394405,8.374095467047538e-05,0.004953655472834009
114.5,31.195477615925608,7.677209534690874e-05,0.004573573213539856
115.0,34.962354538502794,7.16436889079689e-05,0.004293869334558627
115.5,35.47602542526709,7.027856348233139e-05,0.004219415248988522
116.0,34.1853382997866,6.951384494825206e-05,0.004177707467852702
116.5,34.05144639779485,6.969172605680122e-05,0.004187409097016231
117.0,36.40160947649856,7.126516288870047e-05,0.004273224557122669
117.5,38.34945588011719,7.512513276050899e-05,0.004483747897725601
118.0,36.969279179657256,8.019810680160569e-05,0.004760428582552686
118.5,33.63294001864837,8.481460662117613e-05,0.005012213048713839
119.0,31.928357418397898,8.449638672844067e-05,0.004994857113912343
119.5,33.139571179334744,8.080504463148854e-05,0.004793530733284504
120.0,37.462684783254076,7.79931218457949e-05,0.004640167939450504
120.5,39.73769895738058,7.894790697677473e-05,0.004692242003802715
121.0,39.245133643530934,8.198904763833896e-05,0.004858106480765522
121.5,36.559398078890005,8.552966541535415e-05,0.005051212423218894
122.0,34.394169465853345,8.948693922993923e-05,0.005267042362426597
122.5,33.781815279823824,9.378927875690015e-05,0.005501692287181207
123.0,34.75944176597972,9.708633960095166e-05,0.005681514312592895
123.5,36.75442134630738,9.718845097604792e-05,0.005687083846856287
124.0,37.14549613852106,9.308459248906633e-05,0.005463259062142005
124.5,36.77168619304179,8.785989776131689e-05,0.005178303684832353
125.0,35.5490740138236,8.477346381707319e-05,0.0050099691228202405
125.5,34.27403448106466,8.418934110905771e-05,0.004978110743480515
126.0,34.260520529237105,9.127721897581655e-05,0.005364683980885465
126.5,34.707196389724174,9.662784833604708e-05,0.005656507839800232
127.0,35.24736432416226,9.78919041206575e-05,0.0057254493805375
127.5,35.58124461196054,9.664694815542151e-05,0.005657549197512975
128.0,35.79431196272889,9.529715475215577e-05,0.005583931568603718
128.5,37.41777411427308,9.22719016327906e-05,0.005418934212097192
129.0,40.041396905713945,9.068354265360045e-05,0.005332305175658123
129.5,42.296774343106875,9.362268866809495e-05,0.005492606121905408
130.0,43.318042693936064,9.990412736660513e-05,0.005835196414396693
130.5,43.45106505749221,0.00010361125302953363,0.006037383654260856
131.0,43.35384314279675,0.00010359394050610707,0.006036439386173961
131.5,43.847129405960565,0.00010285475716752097,0.00599612416151713
132.0,44.62815937250767,0.00010228480326236435,0.005965039215712226
132.5,44.768706047211786,0.00010137072233099948,0.00591518544968683
133.0,44.39962849902691,0.00010084487813313423,0.00588650607616603
133.5,44.0607075467569,0.0001014919997517406,0.005921800063245533
134.0,43.45069853141405,0.00010292963667256844,0.006000208995359475
134.5,42.23249024985581,0.00010476120761143302,0.006100103213068185
135.0,40.78590907332159,0.00010727908758662024,0.006237428833789111
135.5,39.397364684450395,0.00011058197477707413,0.00641756877139502
136.0,39.40064507618751,0.000115421336549579,0.006681506974555656
136.5,39.14228245679505,0.00012183186462231073,0.007031137354840635
137.0,38.19856008442994,0.00012436185913356894,0.0071691234725228805
137.5,38.62099832137092,0.00011790768972335617,0.006817112839265331
138.0,40.40811096564982,0.00010930865881609873,0.0063481208816867085
138.5,41.79212387492193,0.00010323307426724706,0.0060167583045935905
139.0,42.342719282429144,9.787162528379405e-05,0.005724344706168292
139.5,42.03198070063824,9.703200041562195e-05,0.005678551379381533
140.0,42.25092919891277,0.00010228383069956416,0.005964986847250581
140.5,42.98633454673543,0.0001085865093360151,0.006308735785839176
141.0,43.86398819335331,0.00011433887456878781,0.006622469675354895
141.5,44.523601703793666,0.00012021089934032497,0.0069427296868029165
142.0,44.81381020490906,0.00011985082493383249,0.006923091689691742
142.5,44.56023307111111,0.00011555693265999995,0.006688903235999998
143.0,43.714066443430866,0.00011121316024805728,0.006451993916675511
143.5,43.34013870563167,0.00011012866734810584,0.0063928456685324615
144.0,44.27241652654302,0.0001111554018273083,0.006448843877381873
144.5,46.14832330398191,0.00011420685575475113,0.006615270641900452
145.0,47.28159627785821,0.00011903867193837097,0.00687879765322624
145.5,47.05221584370115,0.00012524538144903106,0.007217310926904698
146.0,46.965346413823305,0.0001250496484837927,0.007206635764532291
146.5,47.23221909926164,0.00012233785188958118,0.007058734639119369
147.0,47.13473179522132,0.00012004191368059765,0.006933514171447065
147.5,47.61324886597223,0.0001162095609384191,0.006724497506966911
148.0,49.69210764300705,0.0001134244777159139,0.006572599311065909
148.5,51.267998006584854,0.00011559643024041837,0.0066910575440607715
149.0,51.068591283517165,0.00012206914637507341,0.007044079923042273
149.5,50.348432492359926,0.0001307745095316291,0.007518871245025856
150.0,50.58490690872921,0.00013903163018595267,0.007969215588380738
150.5,51.678431067124194,0.00014556581855000003,0.008325591461058827
151.0,54.12285347458273,0.00015048829801281218,0.008594063666875604
151.5,57.0031705021037,0.00015615147060047543,0.008902934027001787
152.0,57.305549245138884,0.00015531461901875003,0.008857293249031251
152.5,56.76294715474797,0.00015180031591147225,0.008665623218041029
153.0,55.903081676136296,0.00014796730702390024,0.00845657099883651
153.5,55.99393139552258,0.00014639191352188412,0.008370648808026349
154.0,57.58011855283159,0.00014796382398595936,0.008456380304267881
154.5,58.57444444385427,0.00015657362324920148,0.00892595779270114
155.0,59.0662939352863,0.00016150898500910037,0.009195133371145347
155.5,59.754020930812466,0.00015683579617970433,0.008940258153480424
156.0,59.207751657776626,0.00015322659444078155,0.008743411274147059
156.5,57.95972774005773,0.0001524619118597244,0.008701704316566377
157.0,57.31830533420416,0.00014840691589708229,0.00848054451661745
157.5,57.866966239267356,0.00014055765799695405,0.008052445206611686
158.0,58.54488939264047,0.00013547343651103188,0.007775151696114701
158.5,59.18240980902854,0.000131465813180113,0.007556576407558877
159.0,60.21848592650371,0.0001296149697215289,0.007455631776053044
159.5,61.29843518586413,0.00013389096424007326,0.007688845083277621
160.0,61.95072983203122,0.0001426791983250038,0.008168155619767295
160.5,62.07536468099819,0.00014958403739068416,0.00854474537254847
161.0,62.43752871612455,0.00015407204512321053,0.008789521062381667
161.5,63.07097876797321,0.00016071770245398831,0.009151974758927126
162.0,63.74706264708504,0.00016904290432460944,0.00960603033995356
162.5,63.799889290571144,0.00017007758524563804,0.009662462835094877
163.0,64.92194143409607,0.00016115105066147868,0.009175611314423664
163.5,66.50161143765068,0.0001508338785829244,0.008612913706117869
164.0,66.21812510881833,0.000151416060690389,0.008644666029058088
164.5,64.45866731134778,0.00015981535634124045,0.009102763313039938
165.0,64.42407862989701,0.00016324401740353496,0.009289763050547671
165.5,66.4736258059494,0.00016527548576435644,0.009400558580083169
166.0,69.37327103655889,0.0001793045153817823,0.010165699813873275
166.5,70.47129831912872,0.0001830508740847525,0.010370027687429704
167.0,70.74093186090208,0.00017424446854336605,0.009889728012419786
167.5,70.84343417821782,0.00016626917016475254,0.009454756082415847
168.0,70.25907442261803,0.0001625049552383447,0.009249456066265063
168.5,69.971695180645,0.00016453258947576538,0.009360043644164498
169.0,71.02530461376526,0.0001728513793884058,0.009813751500971293
169.5,72.23488181001372,0.00018368557580418518,0.010404649725849239
170.0,74.05942462622336,0.00019418965642209154,0.010977542777645514
170.5,76.04881664032283,0.00020142991608632018,0.011372424625573304
171.0,77.18219221146188,0.0002032780853321809,0.011473222445900322
171.5,76.92855266208038,0.00019825742392107662,0.011199397866733773
172.0,75.97994068726408,0.00019027424024191766,0.010763996170644177
172.5,75.68110737996444,0.00018552308832546957,0.01050486836319218
173.0,76.89441738425091,0.00018251804142738518,0.010340972858830667
173.5,78.41270876136909,0.00018540954527391571,0.010498675799222859
174.0,78.318148936659,0.0002005587653225596,0.011324914917574707
174.5,76.73446899255273,0.00020257430094431858,0.011434843626501899
175.0,76.68278033575345,0.0001973035209016971,0.011147374933202043
175.5,79.20321649053496,0.00019808770273301642,0.011190144069755395
176.0,80.5465377457073,0.00021057803146601117,0.011871363772416965
176.5,81.5936975451034,0.0002136823605896756,0.012040674511287357
177.0,81.98778257220043,0.00020819501463480806,0.011741394028456838
177.5,81.73336016439262,0.00020811574056331736,0.011737070376974716
178.0,81.19037360275307,0.00020434381144132524,0.011531350509816917
178.5,82.13149123145139,0.00019829755314356717,0.011201588126574189
179.0,83.09052141257386,0.00019383225697297305,0.010958051627364867
179.5,83.74507780365673,0.00019082972091756292,0.010794293287506966
180.0,82.42459629786129,0.00019018177804334317,0.010758954776805964
180.5,82.16596846977913,0.00019843490582136767,0.011209081436774014
181.0,85.07659837444075,0.00021270051123641786,0.011987127426915701
181.5,87.53083946257374,0.00022915919769258061,0.012884780788543897
182.0,88.09320247093252,0.00022929300439625022,0.01289208017953234
182.5,87.3216648256212,0.00022105427953194679,0.012442742547857244
183.0,85.56226898204828,0.000215146882163021,0.01212055315229742
183.5,84.80678543691359,0.00021277281562917508,0.011991071774639917
184.0,85.73075953917808,0.0002144799679530928,0.01208418038129394
184.5,87.67592851605667,0.00021915127383219764,0.012338954137142406
185.0,89.45016317741087,0.00022654759776532488,0.012742350436348717
185.5,90.59537137113996,0.00023191650309090908,0.013035171233766234
186.0,92.35061196793656,0.00023609090307333795,0.013262842540724296
186.5,91.55943200999029,0.00024177798783874067,0.013573011410984546
187.0,91.2783527604478,0.0002437438452749705,0.01368023205348471
187.5,91.2779928654584,0.00023218185855516528,0.013049642439754192
188.0,92.55752804906663,0.0002239527709151611,0.012600827951688239
188.5,93.60284101888965,0.00022797637583365626,0.012820275544551476
189.0,94.5726778519308,0.00023978462147200173,0.013464296794972172
189.5,95.60819490644603,0.00024313193910123124,0.01364686137961719
190.0,95.52676510513719,0.00023771628964174802,0.01335149269697804
190.5,95.55445266528503,0.00023366416505406367,0.013130490397098571
191.0,95.116448989789,0.0002359046152985087,0.01325268457484845
191.5,97.84626012323331,0.0002476026346047851,0.013890694903286592
192.0,100.72139669929972,0.00026777814806662416,0.014991062108798442
192.5,100.56913879848105,0.0002709169784877458,0.015162257345599518
193.0,100.1429210681026,0.00025576815751443755,0.01433604366076168
193.5,100.16076320995582,0.00024394882695073235,0.013691416704054517
194.0,99.01694238960859,0.00023879712005852972,0.01341044278039644
194.5,101.26064121963583,0.0002465310295871535,0.013832250427678288
195.0,106.26953495404344,0.00026566092264476395,0.014875589665722782
195.5,106.14048077296157,0.0002754635961854946,0.015410226924921082
196.0,104.22879249905525,0.00026232071242044335,0.014693418555871758
196.5,103.33308002047912,0.00025070966534979067,0.014060152670694786
197.0,105.66122032675038,0.0002535716721749517,0.014216246837898903
197.5,106.73601613193753,0.0002723348745953613,0.015239590341180569
198.0,106.481244837315,0.0002764995129665314,0.015466732916244081
198.5,107.47857165077642,0.0002670241797078945,0.014949949245529738
199.0,107.99673761441916,0.00025848733631815286,0.014484349866397439
199.5,110.57429036662985,0.0002633914719990597,0.014751820613948089
200.0,111.96300450388591,0.0002902460922385499,0.016216465901846874
200.5,112.06172665497263,0.00029826576874520007,0.016653860540296744
201.0,113.54263969998826,0.00028527420333553105,0.01594530135449787
201.5,114.80291527291412,0.0002778838945197016,0.015542234787877642
202.0,113.62862094742543,0.00027685104701951827,0.015485905433793232
202.5,111.81812685003814,0.0002764798682921156,0.015465662629407443
203.0,110.9689448955712,0.00027482685269880587,0.01537550869725194
203.5,112.18358871423298,0.0002742099121334228,0.015341861626889393
204.0,115.7971961047679,0.0002774974259621036,0.01552116263461539
204.5,118.61456238976996,0.00030441004775079683,0.016988971746612846
205.0,118.19016777675039,0.0003230722024110036,0.018006800523578382
205.5,118.74030657801374,0.0003062590794060173,0.017089817221357814
206.0,118.53903119160299,0.00029648246334506646,0.01655660295378929
206.5,117.2870735433463,0.0002933974267072403,0.01638834901545601
207.0,118.2613117086575,0.0002960823114028119,0.01653478178024776
207.5,120.21463269825605,0.00030228668388366706,0.01687317031975853
208.0,121.0010674532974,0.0003015147944798077,0.01683107310952806
208.5,120.71583532947008,0.0002963153703796479,0.016547496885100113
209.0,121.62796706940692,0.00029740252935706745,0.016606789945494197
209.5,122.7214733987804,0.0003260094958558269,0.018167008167188015
210.0,124.30755099884797,0.00033913119782302473,0.01888266586685735
210.5,126.31877466070988,0.00033557136282407867,0.018688513614937768
211.0,126.55820331993158,0.00033347163411988947,0.018573995382278788
211.5,125.8752576204755,0.0003363279812719095,0.0187297817160088
212.0,126.70190150424352,0.0003346903177910001,0.018640467224127145
212.5,127.27038358899713,0.00032628073272635575,0.01818181034988603
213.0,128.0768705408428,0.0003187140466052158,0.01776912328805542
213.5,129.11689825940343,0.0003189479599087668,0.017781881129555793
214.0,128.87014421937806,0.00033934046758430037,0.01889408722417807
214.5,129.23708143798402,0.0003642732648825569,0.020253915392119116
215.0,133.0093405806401,0.00035891675062136176,0.01996177660412562
215.5,135.60121468316106,0.0003417180092197043,0.019023760624841863
216.0,133.3109922900909,0.0003296347335296813,0.018364739356864536
216.5,130.91586198480954,0.0003283710585051433,0.018295818059537564
217.0,130.821904794971,0.0003314345177493261,0.01846289905819902
217.5,133.00743052747796,0.0003385543294229757,0.01885121372443788
218.0,134.81000358343874,0.0003493800432908849,0.019441648227487753
218.5,136.5042555518629,0.0003597373254314692,0.020006534611792345
219.0,137.46030756440584,0.0003634533054882924,0.02020920444754937
219.5,138.38881327282448,0.000363905389402017,0.020233862190534035
220.0,139.9737963546053,0.0003673891430506812,0.020423865726543446
220.5,141.25181524879133,0.00037024232034352824,0.020579475929451568
221.0,141.32566197694706,0.00036897568857445734,0.02051039290862729
221.5,140.09300556521256,0.000366651094842859,0.02038360920212883
222.0,139.7724226117096,0.0003646406183958286,0.020273958313293605
222.5,140.15840011066902,0.0003616436165986395,0.020110502902323194
223.0,140.11439942711678,0.00035476170949392145,0.01973516505795148
223.5,140.58662256576767,0.00034708375542791666,0.019316410798372687
224.0,141.25173396116398,0.0003428861911747071,0.01908747552541394
224.5,142.8289588067825,0.0003441223563390177,0.01915489560454056
225.0,145.80058273259948,0.00035773933839659307,0.019897566208711512
225.5,149.24335481508646,0.0003807156483423106,0.021150695389548488
226.0,149.31171844387265,0.0003894355001571617,0.02162627534113956
226.5,147.5878713080093,0.00039323069266955697,0.021833264600405744
227.0,146.16542492576423,0.00039614751180170525,0.02199234850917535
227.5,145.1721415849974,0.0003953056117836419,0.02194643264296465
228.0,144.8485039321088,0.000386665898946526,0.021475223913301138
228.5,145.91648219158847,0.0003763908220312684,0.020914822323636114
229.0,146.66949891840954,0.0003724702233690951,0.020700993685165422
229.5,147.8943909233359,0.00037665201541828167,0.020929068965118244
230.0,150.24016847286254,0.000395535267206333,0.021958956782596472
230.5,152.77651092928573,0.00041324345393632157,0.022924758884738525
231.0,154.7062702424269,0.0004045916632965416,0.022452894380104466
231.5,155.3685168777484,0.00038723471992534034,0.021506249719919514
232.0,154.7093184275348,0.00037759073978430204,0.02098026674161175
232.5,154.2562695335992,0.00037825184963077385,0.021016323804124774
233.0,153.96080352304492,0.0003989350411402666,0.02214438371640994
233.5,154.23522258680117,0.0004227034819478768,0.023440712882912964
234.0,155.73114853605406,0.00041942380351885837,0.023261841055772108
234.5,155.85869775667604,0.00040483701380567054,0.022466279681088663
235.0,155.2195607484011,0.0003948099126830665,0.021919402645235248
235.5,155.8387263541527,0.0003978154287090889,0.02208332356075775
236.0,155.05903507249883,0.0004176012215665482,0.023162439859203635
236.5,156.34423397493214,0.0004295909580505559,0.023816361963601967
237.0,158.10903269278694,0.00042609496285914915,0.023625691097967107
237.5,159.3385614984914,0.00043045922093322365,0.023863714717167025
238.0,159.41767723213638,0.0004451807292594294,0.024666623603672302
238.5,160.2053128253956,0.0004566555842328711,0.025292463324563422
239.0,162.01447530392676,0.00045667483200414604,0.025293515098330117
239.5,164.08231652092454,0.000452486956137091,0.025065111476212085
240.0,164.81302058855618,0.0004496832671504041,0.024912200252278416
240.5,165.70149041155565,0.00044513841057071353,0.024664324921242698
241.0,167.1092927731285,0.0004439620347367114,0.024600166335129355
241.5,167.57111625685965,0.00045247953185043667,0.025064707340291186
242.0,167.3411973669392,0.0004638098238310526,0.025682660232738658
242.5,169.40893168863923,0.00045905596020061904,0.02542338561034048
243.0,170.88572972919613,0.0004528388128147808,0.025084303099487944
243.5,171.2464439505064,0.00045786601442308786,0.02535848699756395
244.0,171.23891020635628,0.0004673115084218927,0.025873644158796966
244.5,170.43129956954448,0.000471241057731628,0.026087962322292803
245.0,170.42953171082172,0.00046984098763538625,0.02601160402889375
245.5,172.9254931519382,0.0004688337574530824,0.02595667130627457
246.0,174.41512411861805,0.0004688048009968118,0.025955093226122643
246.5,177.5941874393654,0.00046570181180033855,0.025785857179226705
247.0,181.3653746874323,0.00045835664635030746,0.02538525194887131
247.5,182.36728060162218,0.00046664007701275673,0.02583703075053153
248.0,178.9969956696185,0.0004954111340365735,0.027406197390138054
248.5,176.30495627047077,0.0004995092119034259,0.02762970357740137
249.0,174.88576194986237,0.0004949977263386632,0.027383649659228015
249.5,175.44234019306694,0.00048587205254197575,0.026885938666634124
250.0,174.94557427723217,0.00048726043353247825,0.026961663736181887
250.5,173.4318487114409,0.0004916131270450995,0.027199061974180004
251.0,173.66321799731438,0.0004961397053263436,0.027445942565639696
251.5,176.34848090595727,0.0005084330980481854,0.028116421338028868
252.0,181.0059920951018,0.0005153898631073799,0.028495840252606406
252.5,185.00764406348773,0.0005044214991691559,0.02789762488949413
253.0,185.11096325541234,0.0004946823383869583,0.02736645205025381
253.5,182.98740792741847,0.0004942989700422695,0.027345543660760654
254.0,182.7713484589082,0.0004983612743768304,0.027567103834586104
254.5,185.06740891043037,0.0005014475841369414,0.027735433980612664
255.0,185.4731964969814,0.0005039193955715652,0.027870248370819424
255.5,184.81107938695823,0.0005172263059625145,0.028595998343420533
256.0,184.07098946113743,0.0005278063216460692,0.029173028744235562
256.5,185.29141438678354,0.0005187721748036862,0.028680311088521846
257.0,186.35374095348888,0.0005022086397296368,0.027776938272949147
257.5,184.53889925250806,0.0004971756413507149,0.027502438634062442
258.0,185.58220894359957,0.0005030850878131499,0.027824741442776805
258.5,190.04755146968316,0.0005050473479526516,0.02793176470473483
259.0,191.6080945096226,0.0005025605825041799,0.02779613631005656
259.5,191.22957634485238,0.000505406237415679,0.02795133616491257
260.0,189.30116930456904,0.0005185359992479446,0.02866743230637899
260.5,187.93040693035255,0.0005253337674796946,0.02903818557619919
261.0,188.62633751697254,0.0005223209739026683,0.028873872330297316
261.5,190.2612733270473,0.0005284577349227005,0.02920857235687478
262.0,189.06904187325443,0.0005617796250511275,0.03102593911988233
262.5,187.55154918467068,0.0005669158514158553,0.03130607068050067
263.0,187.97537963102533,0.0005521144218603079,0.03049880426602024
263.5,190.36718216166955,0.00054789720468875,0.030268799444524715
264.0,191.92080288953983,0.0005461811682773061,0.03017521105661457
264.5,190.41566951138063,0.000546062323946184,0.030168731258514818
265.0,188.96543415046764,0.0005476345930453106,0.030254482989444675
265.5,188.36418645409654,0.0005562301757408803,0.030723280891265033
266.0,189.0499536447275,0.0005725330027866235,0.03161243814649678
266.5,191.26884128341712,0.0005776736023126871,0.03189280801408303
267.0,193.04405497400103,0.000572723579691636,0.031622834634139375
267.5,191.99847841701379,0.0005714782232809282,0.0315549133921461
268.0,192.27971353322096,0.0005701371015393276,0.03148176944099952
268.5,193.83266888532924,0.0005676944125014042,0.03134854605214379
269.0,193.4610242216582,0.0005662158594987309,0.03126790686357868
269.5,192.89333403965804,0.0005684149859098159,0.031387845327719224
270.0,192.7089632481762,0.0005743508506880877,0.0317115849379837
270.5,192.9576325421096,0.0005761912184454639,0.03181195854929372
271.0,193.64783724325727,0.0005711703998383538,0.0315381238394982
271.5,193.40340561630282,0.0005646730252367478,0.031183757617583418
272.0,193.58834333321778,0.0005611239470417114,0.030990191187580177
272.5,196.7251654074454,0.0005585357411487768,0.03084903162378733
273.0,198.3867211343131,0.000554627091955283,0.030635855248651107
273.5,197.92401217018295,0.0005507833110423321,0.03042621577249652
274.0,195.6565349334627,0.0005531952840322121,0.030557764841595756
274.5,194.00958514117582,0.0005650191595780745,0.031202637284691016
275.0,193.71983612261286,0.0005737010218598638,0.03167614410340823
275.5,195.42276941879524,0.0005759897319341687,0.031800971642737354
276.0,196.42926737733816,0.0005730603463517098,0.03164120565721695
276.5,196.9011964092906,0.0005684059023065326,0.03138735401419467
277.0,197.65592822186923,0.0005649394977549913,0.031198296541789818
277.5,198.32491618533487,0.0005683190865782013,0.03138261811164727
278.0,197.9059263259927,0.0005827978847348099,0.03217228323458921
278.5,197.25948255128645,0.0006019189387535431,0.03321514267694068
279.0,196.15372516952505,0.0006094453695556628,0.033625639627601185
279.5,193.49396974488022,0.000601975169591853,0.03321821693495787
280.0,190.56188722555083,0.0005963972576305843,0.03291399867584141
280.5,190.75047521297583,0.0005952471759955364,0.03285127587173533
281.0,193.1238361798393,0.0005960535792261294,0.03289525900461427
281.5,196.12550837717515,0.0005993351448955507,0.03307423390577438
282.0,196.49043353729502,0.0006054858068092162,0.033409682504805256
282.5,196.00124036826304,0.0006062992315738469,0.03345404850756967
283.0,196.45803517729928,0.0005901051991380655,0.03257082882558252
283.5,197.80821209669523,0.0005793930930538638,0.031986591244465915
284.0,198.8223592932156,0.0005819113815220057,0.03212394046364879
284.5,199.79491742749084,0.0005946775975454892,0.03282020771828819
285.0,201.71257665593893,0.0006060948071633036,0.03344289183077502
285.5,203.46170702265707,0.0006014802032591253,0.03319121520049869
286.0,203.35473197862646,0.0005908222089901993,0.03260993759539675
286.5,202.36949736106948,0.000583889234429371,0.03223181772243592
287.0,201.27954662374538,0.0005823752153515633,0.03214924191046231
287.5,199.8610001822562,0.0005935673815371625,0.03275965893183098
288.0,201.10362138551363,0.0006023042709327991,0.0332361668208732
288.5,202.85153941938077,0.0005940536977220034,0.03278618392877998
289.0,201.379006804977,0.0005891674574060807,0.03251969136666112
289.5,198.99524202319924,0.0005860915042000285,0.03235193023531615
290.0,198.11563857130653,0.0005862985673919203,0.03236322178952801
290.5,197.82470340855735,0.0005939759777502628,0.032781944573601424
291.0,196.8773326940082,0.0006045657110412278,0.03335950585007487
291.5,198.33118266085597,0.00061429793659622,0.033890301330565094
292.0,201.96820469822978,0.0006226494022906923,0.03434579040514663
292.5,202.45931268968286,0.0006277195218250702,0.03462231600651345
293.0,199.54079685552432,0.0006269291352497992,0.03457920961961059
293.5,196.82649320016478,0.0006237641849675134,0.03440659461102742
294.0,197.42402608316524,0.0006235577202928227,0.03439533617931881
294.5,200.11447943448388,0.0006246339105747794,0.0344540313683328
295.0,202.96443579036784,0.0006334698601337685,0.034935928350269804
295.5,203.67665835567962,0.0006465141124473092,0.035647354478258446
296.0,204.44899123842592,0.0006313280606510419,0.03481911743750002
296.5,204.59305825903192,0.0006108327769997293,0.033701312899709936
297.0,202.27295000466293,0.0006031309413818008,0.03328125557009705
297.5,201.6984013286322,0.0006023117532889324,0.033236576429138284
298.0,199.43709026461795,0.0006046289883325575,0.03336295949813759
298.5,196.43541252389412,0.0006098443443679649,0.03364740591247781
299.0,195.56429873103082,0.0006180719434883853,0.034096142093031315
299.5,198.0600915175875,0.0006212892052776871,0.03427161484479311
300.0,203.0111230376427,0.0006210586622916262,0.03425903298849285
300.5,207.5494232974951,0.0006315150065677454,0.03482931214258958
301.0,205.6386965005781,0.0006032205775987486,0.0332861370523122
301.5,202.3710153960232,0.000581445299752372,0.03209851864996881
302.0,198.84847247288218,0.0005714554615162555,0.03155367494617455
302.5,199.22989309033935,0.0005767175358311403,0.03184066929601322
303.0,202.65522315639268,0.0005910532730891136,0.03262254297424662
303.5,205.47261767073837,0.0005984493915955137,0.03302592915174248
304.0,205.82775385704664,0.0005999396814000437,0.03310720792096232
304.5,205.18436654178748,0.0006132067426994935,0.033830791451744655
305.0,205.1569176956364,0.0006316686815990187,0.03483770069890259
305.5,204.73122074011874,0.0006357995358057096,0.03506299461339077
306.0,204.7913336384855,0.0006195118886372197,0.03417466967568396
306.5,205.00720712290286,0.0006099858137742773,0.033655121340710796
307.0,204.7708211737089,0.000607188989084507,0.03350258577464788
307.5,204.0364844449221,0.0006032691583474125,0.03328879923965089
308.0,202.06557590754113,0.0005989986380537989,0.03305588543861419
308.5,201.53946663477282,0.0006044954976853603,0.03335568420171353
309.0,201.3004783407291,0.000623312233447201,0.034381951728798585
309.5,204.07654401090707,0.0006369385685993213,0.03512513444451306
310.0,208.54618045412957,0.0006456201877428476,0.035598616026189904
310.5,207.10782523321066,0.0006412862065736417,0.03536223224946944
311.0,203.25492431353013,0.00059799543096591,0.033001160119617276
311.5,204.14653613518848,0.0005669772059049874,0.031309430837026
312.0,204.5286433346624,0.0005612686659836589,0.03099808784655234
312.5,204.98414863276227,0.0005735318237833773,0.03166692243633278
313.0,204.1225807078853,0.0005891760183797654,0.03252015673442082
313.5,200.48642509250863,0.00059109408998418,0.0326247659934887
314.0,198.3133176650024,0.0005849841361491448,0.03229152822967843
314.5,199.86193204136018,0.0005734867088248568,0.031664460057744225
315.0,203.40741600826993,0.0005644841627802756,0.031173461716310094
315.5,205.52627501980763,0.0005638885528777589,0.031140975790747028
316.0,205.49480398719797,0.0005691946948933091,0.031430366771376755
316.5,204.85160923573224,0.0005732693678407697,0.0316525981556143
317.0,205.82790181418247,0.0005693585836251724,0.03143930567419151
317.5,208.7304808648459,0.0005664794448117406,0.03128227854748138
318.0,211.60436119266942,0.0005692651460714425,0.031434212287691096
318.5,212.14852114632538,0.0005699041405069482,0.03146906413384685
319.0,209.37539833355103,0.000571288138112505,0.03154454684123873
319.5,205.42775428459416,0.0005808062211485695,0.03206366250098003
320.0,204.65969110274844,0.0005875728270585881,0.03243271438906788
320.5,205.81057102909529,0.0005833915218169347,0.03220466888210507
321.0,207.66156643401274,0.000587667649272834,0.03243787816237749
321.5,207.08801190367635,0.0006104952920920183,0.033682883882246016
322.0,206.00664874885962,0.0005909255776669949,0.03261556320287379
322.5,206.55355474381818,0.0005636178235435545,0.031126207314595405
323.0,207.19804283860645,0.0005534292716192114,0.03057052534658696
323.5,206.26397181320556,0.0005557670612452961,0.030698028636161483
324.0,204.88892000494164,0.0005690141115378034,0.03142052310195004
324.5,204.01688010702875,0.0005757898518333273,0.03179007198991483
325.0,202.0565411552049,0.0005887843358284332,0.03249878901620731
325.5,201.05645411654726,0.0006033578978382452,0.033293629727409776
326.0,201.53810896265176,0.0006089812159424914,0.03360032593914233
326.5,203.87181192030678,0.000622571693677843,0.034341545574995525
327.0,206.42445021256918,0.0006341192194494867,0.03497134666534223
327.5,206.3083269266305,0.0006221279278819228,0.034317346789889513
328.0,206.379301324172,0.0006012989803510823,0.033181337984618565
328.5,209.42405314907302,0.0005953432593190218,0.03285651461842531
329.0,211.68850820792593,0.0006024422577102398,0.03324369761102903
329.5,210.56741453250316,0.0006163454309485053,0.034001975204898734
330.0,207.73597884905487,0.0006058888903165313,0.033431673342166915
330.5,204.32257543213876,0.0005778902899331989,0.03190462907809627
331.0,202.840906852008,0.000558286798630262,0.0308354516963487
331.5,204.61523766360003,0.0005502896247344527,0.03039928416084168
332.0,206.54814529925792,0.000558689182897507,0.030857394783221973
332.5,205.08488949157427,0.0005831379563357595,0.03219082799127582
333.0,207.21248295146088,0.0005962296259043858,0.03290485207440871
333.5,212.05929550502395,0.0005818729627073052,0.0321218420244386
334.0,214.8108905248648,0.0005736798139578995,0.03167499179069585
334.5,205.38459862699742,0.0005957222876712007,0.032877179990513455
335.0,199.97389412619037,0.0006046961022971622,0.033366603753245946
335.5,200.97184741855838,0.0005882235399520123,0.03246819251081386
336.0,205.60150306964417,0.0005838496533247732,0.03222964489796163
336.5,211.13003994672343,0.0006021461792697354,0.03322753465432837
337.0,211.3791042505278,0.0006160715311774514,0.033987024336049505
337.5,209.90539247096632,0.0005959118275799946,0.03288751898298314
338.0,210.9383044161393,0.0005773314092576671,0.03187414583425282
338.5,206.08623505778232,0.0005883662895059219,0.03247598169243872
339.0,201.84134943966703,0.0005889446964116502,0.03250752805273406
339.5,202.10806919411547,0.0005656183708121036,0.031235314597111746
340.0,204.30496895523473,0.0005387150873340897,0.029768009569933425
340.5,206.44496421223434,0.00053342875018822,0.029479691150657145
341.0,203.2303635704112,0.000546405428018822,0.030187438446130133
341.5,200.85280856365048,0.0005581548633409052,0.03082825372537724
342.0,202.54770361710564,0.0005570678737230246,0.030768970157796532
342.5,205.57230120597123,0.000562161361185127,0.031046769194001355
343.0,209.0938423760684,0.0005761895694830145,0.031811864021905514
343.5,210.15885918908205,0.0005899801622412151,0.032563999938161246
344.0,211.23962377201536,0.0005954308325913287,0.032861280093434295
344.5,210.492413811697,0.0005978149583364103,0.03299131532374601
345.0,206.7226529618896,0.0005941284886061524,0.03279026213795342
345.5,208.43431223178797,0.0005884683021123325,0.03248155906086504
346.0,209.50429273382287,0.0005949401285018461,0.032834530440173405
346.5,209.14657992540396,0.0006003161542380603,0.03312773937082072
347.0,209.96366332000667,0.0005814474993333194,0.03209864202154389
347.5,204.77881320605852,0.0005688055232720747,0.03140914277594014
348.0,203.34718140050796,0.000560539921578377,0.030958337008599575
348.5,204.49750723595145,0.0005704419649049517,0.031498390940775785
349.0,208.38404236873322,0.0005895386019172674,0.03253992207820693
349.5,209.77103342890305,0.0005904885025324835,0.03259173599073114
350.0,208.9055049086227,0.0005718846903263326,0.03157708711862947
350.5,206.31512405784156,0.000577303633479991,0.03187263450603478
351.0,204.99269758722133,0.000608475381093804,0.03357273419547019
351.5,208.0790902544682,0.0006131100250656287,0.03382550880791165
352.0,210.36246177333146,0.0005785491150557255,0.03194056146434831
352.5,209.52272018838397,0.0005452826635941959,0.030126209430719482
353.0,207.44308740518747,0.000555187701105246,0.030666431702189308
353.5,204.00859752231716,0.0006143032418615213,0.03389058653833329
354.0,204.9913397787844,0.0006354249430688023,0.035042563666126354
354.5,210.97669991978265,0.0006005017770249882,0.03313786044294857
355.0,212.8990777113146,0.0005545640183436693,0.030632415790599
355.5,207.0220111279497,0.0005527013941327433,0.030530827455752214
356.0,200.48892563063356,0.0006018462891651369,0.03321117530832324
356.5,197.60691701412824,0.0006137741923129184,0.033861723939363216
357.0,204.25121009504878,0.0005726277541612558,0.03161760684611921
357.5,214.25368310363547,0.0005564716577810699,0.030736452748300492
358.0,215.4180790959872,0.0005596960951048409,0.030912313110245292
358.5,212.6043088467951,0.0005684091939998414,0.031387529244843816
359.0,210.2781562293722,0.0005729806054572818,0.03163685490359771
359.5,210.0355515455001,0.0005754580447108563,0.03177197528072773
360.0,212.85109886223123,0.0005756320807469758,0.03178146398114919
360.5,216.08633077408703,0.0005885404778235543,0.03248547708383396
361.0,216.44436718656095,0.0005993024072751709,0.033072435726295195
361.5,211.38933078316313,0.0005920302961711486,0.03267582136752734
362.0,206.53582317772208,0.0005802346680198487,0.032032493164126326
362.5,207.2754998151087,0.0005701097230955405,0.031480279439811146
363.0,207.62141962239699,0.0005664549823694765,0.03128095098720598
363.5,207.2357758530852,0.0005754557792976681,0.03177185507361178
364.0,207.93892380936143,0.0005884107834154236,0.032478414721406466
364.5,208.37957481068975,0.0005981594211369659,0.03301009924204453
365.0,208.56343989965188,0.0006008882303239003,0.0331589325097833
365.5,210.92753098361584,0.0005915388264432239,0.032649021456397385
366.0,212.13789852695376,0.0005806243634474375,0.03205374911816116
366.5,211.24035227046008,0.0005734766703707809,0.031663914167263336
367.0,210.2532452680283,0.000573139230029643,0.03164551102732266
367.5,210.77968033011328,0.0005797320455775657,0.03200508357950904
368.0,211.5998555172305,0.0005860759697270524,0.03235107818940599
368.5,211.6476450350517,0.0005852106036951415,0.0323038786745241
369.0,210.63018368150418,0.0005702493412786675,0.031487891649335124
369.5,209.3869670435824,0.0005599903863943816,0.03092836859776678
370.0,209.51505068535528,0.0005630026208211004,0.031092657935079076
370.5,210.07512277001175,0.0005774635228753258,0.03188135436384812
371.0,212.05231265049068,0.0005930146579077176,0.03272950711018301
371.5,214.09655777533646,0.00059367340892272,0.032765438004498534
372.0,214.45586231965754,0.0005801673039416983,0.03202881905138086
372.5,211.6026279812311,0.0005724847877757892,0.03160981723355875
373.0,209.59958341263533,0.0005728279324613591,0.031628533506222294
373.5,210.05791401983512,0.0005856806295150695,0.03232952070382534
374.0,209.66480089534588,0.0005960478335709549,0.032894946029482515
374.5,208.36609357490119,0.0006053180864305603,0.033400534596374584
375.0,207.50284869313873,0.0006191729950437543,0.03415617712903447
375.5,207.44207258362692,0.000607898858554381,0.033541293605949526
376.0,208.4588764717792,0.000596035166092927,0.03289425227188695
376.5,208.5294338349591,0.0005915230757216594,0.032648164063263575
377.0,208.41844332929247,0.000594957309692579,0.03283546823116264
377.5,209.80770221386697,0.0005960865614486495,0.032897058808453616
378.0,211.08959409805217,0.0005854450010075766,0.03231666697695805
378.5,212.12479546104979,0.0005916964638144103,0.03265761882669619
379.0,210.70474647384177,0.0006243568793786212,0.03443891204773262
379.5,209.33843038308157,0.0006459009179465492,0.035613920367660756
380.0,210.06611753787448,0.0006369299563507312,0.03512464799336962
380.5,210.4079620271836,0.0006149700119577507,0.033926954847799146
381.0,209.34523789141394,0.0005993458909529985,0.03307481787086797
381.5,212.97973137746976,0.0005934366447506529,0.0327525316617465
382.0,209.86171811737677,0.0006167111296756228,0.0340219145671734
382.5,206.49553998212627,0.000619389432481979,0.03416798614327382
383.0,205.42611112966128,0.0005955134723725769,0.03286579449730914
383.5,206.80052099162629,0.0005831613651844319,0.0321921142295386
384.0,208.2606928004086,0.000584237650176376,0.03225081697652906
384.5,210.8959420187092,0.0006011838339699951,0.033175063965741124
385.0,211.65226528790947,0.0006358007370898406,0.03506306548357989
385.5,211.41687526211382,0.0006554153103214302,0.036132840793824735
386.0,212.6485543497173,0.000637806941893275,0.035172484781652774
386.5,211.88981145156296,0.00062204291211592,0.03431271423580457
387.0,210.6066323552236,0.0006149615087777601,0.033926495927793884
387.5,210.8863225863245,0.0006105289996457301,0.03368475088082751
388.0,209.69392569227145,0.0006264255021731405,0.03455173589271461
388.5,207.3075943467875,0.0006415416523784353,0.035376159230735935
389.0,206.2839364682654,0.0006077871596753097,0.033535197334513094
389.5,207.39970163493305,0.0005662184975080164,0.031268046057077156
390.0,209.10979314870593,0.0005487203230313999,0.030313696665384537
390.5,212.4309154392669,0.0005581192817359443,0.030826316161535937
391.0,211.49947281050217,0.0005849234583419716,0.032288213523404836
391.5,209.4062105429211,0.0005866983698601735,0.032385019622669556
392.0,209.10056333563253,0.0005672003213676534,0.0313215973711903
392.5,209.87883195884226,0.0005557910047791104,0.030699332176259645
393.0,209.18955353253685,0.0005851427159786859,0.03230017121473208
393.5,209.08537134734723,0.000608979656616743,0.03360024496297412
394.0,214.10760965882025,0.0006011041264835761,0.03317071482526369
394.5,218.2926766588983,0.0006026791007979747,0.03325661328242526
395.0,213.28891580717166,0.0006073807206517196,0.033513038636170035
395.5,203.25029485793243,0.0005915671527687366,0.03265056868794591
396.0,202.37335583742748,0.0005813560695704339,0.0320936556561832
396.5,207.85495259830685,0.0005947153196028749,0.0328222687341106
397.0,209.91710629204286,0.000604426422999912,0.033351915491321105
397.5,209.31982807180532,0.0006119091432118787,0.03376002036240023
398.0,209.86716374896508,0.0006241983122634128,0.03443027450540238
398.5,207.46293698689266,0.0006218042978195715,0.03429970283474878
399.0,204.22140703154975,0.0006112701163612254,0.0337251676309722
399.5,208.41888542705945,0.0006150259474176758,0.03393000624391358
400.0,213.13080768380547,0.0006282525007787988,0.03465137653025558
400.5,213.65133263447012,0.0006336373297778245,0.034945064753625306
401.0,210.71914452851337,0.0006186174710520802,0.03412588668298535
401.5,205.29781285936875,0.0006091024727405558,0.033606943245310834
402.0,202.50887789907694,0.0006189106985536902,0.03414188312792634
402.5,202.62949518879785,0.0006262982816140336,0.03454480699987805
403.0,202.72410299888003,0.0006114108187710336,0.03373284658434607
403.5,201.2037751886849,0.0006107826396095226,0.03369858144187039
404.0,199.0898045857043,0.0006323091070549497,0.03487262869423667
404.5,201.8479456893503,0.0006328458279864894,0.034901902263417175
405.0,205.7694304567518,0.0006140526639957089,0.033876927131435204
405.5,211.10769786064103,0.000602342873298271,0.03323827795614194
406.0,213.80269494481044,0.0006021909818691173,0.03322999355620001
406.5,213.775658036532,0.000623930080655981,0.03441563866543855
407.0,211.2902755169886,0.0006398144043313354,0.03528197313415323
407.5,206.60385537360446,0.0006202072045319873,0.03421260144919926
408.0,203.53238481770558,0.0006000699818779994,0.03311431359199854
408.5,204.11920404901966,0.0006077275565398064,0.033531951361776904
409.0,206.11854578738982,0.0006286578117173808,0.0346734849640904
409.5,207.44559942345708,0.000619402036501732,0.034168680350782236
410.0,208.64619268503958,0.0005968611767159615,0.03293930449658665
410.5,207.99972295781745,0.0006043968737541301,0.03335030054158872
411.0,206.3402260127558,0.0006240862542123281,0.03442415705330096
411.5,208.00861484747168,0.0006280394547784723,0.03463976380968115
412.0,211.16388184138438,0.0006126938428057632,0.03380281770744179
412.5,210.44292482666117,0.0005878177131903589,0.03244607325802119
413.0,208.48683912425616,0.0005985803977274443,0.03303306752268971
413.5,206.63716624789348,0.0006288677446801492,0.034684939691891306
414.0,208.20721107240618,0.0006367715325012399,0.035116014160668015
414.5,209.90783520060117,0.0006180661979248098,0.034095827152466604
415.0,208.5028908893884,0.0005978404620991313,0.032992715988200555
415.5,206.66369520906204,0.0006042803432196407,0.03334394674062972
416.0,207.23480412328686,0.0006210045114722665,0.03425608177277808
416.5,212.22016453791085,0.0006316251902296387,0.03483533284648027
417.0,215.6469830401791,0.0006225736105880162,0.03434166289801882
417.5,214.29937045655913,0.0005993458140783534,0.03307481967570942
418.0,206.18993325862402,0.0006157333859449242,0.03396859281726645
418.5,202.12054250753502,0.0006485945330343598,0.03576083688562653
419.0,202.48101992705122,0.000649500302808759,0.03581024431966965
419.5,205.6304917928202,0.0006217987737182344,0.03429940688123381
420.0,206.41008712902627,0.0006072595772609485,0.0335064389706016
420.5,207.0512606792275,0.0006139208823980908,0.03386974779845432
421.0,208.83650947327482,0.000635830242389585,0.03506468498971429
421.5,208.45649209730848,0.0006684611248767813,0.03684436979326417
422.0,205.93506522734918,0.000653511246344616,0.03602900447980751
422.5,205.81838416490405,0.0006304842861463644,0.034773115382048775
423.0,205.12524160626566,0.0006310811994827585,0.03480566810907416
423.5,206.23709190836996,0.0006390924587895892,0.03524260135799931
424.0,209.5906246660961,0.0006507805167425108,0.03588006558445772
424.5,208.32784350347927,0.0006474928680038915,0.03570075785847032
425.0,206.58172273089218,0.0006305123254467923,0.034774641094036406
425.5,206.02920323838882,0.0006348872149552947,0.03501325062530045
426.0,204.60787158410892,0.0006443254711083758,0.03552801091821835
426.5,205.98384288858963,0.0006530336942600151,0.03600295801579069
427.0,206.25959752592462,0.0006624571644898742,0.03651691144792669
427.5,204.75672011903842,0.0006686771654061731,0.036856149146447435
428.0,204.47999038643886,0.0006674226357884826,0.036787730221458925
428.5,207.46087567064146,0.0006664656472005658,0.03673554204902593
429.0,210.2376240214995,0.0006762129222956701,0.03726715577184939
429.5,217.76135658120066,0.0006839175878840377,0.03768736168552656
430.0,219.0041075670037,0.0006819225169769835,0.03757854343074696
430.5,214.836381867569,0.0006598063559503133,0.0363723332755707
431.0,213.44868502849388,0.0006546244128176568,0.03608971403717332
431.5,208.22686072568163,0.0006676498003998106,0.03680011906052442
432.0,208.66551338008045,0.0006637239574567009,0.03658600266133947
432.5,210.96963780404172,0.0006704149304339491,0.036950922667692454
433.0,212.02851178056932,0.0006807270825795809,0.037513355709559014
433.5,211.40246965936234,0.000679160762434551,0.03742793742291054
434.0,206.80316151095244,0.000683581331910505,0.037669031492585436
434.5,206.57564704427196,0.0006773658050280972,0.037330024893497446
435.0,211.0039497091109,0.0006769446008061398,0.037307050110904634
435.5,210.73149084834932,0.0006633113350985821,0.03656349723510118
436.0,211.6792191396099,0.000641618706741036,0.035380386153231226
436.5,211.16722012948222,0.0006624532619790586,0.03651669674356756
437.0,205.90099198400583,0.0006998167731956659,0.03855449705453917
437.5,205.7515063836467,0.0006852697582190627,0.037761110588912586
438.0,209.83623641466872,0.0006735128006669572,0.03711988511839263
438.5,210.70616465854891,0.0006719137841265221,0.0370326714530462
439.0,207.50997959174376,0.0006545711409870444,0.03608680943738469
439.5,207.21845800635276,0.0006401921236543163,0.03530258210596201
440.0,206.93683394749775,0.0006669783803441278,0.036763494201087155
440.5,204.88061883168686,0.000695445058100621,0.038316066584891305
441.0,204.5861498559776,0.0006700218921335713,0.03692949160696534
441.5,207.1306250326263,0.0006632787754083769,0.03656171973182607
442.0,207.47460908524903,0.0006932183735721981,0.03819462557920257
442.5,211.83959667679937,0.0007042190473155669,0.038794610338085934
443.0,212.2709384229641,0.0006915977392775324,0.03810623688699536
443.5,209.81044112933262,0.0006801045765470573,0.037479404951890276
444.0,203.68784021887495,0.0006588369886178909,0.03631947427022885
444.5,200.79959913899157,0.0006522507313850589,0.03596026007876786
445.0,201.32431477132377,0.0006520408114061004,0.035948811566383986
445.5,203.9427815866589,0.0006527239689704542,0.03598607179550154
446.0,207.8530054511335,0.0006734362161149488,0.03711571061983196
446.5,204.71217185004832,0.0006872274297647945,0.03786788464731247
447.0,202.7732113494364,0.0006701850265876742,0.03693839513651971
447.5,202.502467824161,0.0006644483396874713,0.0366255179236381
448.0,203.31283434465647,0.0006778994976608175,0.037359142732886604
448.5,207.40208980412564,0.0007069152775139396,0.03894165778967794
449.0,209.89039447556624,0.000707757850296173,0.03898760984298273
449.5,208.97809711394112,0.0006661006385702659,0.036715632291455726
450.0,208.45578601453448,0.000655861708215434,0.0361572033692638
450.5,206.07116693092283,0.0006805193314858843,0.03750202432724015
451.0,205.06458845382187,0.000697233381219332,0.03841360766413147
451.5,207.35851393910502,0.0006901555833984984,0.03802758619970013
452.0,212.37694250853457,0.0007020214229008747,0.038674748606128566
452.5,215.5838034125454,0.0007377471383453619,0.040623210984083113
453.0,213.59153639678115,0.0007219551468470192,0.03976192355108124
453.5,211.40186275084915,0.0007007115330729942,0.03860331555680046
454.0,204.47566081730176,0.0006902603918234081,0.038033314787134995
454.5,205.1055506441169,0.0006768524694758568,0.037302046161069025
455.0,208.6890370854699,0.0006955648101249988,0.038322599452884555
455.5,208.3954706159317,0.0007189208361978713,0.039596430224847885
456.0,206.5574839241277,0.0006899623423665539,0.0380170441266016
456.5,203.97013590990147,0.000680448856162892,0.037498182624791404
457.0,202.7015556853842,0.0006852339546698578,0.03775916715693582
457.5,205.2219280204186,0.0006860239383561599,0.037802257592361034
458.0,205.85174094578787,0.0006832509332561898,0.0376510186382533
458.5,209.6515662710249,0.000689615424165344,0.03799813770612503
459.0,213.66190801594374,0.0007275058152672254,0.04006467350282032
459.5,213.90160803425047,0.0007546332512235203,0.041544191195032845
460.0,212.54313508584454,0.0007104313459968084,0.039133426953627336
460.5,214.1230587483798,0.0006657289186159995,0.036695362811098586
461.0,212.51770179384235,0.0006557220505531987,0.036149589868147286
461.5,206.05643692321354,0.0006653062778411575,0.036672311558436775
462.0,203.00863868204655,0.0006680295981635064,0.036820839878071276
462.5,205.87590685405314,0.0006723860588905861,0.03705843685969631
463.0,208.92893431618506,0.0006943660965266642,0.03825722308522869
463.5,206.50213170474004,0.0007116097847500881,0.03919769152855497
464.0,204.90270722784817,0.0006883522182007083,0.03792923395808201
464.5,208.65934170339864,0.0006604898655789455,0.036409626194258166
465.0,209.20668339793568,0.000661123304857965,0.0364441748538331
465.5,208.06055068690304,0.0006849631299488691,0.03774439586851724
466.0,207.4902386601915,0.0007025926535946398,0.03870591041786077
466.5,206.3344622348146,0.0007032407305747023,0.0387412576964356
467.0,207.90813079236966,0.0007034071353791528,0.038750334235813054
467.5,208.10154763130575,0.0007059126291489049,0.038886984885985396
468.0,207.32621666217122,0.0007064330625547445,0.03891537145785193
468.5,208.65437316865584,0.0007024019195191362,0.03869551234747323
469.0,208.55124934468776,0.0006996451807737226,0.03854515323065693
469.5,206.4169140227089,0.0006999487996809176,0.038561713537851934
470.0,202.4557790775204,0.0006913479883518354,0.0380926276076134
470.5,200.91317973641526,0.000678888424820438,0.0374130848420438
471.0,202.9890337472386,0.0006723286895313524,0.03705531606401573
471.5,204.86248991961287,0.0006825084723176499,0.03761051438699547
472.0,205.80635195237042,0.0006846473014399469,0.037727167831785
472.5,206.99880024017475,0.0006713783738594916,0.03700348129417566
473.0,205.69203093767712,0.0006635773229901413,0.0365780088925775
473.5,204.23397949376172,0.0006617275026196811,0.0364771201587666
474.0,204.04805419207636,0.0006702951936720814,0.036944398247902514
474.5,205.0361696431665,0.0006719620960530361,0.03703531176623631
475.0,207.772567019619,0.0006380083188615156,0.03518347643515776
475.5,208.71771809041132,0.000621852100430356,0.03430231742231735
476.0,204.94627007907246,0.0006248308157734865,0.034464775871175954
476.5,202.65603919330752,0.0006520821308974157,0.035951055932249676
477.0,204.4261171984758,0.0006817013452109352,0.037566483270060846
477.5,208.36276134127107,0.0006753280061852672,0.03721888669469946
478.0,211.31955252772158,0.0006699877454746739,0.036927636275874684
478.5,207.44928217424564,0.0006835744193630758,0.037668649980114044
479.0,200.00416944500276,0.0006923277268195301,0.03814605513836657
479.5,197.26637576687526,0.000687726354611742,0.03789510364521444
480.0,200.45855636644652,0.0006921261224984598,0.03813506929751895
480.5,205.95233286373485,0.0007149784506375102,0.039381433719940524
481.0,209.66570340021048,0.0007473290216096342,0.04114582951175271
481.5,209.6335150332349,0.0007618223344219371,0.041936300963947445
482.0,209.07803031110393,0.0007437441107418432,0.040950319139670885
482.5,206.75282392843818,0.0007261548486220601,0.0399910026126388
483.0,207.5652448070102,0.0007148327386365826,0.039373494978270134
483.5,210.6918942660062,0.0007076594988953754,0.03898226602957822
484.0,210.68023640937028,0.0007121332730460852,0.03922626219031027
484.5,211.09890657078242,0.0007275106455084916,0.040064942645224484
485.0,211.0465254701361,0.0007317545631219919,0.04029639817531898
485.5,210.45636760468926,0.0007311853845397854,0.04026534974196845
486.0,209.35572560330553,0.0007071876821418737,0.03895652496550532
486.5,205.83835566585202,0.0006956104049595253,0.038325101319020234
487.0,202.87017794468727,0.0006914889182099798,0.03810031542602807
487.5,204.12915031248247,0.0006959026301011452,0.038341040568416494
488.0,207.17677435833957,0.0007111798645368454,0.03917425262936536
488.5,208.3684175105171,0.0006953331878406222,0.03830998090390687
489.0,205.5067734129077,0.0006731354401189593,0.03709931885326385
489.5,201.46381020671328,0.0006663421055289212,0.03672881053978116
490.0,202.80761394445548,0.0006650949441292461,0.03666079021335719
490.5,204.96491547882346,0.0006720834551929587,0.03704194422173324
491.0,204.95630527141458,0.0006886018295671201,0.03794285383259238
491.5,204.3378961353878,0.0007109476329939238,0.039161591195479316
492.0,204.76394733850674,0.0007103553148521392,0.03912928911860318
492.5,208.2876927878262,0.000693439792835382,0.03820671765587974
493.0,209.75511891362956,0.0006909021971681416,0.038068316926277476
493.5,208.85055571817273,0.00069663562639875,0.03838101934748906
494.0,207.01821176559264,0.0007023606872033146,0.03869326444850408
494.5,205.02345122819625,0.0007063153803850677,0.03890895391340142
495.0,209.17468044893633,0.0007150803037061494,0.039386995674686544
495.5,210.64464640357917,0.0007345192773790174,0.04044719133431369
496.0,212.58318758733986,0.0007504120057072448,0.041313977386832464
496.5,209.51985583521028,0.0007311758422312659,0.04026483686217755
497.0,203.92861121775834,0.0007174908380177403,0.03951845687620518
497.5,201.64094272062377,0.0007123842556095694,0.039239943543328666
498.0,201.900928447591,0.000710938815802503,0.03916110998170028
498.5,203.73281423876244,0.0007079162719535628,0.03899626109312403
499.0,205.22487488727577,0.0007102500806264061,0.039123546567612535
499.5,207.05664590961217,0.0007154831056612725,0.03940895328046428
500.0,209.7668287412313,0.0007202324857804949,0.03966797814670718
500.5,210.0379807182302,0.0007142255934587025,0.039340360741800084
501.0,208.4807646920325,0.0007001938410069566,0.038575071111613124
501.5,205.04810433895676,0.000683786037150586,0.03768019392806424
502.0,205.67711282010245,0.0006699712098718282,0.036926737638398405
502.5,205.10638980494588,0.0006566235277580959,0.03619875640989091
503.0,202.9626886009341,0.0006519190054292099,0.03594217237958531
503.5,204.63473165880018,0.0006840105263312658,0.03769243306568422
504.0,207.06837143286242,0.0007253699837579869,0.039948176714006196
504.5,209.96553920111592,0.0007127207982961919,0.03925829709438735
505.0,209.2306949098861,0.0007055245842011427,0.038865820979959796
505.5,209.79382156896773,0.0007273104312898389,0.04005401664284511
506.0,207.44040755769373,0.000753666212278247,0.04149145748653908
506.5,205.75980776738922,0.0007123361490536758,0.039237323698518733
507.0,206.02348774554318,0.0006901426112672179,0.038026891290342424
507.5,201.71457830896816,0.0006968180771779764,0.03839096898104494
508.0,199.62953031917763,0.0007119246160771324,0.03921487726870669
508.5,199.66377026952387,0.0007247486789593541,0.039914302888994904
509.0,202.7410004506951,0.0007166050993283259,0.039470150368872095
509.5,207.27264818153333,0.0007196328473137987,0.039635277684661435
510.0,209.64271110842282,0.0007408191865778328,0.040790779854946
510.5,208.62485554823817,0.0007373449576414219,0.04060130140769366
511.0,208.85184013434022,0.0007095189591493982,0.039083673564830355
511.5,208.1778970957226,0.0006928309345035101,0.038173507401707565
512.0,208.61278777262504,0.0006907545988148305,0.03806026223462049
512.5,208.16158594479617,0.0006904773075788197,0.038045138165132004
513.0,205.7297778944602,0.0006883717469324882,0.03793030125300195
513.5,207.48554961684997,0.0006849904466268706,0.03774588884871936
514.0,206.69021543284848,0.0006831741868210856,0.03764683238080919
514.5,204.45639553443561,0.0006931610143615435,0.03819151356830196
515.0,204.60437245326457,0.0007090228196514962,0.039056617000561865
515.5,208.24553400089363,0.0007099065962340044,0.039104818966727135
516.0,211.83413594624196,0.0006946220219247983,0.03827119677748092
516.5,211.26359958709904,0.0006864707414597961,0.037826624651458446
517.0,210.3249815849286,0.0006845390118832005,0.037721268943052264
517.5,212.16902397656423,0.000681976876148932,0.037581532152169236
518.0,214.73449131760688,0.0006816867618749552,0.037565710336990035
518.5,215.74980297677692,0.0006860982783203204,0.03780631123507777
519.0,214.35831234737864,0.0006913272853260555,0.03809149653379757
519.5,211.37536592972572,0.0006928286915864361,0.0381733833679852
520.0,208.02837136081843,0.0006854570148965371,0.03777133500574319
520.5,205.4112965541804,0.0006790234751888293,0.03742045230926692
521.0,205.02867931899357,0.0006812860573959719,0.03754385197115761
521.5,207.18463458089266,0.0006945322750056236,0.038266295389308584
522.0,207.41916631682685,0.0006948163502438391,0.038281788166207725
522.5,206.74877925790548,0.0006816056076118373,0.037561275830200226
523.0,208.9040197854786,0.0006708176890976351,0.03697290565407765
523.5,211.16620075939056,0.0006638193926529644,0.03659121962522675
524.0,212.31114410133947,0.000655617300261858,0.03614387630558302
524.5,210.70649780338363,0.0006612503004920313,0.03645109308163171
525.0,210.62051089580174,0.0006751230061581998,0.03720770824737311
525.5,211.13338934051035,0.0006856390115731299,0.03778125350761196
526.0,211.90280569691566,0.0006896523254576219,0.038000142599809834
526.5,211.5799688705063,0.0006851917995979931,0.03775686676529459
527.0,210.88020136561718,0.0006839005687126714,0.037686442871238846
527.5,208.5194574236557,0.000686298236470968,0.03781721147718168
528.0,206.59825255440913,0.0006869067905022732,0.03785040503928578
528.5,205.0609945263174,0.0006867566891718388,0.03784222058977721
529.0,204.51010902778407,0.0006893305567163943,0.03798260043765564
529.5,203.84265655423926,0.0006902806166159284,0.03803441797159781
530.0,205.40699363030834,0.0006831362350127371,0.03764476274181072
530.5,208.48712121192966,0.0006914510870841071,0.03809824601491199
531.0,210.06140892445498,0.0007153931058386394,0.03940403809288971
531.5,209.99534596608223,0.0007135642369036122,0.03930429703935039
532.0,210.69669013537563,0.0007025440861420171,0.03870326021708763
532.5,209.2990419071344,0.0006988332430313454,0.038500868827722697
533.0,206.7344098766854,0.0006972726906227529,0.03841575775273853
533.5,204.14668529942583,0.0006869164558649345,0.03785093182033406
534.0,205.75080691637675,0.0006760221469230205,0.03725675858649878
534.5,209.6601073991865,0.0006730691350241444,0.03709570217282277
535.0,210.32483103786842,0.0006789985187159503,0.03741909156091083
535.5,209.1402366849204,0.000683500538087895,0.0376646284085712
536.0,207.76391704864741,0.0006871506102518143,0.03786369801854175
536.5,207.34172148523874,0.0006843216114594901,0.03770940454180483
537.0,206.12488371416853,0.0006767507568761278,0.03729649225610232
537.5,205.3217260176991,0.0006680862262022445,0.03682393051154758
538.0,205.92811319781288,0.0006585594284824578,0.036304339254768045
538.5,208.19563688850153,0.0006529233956677814,0.035996948323082735
539.0,209.66057624800513,0.000661199105133329,0.036448301042794895
539.5,210.24418757586656,0.0006733028696324775,0.03710843979303608
540.0,207.88257839686418,0.0006779249505042773,0.0373605271382152
540.5,205.77602392090577,0.0006781336366812197,0.037371909706728414
541.0,205.06493517371746,0.0006749769334609728,0.03719974549396634
541.5,205.371210974566,0.0006705653719106349,0.03695914288369679
542.0,206.39133536942308,0.0006703420795464178,0.036946966765342384
542.5,208.21600824999288,0.00067410300694869,0.037152088830946575
543.0,207.90564331638723,0.0006757557011864966,0.03724222552346593
543.5,206.78380141996854,0.0006799860610502598,0.03747294681322644
544.0,207.23566687416172,0.0006839782705278708,0.037690684341510426
544.5,207.6451264012368,0.0006833763581088119,0.03765785860606493
545.0,208.80084274451605,0.0006783886463658838,0.03738582853458054
545.5,209.86969835031536,0.0006748678858364373,0.03719380455535577
546.0,210.3518145671701,0.0006724182765116841,0.03706020084044774
546.5,211.250464251248,0.0006710326755609308,0.03698462216945653
547.0,210.64648803621878,0.0006825236005965843,0.03761133134953767
547.5,208.1410702793039,0.0006806662576512664,0.03751003894304317
548.0,204.35962189605021,0.0006658059647122035,0.03669956570363037
548.5,202.78385793347041,0.0006541053771744166,0.03606141702446704
549.0,204.33591262645194,0.0006518552158700497,0.035938692503344624
549.5,208.80670868170802,0.000658135658088919,0.03628122848938292
550.0,211.1112874422583,0.0006743574292509678,0.037165963238757385
550.5,210.38410096969227,0.0006886083389397859,0.03794320488380031
551.0,208.82790976972464,0.0006862577201680333,0.03781500481551685
551.5,207.79560293553808,0.0006732654239253278,0.03710640630087047
552.0,207.19159675657022,0.0006578957470465737,0.03626814371730585
552.5,208.43230807053752,0.0006494755587395227,0.03580890561176261
553.0,210.87149656187367,0.0006486472630091984,0.0357637307781627
553.5,211.3037562188906,0.0006615568092208227,0.036467813409061085
554.0,209.04947564470655,0.0006774152799801889,0.037332732617496506
554.5,207.1531516713342,0.0006811175951615649,0.037534660242758935
555.0,208.07873691236995,0.0006728687673815116,0.03708477034901384
555.5,208.72832730956506,0.0006618949562474956,0.03648625891494447
556.0,209.2998404389972,0.0006546629826388072,0.036091827695200696
556.5,211.01636061973278,0.0006520254646692511,0.03594797796608507
557.0,212.89707465860144,0.0006591458758491386,0.03633631834322814
557.5,212.1956435849563,0.0006698861384168577,0.036922088300727865
558.0,210.68990880426887,0.000668610845651692,0.03685253910365723
558.5,209.77430569981559,0.000658575194154429,0.036305196584400415
559.0,207.2166934657409,0.0006575629289335069,0.03624998690019588
559.5,206.69006030792445,0.000665115356022661,0.03666189685757898
560.0,208.21748628564978,0.000661811336373696,0.036481697538412614
560.5,210.22978675785683,0.0006509072817525734,0.0358869907226136
561.0,210.77700594771238,0.0006420012725490201,0.03540125599019611
561.5,210.41374809709558,0.0006371518251890334,0.03513676712938827
562.0,210.11258912392213,0.0006386436788426675,0.03521813295258893
562.5,210.1790211148726,0.0006465744161291895,0.03565067339133707
563.0,208.70216897142527,0.0006594409539630552,0.03635241134846
563.5,207.6032387363834,0.0006605338133333333,0.03641201637254902
564.0,208.4656825685448,0.0006520863986419321,0.03595129683977145
564.5,207.4432613580248,0.000643943204084968,0.03550716776488204
565.0,205.60013425580206,0.0006378868311488784,0.03517685307355875
565.5,204.55582958471663,0.000633665753908968,0.03494663560517972
566.0,205.8785389150325,0.0006303084826470593,0.03476352984117649
566.5,207.0693959447119,0.0006290966468476772,0.034697436679953814
567.0,208.96963619677075,0.0006348557169611413,0.03501153338868692
567.5,210.16825649911294,0.000643454197871082,0.03548048832525132
568.0,209.9069964310588,0.0006433199948055871,0.03547317102640768
568.5,210.05871545298385,0.00063296599221335,0.03490846721156783
569.0,208.9224696225948,0.0006193659868242461,0.034166724476317786
569.5,206.87197115901003,0.0006075147451439926,0.03352035725554414
570.0,206.33180027984653,0.0006031591995610472,0.03328280500993004
570.5,207.92700307954993,0.0006057103166326579,0.03342194374380512
571.0,209.87191642791825,0.0006220078980481753,0.03431081029388222
571.5,209.81715737534074,0.0006437004950180354,0.03549392162229426
572.0,208.1860623195585,0.0006378237220104239,0.03517340744865825
572.5,207.13247946552258,0.0006220108133642175,0.0343109728868962
573.0,207.13301705978142,0.0006194034308308565,0.034168764729067165
573.5,206.2815635105666,0.0006261114414167277,0.03453461641052447
574.0,205.6245416156385,0.0006404455565115847,0.03531639384670606
574.5,206.99370884727526,0.0006548077365102604,0.036099704337929445
575.0,209.13474753335504,0.0006559846145877974,0.03616389731049116
575.5,211.15031204629878,0.0006448182384729258,0.035554889090731664
576.0,211.83546994889667,0.0006408006809924247,0.03533577255411909
576.5,213.33506933641667,0.0006432222500299537,0.0354678450422448
577.0,213.81850046150765,0.0006430637972940822,0.03545920459653869
577.5,212.0791501252733,0.0006377645245574899,0.0351701830590926
578.0,210.33500316893378,0.0006357200079887913,0.035058675539791986
578.5,209.63737613570675,0.0006372765646117763,0.035143566279293326
579.0,209.00091237632788,0.0006503660198013684,0.0358574569649636
579.5,207.2466300417557,0.0006641145780882977,0.03660730432474816
580.0,208.47380330133754,0.0006562614324619921,0.036178998763906255
580.5,213.49199080180622,0.000644406848098104,0.03553245396862878
581.0,214.2148348068789,0.0006424686016551644,0.035426742859352135
581.5,211.61582155072608,0.0006449471135539614,0.03556191918613022
582.0,209.54336433139207,0.0006481073384944765,0.035734273760012036
582.5,205.690955602842,0.0006547738862710131,0.03609786572186742
583.0,203.5133642471717,0.0006579611678864226,0.03627170288785899
583.5,204.89321624410647,0.0006485346933824571,0.03575758452675817
584.0,206.69113274038892,0.0006461317934547199,0.0356265270008764
584.5,207.57428779888463,0.0006545392426663538,0.03608506560114815
585.0,207.51918528068393,0.0006560646166775912,0.03616826163556025
585.5,209.42473551759062,0.0006534056849236774,0.03602324443068115
586.0,212.10104949817446,0.0006571479997828294,0.03622735146791943
586.5,210.4480348528242,0.0006588685811665299,0.036321193611787234
587.0,209.51745857450936,0.0006394732420512192,0.03526337258374473
587.5,213.1192820776697,0.0006221609070751915,0.034319158337236304
588.0,212.06114669619296,0.0006499808721165508,0.03583644919362781
588.5,206.59270426030682,0.0006516205089263875,0.03592587660815893
589.0,206.46199131571728,0.0006230062568858972,0.034365255095035546
589.5,207.42886957045818,0.0006236024170855411,0.03439776982141568
590.0,207.33115082498944,0.0006372964641287221,0.03514464419038023
590.5,206.86580266285563,0.0006425056981706991,0.035428757205264554
591.0,205.10708348670346,0.0006423218815167888,0.035418732999458725
591.5,205.33982666271623,0.0006386150431952234,0.03521656499753865
592.0,203.91442400249437,0.0006357347472364349,0.035059476776062144
592.5,205.22833053574072,0.0006373972435100849,0.035150150370589134
593.0,207.68053009916366,0.0006526990785646554,0.03598470989746563
593.5,209.0751319554914,0.0006743696695988912,0.03716662187003838
594.0,211.19559164755847,0.0006814799016865139,0.03755441066113044
594.5,212.39278234904594,0.0006748170737788207,0.037191023991225765
595.0,214.38882509126316,0.0006550097038081722,0.036110736942647784
595.5,210.54482938136977,0.000660595758003856,0.03641539408747678
596.0,209.43417584900732,0.0006722260173998626,0.03704970365811062
596.5,208.8765798556604,0.0006692707395152468,0.036888526268357716
597.0,208.14363258560067,0.0006557842134481696,0.03615297268048004
597.5,208.01029029796197,0.000653245689838189,0.03601452243951077
598.0,210.23497559819927,0.0006547459851846029,0.03609635029752952
598.5,209.13040515551518,0.0006520500280909923,0.035949309100991415
599.0,204.24919618733213,0.0006613363708350739,0.03645577875473847
599.5,203.0393302343619,0.0006767392815209229,0.03729585522993306
600.0,207.5734594914175,0.0006740815912297263,0.03715090974588826
600.5,211.32425284719443,0.0006640996908452513,0.03660649708876989
601.0,209.48377650713448,0.0006605800234711513,0.03641453176681733
601.5,208.1546717782313,0.0006604479856093776,0.03640732975244431
602.0,210.6471815664949,0.0006655794951637724,0.03668720303703742
602.5,213.68495787109566,0.0006801735961214243,0.03748316370651301
603.0,214.06809043416754,0.0006934126671122291,0.0382052247835609
603.5,214.92555467327148,0.0006810546497965862,0.03753121775463749
604.0,213.32418741892286,0.0006590888112417431,0.036333202483593265
604.5,211.69882697217545,0.0006220352479839816,0.034312303266842425
605.0,209.55633867144454,0.0006074462546309019,0.033516619521901325
605.5,205.9410689841205,0.0006127496522379844,0.03380586386026557
606.0,208.1745350070558,0.0006177523724635937,0.034078709890262966
606.5,212.08661555992384,0.000643530366128559,0.03548463944193544
607.0,211.3676133898738,0.0006331952035148483,0.03492096792675327
607.5,211.47786469069112,0.0006192460546741234,0.03416018151109227
608.0,207.8613312752066,0.0006548719426526935,0.036103206910510346
608.5,206.24259709079536,0.0006719525717184982,0.037034784095267385
609.0,210.8927154602488,0.0006426948104105618,0.03543907306354174
609.5,216.83205489133167,0.0006130839504295247,0.033824097481788724
610.0,216.4952228525863,0.0006184623294234908,0.0341174293053448
610.5,213.30095180663307,0.0006454750840666313,0.03559070320558552
611.0,211.8431971229407,0.0006593562621002146,0.03634778335984909
611.5,212.27197305507667,0.0006525364563760774,0.0359758294575431
612.0,210.9602870055557,0.000647977144984914,0.03572716343601295
612.5,209.01573610349612,0.000643989165413362,0.03550966013116379
613.0,209.75993678904092,0.0006390436151753745,0.03523992962067145
613.5,212.39660031529527,0.0006409945374325093,0.03534633357544757
614.0,212.6174975431332,0.0006444444661824727,0.03553449543105067
614.5,209.1371383211217,0.0006421102732437287,0.03540719280129249
615.0,207.963524854149,0.0006376092922557148,0.03516171141356402
615.5,207.97240972240675,0.0006358399361274834,0.03506521083398756
616.0,209.48473223114644,0.0006433392544075724,0.035474222155283106
616.5,212.44666788214275,0.0006659899284186512,0.03670958272017665
617.0,212.22022217379828,0.0006827924244591057,0.03762598817752681
617.5,212.5843082087035,0.0006717366719379579,0.03702301342835574
618.0,213.5163377614054,0.0006536845840153379,0.03603846001754327
618.5,213.12186964155114,0.0006399708313006032,0.03529051339744758
619.0,212.69383068049856,0.000635820348039295,0.03506414673387553
619.5,213.4970313043152,0.0006399575325324815,0.03528979100562753
620.0,214.12390305044437,0.0006429966413239844,0.03545554454087308
620.5,212.8141077159728,0.0006552943977056498,0.0361262571103816
621.0,210.49319146246623,0.000649289459839375,0.0357987441871107
621.5,209.75699649011167,0.0006344445173568227,0.0349891040865385
622.0,210.7267142589374,0.0006194147713003213,0.03416938358366218
622.5,212.7806191535874,0.0006096221359843388,0.033635294434513706
623.0,215.79939791542287,0.000615635975022388,0.033963289206716415
623.5,217.8726498556108,0.0006395467220808211,0.03526737653932658
624.0,216.64574973725513,0.0006474747310358615,0.035699768343624164
624.5,215.11756240066373,0.0006449853759360872,0.035564001713609766
625.0,212.92650431457736,0.0006440443591493384,0.03551268278533363
625.5,213.19392491989137,0.0006424927451043827,0.03542805943479425
626.0,213.7325577147483,0.0006435317096825397,0.03548472524980484
626.5,210.45233779056537,0.0006492544480733803,0.03579684422444519
627.0,209.00928225326183,0.0006535174949882908,0.036029350888758804
627.5,208.5899895319257,0.0006664259439010626,0.036733370010733776
628.0,207.31592262939427,0.0006882048365506843,0.03792118074333659
628.5,208.00913496908387,0.0006752273603817231,0.0372133996673451
629.0,211.36252859818924,0.0006482211595084907,0.03574048797826539
629.5,212.42339844447224,0.0006320244282035814,0.03485711821476621
630.0,211.3774163037765,0.000633945372590822,0.034961885562237026
630.5,210.27985938293165,0.0006510760206995949,0.03589619101264612
631.0,208.10407568747115,0.0006649738342284458,0.03665417833845419
631.5,207.85717821740639,0.0006655079354516555,0.03668331044407857
632.0,208.1540432334914,0.0006597101449787317,0.03636709609723513
632.5,207.99287738068108,0.0006515910664588874,0.035924277076528684
633.0,207.84391238771278,0.000639331343534625,0.03525563276707375
633.5,208.1923920066675,0.0006310816015727305,0.03480569358513101
634.0,209.22368517449462,0.0006248212315241172,0.0344642533150209
634.5,209.87922033298142,0.0006233460936818357,0.0343837995747442
635.0,209.47782180027008,0.0006285384553984052,0.034666991956171685
635.5,210.55851298107353,0.000643235604664356,0.035468574433659306
636.0,211.48200922940774,0.0006610783601025416,0.03644171326110875
636.5,211.7066973587374,0.0006584945606489743,0.03630078820670337
637.0,212.2447544329451,0.0006466294067347129,0.03565366598157992
637.5,212.92745328026754,0.000643017776268515,0.03545669347151539
638.0,213.93852684626046,0.0006438185090306042,0.0355003681823941
638.5,213.3258622569761,0.0006481095484398012,0.03573440077976829
639.0,211.71367450276784,0.0006525770159562695,0.0359780533412651
639.5,212.78260103961566,0.0006562763154759938,0.03617980996271241
640.0,215.0117712906019,0.0006643857893350131,0.03662209669713374
640.5,218.1667574458028,0.0006712809987122271,0.0369981652069315
641.0,218.73293923072882,0.0006673983118467626,0.03678640819559226
641.5,215.90444949709297,0.0006614449931560296,0.036461713816666
642.0,211.36028803299828,0.0006655009885110343,0.03668292802065083
642.5,207.59067893493258,0.0006700259501388864,0.03692972221912712
643.0,206.7694625091101,0.0006720175226459705,0.03703834469990945
643.5,207.38497451757183,0.0006824294962779056,0.037606203140889694
644.0,207.5915214233124,0.0006883345273698253,0.03792825978628661
644.5,208.88249952076882,0.0006676985917916708,0.03680278261054913
645.0,209.14114002495967,0.000648485970447125,0.035754929905119755
645.5,208.14095240225734,0.000644318752262966,0.03552765143892051
646.0,206.56746451345774,0.0006546439558815255,0.036090789801204747
646.5,208.9342684040508,0.00067601952749281,0.037256611305967136
647.0,209.07390874965327,0.0006979748569975014,0.038454039312630924
647.5,211.00623651214542,0.0006899707500000008,0.03801749930465532
648.0,214.62198134744574,0.0006647162478708101,0.03664012583546345
648.5,216.49105197328615,0.0006408009140076677,0.03533578555912592
649.0,215.39532993427989,0.0006287350691619771,0.03467771370654663
649.5,214.86366475313972,0.0006257046955708944,0.034512437757070275
650.0,213.36550188047045,0.0006294279930718125,0.03471550641715437
650.5,213.11597001152285,0.0006362949096466795,0.035090027027008336
651.0,212.3476549722545,0.0006471411538695312,0.03568158074946766
651.5,210.20294597114986,0.0006611912717943953,0.03644786793265657
652.0,208.6890658589137,0.0006881192431430387,0.03791650659762069
652.5,208.96975620565823,0.0006849063738448104,0.03774128500778863
653.0,209.97820114071217,0.0006611239440721427,0.03644420129324714
653.5,212.0695661128822,0.0006463561691786312,0.03563877050157616
654.0,213.28126407049137,0.0006354513635570097,0.03504402337377943
654.5,212.97586224951283,0.0006313960065026716,0.03482284434271934
655.0,213.03415794732206,0.0006354032481252187,0.035041399791257324
655.5,212.3147575393949,0.0006662406784080589,0.03672326872430684
656.0,211.66695527664015,0.0006908549398381234,0.038065731530636575
656.5,215.3641671607328,0.000678666020758846,0.03740095213036002
657.0,214.9114320296571,0.0006601836062357119,0.03639291879150447
657.5,212.33476239700502,0.0006554697902597538,0.03613582685683995
658.0,208.10157964287075,0.0006479879694508686,0.035727769301723174
658.5,206.02264175713992,0.0006484726674624276,0.035754200790057804
659.0,207.46014007299456,0.000664064249064101,0.0366045646168735
659.5,208.28458136471076,0.0006703931294571058,0.03694974240262626
660.0,209.731513922856,0.0006564139521962882,0.036187321571387904
660.5,214.27282335755936,0.0006418507816034447,0.03539304773505183
661.0,215.19712718909844,0.0006433524249363352,0.035474944585088604
661.5,213.62449773099635,0.0006528138913590728,0.03599097320845483
662.0,208.32701906097225,0.0006567718392314281,0.03620683526406575
662.5,202.22069025784847,0.0006697394422885784,0.03691408708657322
663.0,202.08867338250192,0.0006699961912907819,0.03692809510799379
663.5,207.4744504602999,0.0006624429169625289,0.03651614334443881
664.0,213.25840783065718,0.000661510885381717,0.03646530952747667
664.5,216.50974033599087,0.0006921146705028565,0.038134426037281975
665.0,212.27763654977213,0.0007156879764947564,0.03942011575447475
665.5,210.23946577070893,0.0006909972930801839,0.03807349006558793
666.0,211.53762988471263,0.00066798724777028,0.036818528054844125
666.5,212.85297918484005,0.0006756540995625615,0.03723667114035084
667.0,206.82926652673783,0.0006843740792148719,0.03771225799328416
667.5,204.34293180409585,0.000650171810388109,0.035846869310005657
668.0,205.28088849757822,0.0006328171897763176,0.034900348893916355
668.5,206.15828725119803,0.0006329844902540132,0.03490947299002858
669.0,207.38471917285108,0.0006457161052535879,0.03560385933787495
669.5,208.72131951089506,0.0006586321702249565,0.03630830617753564
670.0,210.07542640375632,0.0006613295387889439,0.03645542040070298
670.5,210.9199944161734,0.0006646271191380238,0.03663526731317527
671.0,209.4721502256794,0.0006640405709490523,0.036603272210990384
671.5,209.0293264449762,0.0006570774537145138,0.036223505933523095
672.0,209.79072407630417,0.0006474061933449531,0.035696037364126125
672.5,211.97126106005481,0.0006523442167085897,0.03596535460007128
673.0,212.83936294100633,0.000671353092229233,0.037002086922155536
673.5,211.89352549582378,0.0006709996433129305,0.03698281606731057
674.0,211.53518835710472,0.0006439608612730784,0.03550812832364979
674.5,212.16460181939456,0.0006255951148892776,0.034506461818981454
675.0,212.20878999590926,0.0006184338391200993,0.03411588631784136
675.5,215.39331409169918,0.0006232438347399553,0.03437822467202348
676.0,215.7036759372846,0.0006425212547708462,0.03542961286802197
676.5,212.9677158442595,0.0006665775669835605,0.03674163745543901
677.0,212.7455441300203,0.0006695811317767291,0.036905455016853224
677.5,215.0712018639037,0.0006603924499611315,0.036404309117111636
678.0,216.57712119946638,0.0006509145391151643,0.035887385397599454
678.5,217.0606901202087,0.0006437103227674233,0.03549446843053919
679.0,215.2092145911806,0.0006418029959553203,0.03539044286212293
679.5,214.63536477536456,0.0006438293669649565,0.035500958983139236
680.0,213.53235569510034,0.0006570139064466464,0.03622003267167131
680.5,211.59413056394388,0.0006700277759284665,0.03692980604541491
681.0,209.83572211177582,0.0006708199131914717,0.03697301656227088
681.5,208.9491968399061,0.000668197717843079,0.03683000856394488
682.0,209.3082358560305,0.0006695659357976157,0.03690463353156927
682.5,210.26167277435366,0.0006685577233667182,0.03684964643451464
683.0,209.86742310827313,0.0006678806303752876,0.036812718397615615
683.5,207.4832503866947,0.0006747341849688245,0.03718651092921029
684.0,206.65458549481704,0.0006852445548231593,0.037759745505482584
684.5,209.10439121684266,0.0006891706720745186,0.03797387468266254
685.0,212.40350273710672,0.0006990708603981864,0.038513817134129616
685.5,212.75313077552622,0.0007055975346661178,0.038869784475032726
686.0,210.7261868267485,0.0006852027400445077,0.03775746304250619
686.5,209.07669454298613,0.0006704796363135602,0.03695446890697679
687.0,210.4959209412098,0.000662956908399453,0.03654418104622814
687.5,214.0619776743926,0.0006616562910581092,0.03647324412883283
688.0,216.75492502316084,0.0006720907070287258,0.03704233062818366
688.5,215.40207879999735,0.0006840361045337685,0.037693829670851546
689.0,214.05279913512172,0.0006897935276215023,0.038007841542648
689.5,211.94889646170944,0.0006932384059684126,0.03819572802359413
690.0,209.23518388612922,0.000693283510078737,0.03819819000243477
690.5,205.66768497019743,0.0006929846158732271,0.03818189037514071
691.0,203.88788563612306,0.0006892802475750004,0.03797985615342973
691.5,203.97329567350525,0.0006789294536360334,0.037415324925875314
692.0,207.33355617519305,0.0006744004437165961,0.037168313050847446
692.5,211.56790379819984,0.0006900223120890997,0.03802032419470153
693.0,214.0342194829871,0.0007257306463228628,0.03996783592071226
693.5,212.47660328883455,0.0007264389138272384,0.04000646518049088
694.0,211.15152857788902,0.0006999694208590508,0.03856283014149798
694.5,209.20167575644743,0.0006871176576101378,0.03786190165705873
695.0,207.46192653635688,0.0006765318871967458,0.037284557021485795
695.5,208.01802829299615,0.0006636511578031789,0.03658204295201763
696.0,209.1691798719552,0.0006549313723554085,0.03610646549805167
696.5,208.552871971102,0.0006574516401721036,0.0362439214043686
697.0,206.86291316411575,0.000674058331655013,0.03714965073630205
697.5,206.03232032841032,0.0006817909603493476,0.03757138338310005
698.0,206.25025701178185,0.0006750327189104146,0.037202787664268225
698.5,208.8738649106476,0.0006765288937645798,0.037284388009003494
699.0,210.95134009710364,0.0006877678345277359,0.03789735985753307
699.5,212.8422017509036,0.0006827525330122384,0.037623829378948134
700.0,213.0015702521636,0.0006681389787582087,0.036826808727235545
700.5,210.5907960825138,0.0006614005703547036,0.03645929775981073
701.0,209.5900197237569,0.0006628882180395112,0.036540432922149674
701.5,210.80264994253207,0.0006696108081269249,0.036907082453134045
702.0,211.7482989108185,0.000672383827074017,0.0370583253378195
702.5,211.80892371202935,0.0006706827775709311,0.036965551580853635
703.0,211.52942096824862,0.00067019109833941,0.03693873479342609
703.5,211.78453554247196,0.0006728913471745074,0.03708600545581971
704.0,213.69241804864777,0.0006841216587551885,0.03769849663520686
704.5,213.87056375417774,0.000702207836358427,0.03868491232599472
705.0,212.2861760735848,0.0007157379787117717,0.03942285073862666
705.5,209.6678261540297,0.0007087680889121179,0.03904271628901731
706.0,207.04787082076476,0.0006936420886985268,0.03821774521755785
706.5,204.21927021337598,0.0006861850523881707,0.03781103762705404
707.0,203.91922445400346,0.0006851231095604483,0.03775312146162554
707.5,208.66885491532224,0.0006865755265532496,0.037832340180690496
708.0,212.20630538423012,0.0006917665810799926,0.03811545453524197
708.5,211.03542964611455,0.0007059822087746224,0.038890765047238034
709.0,208.21421449433498,0.0006948334132179986,0.03828271650565986
709.5,205.6045728629788,0.0006792423582879778,0.03743238396590444
710.0,204.17344787654494,0.0006815012913883391,0.037555586535419766
710.5,203.4607736984048,0.0006902162412308203,0.03803090177911869
711.0,206.4051793269063,0.0006936936360259924,0.03822056070170522
711.5,210.6957244897714,0.000695058533131769,0.03829499272545127
712.0,212.64470018582534,0.0006929806299371344,0.03818166522623162
712.5,214.8788374203291,0.0006802139920636968,0.03748537829994833
713.0,215.22473011468284,0.0006698788694570283,0.03692170422436872
713.5,211.6575656394981,0.0006628735706250256,0.03653963538742938
714.0,207.62712007232656,0.0006631889618731957,0.03655683627407749
714.5,206.81190352080162,0.000676004183758539,0.03725577420439387
715.0,205.64199546487552,0.0006935153893763897,0.038210833787248884
715.5,207.1217417103524,0.0006988894239275507,0.03850393652887065
716.0,209.30763794295996,0.0006935522734475222,0.038212849865830976
716.5,209.34433891670565,0.0006847585021076369,0.037733236172479465
717.0,208.6781578428097,0.0006747729763873513,0.03718862312369208
717.5,209.1962152175453,0.0006683669213535777,0.03683923427026458
718.0,211.86991264681717,0.0006762488535879751,0.03726911100549972
718.5,213.4639671296787,0.0006970079437440339,0.03840131122748869
719.0,214.63319381103904,0.0007104133913251459,0.039132448565419406
719.5,213.44763560847943,0.0007056155325270672,0.03887077613934654
720.0,210.5817297410561,0.0006887291592245567,0.037949798032986995
720.5,205.93870577530473,0.0006760023064198649,0.03725567701959227
721.0,200.0472357767019,0.0006680779022947547,0.03682347994406137
721.5,201.51108884775905,0.0006667023020939247,0.03674845494285199
722.0,207.35416434559926,0.0006800138497167932,0.03747446007721791
722.5,210.7001491137412,0.0007049507667544466,0.03883450699355603
723.0,211.4232714835302,0.0006935004807154849,0.038210016787777065
723.5,210.6401086569109,0.0006747326457788778,0.03718642607667401
724.0,211.18719334723713,0.0006627810065778806,0.03653458482677866
724.5,211.15012671683553,0.0006585453737608539,0.03630357373621564
725.0,209.68521203318264,0.0006662496575289204,0.03672376533794876
725.5,207.27072693433766,0.0006732231330754414,0.03710409994934014
726.0,206.38127185530064,0.000665700478027249,0.0366938140354891
726.5,209.85778931055526,0.0006711850034739092,0.03699293089372938
727.0,211.86183898579267,0.0007018248394863003,0.0386640171205018
727.5,211.65605003837914,0.0006883236374341057,0.03792767213429422
728.0,210.01335725759972,0.000665492165762759,0.03668244989977009
728.5,208.03662513190255,0.0006559872659695316,0.03616405314457265
729.0,207.7969736818473,0.0006560313426488021,0.03616645708945831
729.5,207.54480299205792,0.0006623716293500022,0.03651225765668892
730.0,205.6819402965913,0.0006644559585983341,0.036625938164885914
730.5,206.14332122817135,0.0006609657614577926,0.036435581716043504
731.0,207.75380981802223,0.0006729621204231404,0.03708985372747923
731.5,209.34583326254966,0.0006950948477526758,0.038296962222384184
732.0,211.456113644878,0.0006792667174640083,0.03743370695440262
732.5,212.7200728993092,0.0006580070638610704,0.036274211178872015
733.0,210.67082454847795,0.0006454726266358795,0.03559058480609175
733.5,208.7925784555382,0.0006451861146022007,0.03557495856019708
734.0,209.4901962708135,0.0006580656262438894,0.03627740984505302
734.5,210.31432031075673,0.0006778688280069224,0.0373574789874529
735.0,210.11854306637426,0.0006945310221312892,0.0382662318389082
735.5,211.35651584452168,0.0007110647500592388,0.03916797172677959
736.0,211.76351201227797,0.0007088851283443889,0.03904909809629617
736.5,211.52471008072985,0.0006937820746922154,0.03822538363200931
737.0,209.3254153516296,0.00068158759904288,0.03756030003195374
737.5,208.4055507811199,0.0006760814447590247,0.037259994131913436
738.0,209.29851428048946,0.0006741931305354473,0.03715700545131513
738.5,213.5090949473768,0.0006770314026299295,0.03731180488633706
739.0,215.11601563622608,0.0006893002072395268,0.03798093387402516
739.5,214.11279778979633,0.0007056866880496787,0.03887464604016175
740.0,213.962875190066,0.0006916028496772076,0.038106521385437256
740.5,213.73557239518357,0.0006750947500936698,0.037206172423743925
741.0,211.7909701523818,0.0006685043967921606,0.03684673455294575
741.5,208.03963195763382,0.0006641747807638106,0.03661059856239474
742.0,206.2149749200597,0.0006618482267203591,0.03648370941255357
742.5,206.28389610339235,0.0006604960155945738,0.036409960564041284
743.0,207.0004371702958,0.0006685230158653844,0.03684775242171242
743.5,209.3296815563563,0.0006850087251258984,0.03774687701948704
744.0,211.23108827825536,0.0006933174775399753,0.038200028333060874
744.5,210.8551617357573,0.0006954767264483082,0.03831779263937275
745.0,210.45302777756453,0.0006884328558596276,0.03793362912145017
745.5,209.9499280717433,0.0006785392661767111,0.03739403798797173
746.0,208.9434227524655,0.000670869984646611,0.036975758139649914
746.5,207.70524767648115,0.0006675401009656098,0.03679414667761123
747.0,207.26303810919228,0.0006677885627397661,0.0368076953703095
747.5,209.10799742189735,0.0006764236606475999,0.03727865078051981
748.0,210.5441608190428,0.0006941778787789714,0.03824695989758661
748.5,211.04196521561292,0.0007065458534425417,0.03892150462191744
749.0,209.64800010949304,0.0006947634904178829,0.0382788999696181
749.5,207.75025661365075,0.000679855920673291,0.03746584577723654
750.0,207.3355107328114,0.00067234436689672,0.037056166504752665
750.5,209.0660885528291,0.0006691099695951216,0.03687976342951409
751.0,209.44937697402796,0.000670515478574847,0.03695642110761821
751.5,206.13019142832326,0.0006771790245812076,0.03731985125115701
752.0,203.80942491178203,0.000687116782988352,0.03786185370992627
752.5,203.5609856490363,0.0006948202903383903,0.038281996234400685
753.0,205.75037941405282,0.0006991941219190303,0.03852054062467863
753.5,210.1462373274707,0.0006822904873965143,0.03759861985111638
754.0,212.32655187795825,0.0006605998739681997,0.03641561720054599
754.5,212.23122387158375,0.0006490710379926045,0.03578683514360309
755.0,211.49754719091922,0.0006462036265530133,0.03563044673290748
755.5,209.87103197740126,0.0006546683493220332,0.03609211097457623
756.0,206.78530952559862,0.0006673816864374444,0.0367854969668922
756.5,205.8654644794941,0.0006604314444729339,0.03640643084190016
757.0,207.45136410812015,0.000649404754014399,0.03580503697058131
757.5,207.13697442106275,0.0006466593058134566,0.03565530131573117
758.0,205.84420961058746,0.0006484631242307275,0.035753678100800435
758.5,204.06388283474806,0.0006458552393405428,0.035611445899212404
759.0,208.6334599731696,0.0006370807396504816,0.03513288765362011
759.5,212.60725424890123,0.0006397096666413962,0.0352762712052915
760.0,212.5660767272635,0.0006408979720806599,0.03534108116888175
760.5,210.44116247375885,0.000650665812090248,0.035873817701042664
761.0,205.66985372865295,0.0006754585047602647,0.037226008943090576
761.5,203.71978294467516,0.0006544351147862286,0.036079396754987385
762.0,208.08700319414916,0.0006290288991698225,0.03469374120456707
762.5,211.12402578299879,0.0006292132245572659,0.034703789792182284
763.0,211.31589093670885,0.000660746654350687,0.0364236148633926
763.5,212.19705803318064,0.0006824875571685137,0.037609365237483566
764.0,210.95812834620554,0.0006806502970497627,0.0375091671820695
764.5,208.5204918277129,0.0006783008225644555,0.037381027207777216
765.0,206.95682903835737,0.0006814992348561008,0.037555465893691124
765.5,206.0745706867251,0.0006834635779974299,0.03766260515587274
766.0,208.12560743302882,0.0006733338289753649,0.03711013345309326
766.5,209.76930179506078,0.0006641248782078538,0.03660787678869306
767.0,209.77546530778272,0.0006565918621798015,0.03619702629760721
767.5,206.70645561512927,0.0006469858417263227,0.03567311454175877
768.0,204.18761436372566,0.000633556312963765,0.03494066392624835
768.5,205.1117365792703,0.0006332938940742378,0.034926349441670355
769.0,206.8620727713337,0.0006508179205713535,0.03588210808168183
769.5,209.16395458177843,0.0006553110449294813,0.03612716035816209
770.0,210.25950057949134,0.0006393970876758723,0.03525921598882013
770.5,208.21223064040328,0.0006469266842781653,0.03566986722579308
771.0,204.96200960786268,0.0006611815217594625,0.03644732354687723
771.5,207.04100262370488,0.0006375287754078667,0.03515730674441013
772.0,210.0012841049041,0.0006162472533754052,0.03399661751914205
772.5,210.87233249928167,0.000605487394881993,0.033409779019599385
773.0,209.80706582180628,0.0006065404264419407,0.033467213176825515
773.5,207.43185305296169,0.0006239367281012826,0.034416009428650585
774.0,209.70906584166795,0.0006593957879485287,0.036349946519301825
774.5,215.94177508861355,0.0006851409244485496,0.03775408544810782
775.0,216.20587669993904,0.0006735627049361912,0.03712260667429752
775.5,213.96632182745194,0.0006658237007058096,0.036700519637738335
776.0,209.84318772787694,0.0006838025695737231,0.03768108287235248
776.5,206.77726236070194,0.0006833504457309975,0.03765642521053958
777.0,206.13742811398436,0.0006539106481388122,0.036050786455748406
777.5,207.92575155116913,0.0006358798745864658,0.035067391092837526
778.0,209.00610254464306,0.0006301856632653269,0.03475682978791185
778.5,207.63629224774544,0.0006385706336660705,0.03521414554032245
779.0,204.7105587179867,0.0006556949271329171,0.036148101018041806
779.5,200.65565979338012,0.0006732100203530644,0.03710337299205209
780.0,201.22414099634727,0.0006725520892620994,0.037067490968935406
780.5,206.6301592428821,0.0006686397062599351,0.03685411205031904
781.0,210.05098561794478,0.0006648343192271523,0.036646566883871384
781.5,207.0095733689065,0.0006602600864582629,0.03639708600059702
782.0,202.67717695839434,0.0006554680806990937,0.036135729863338205
782.5,202.76691278105318,0.0006512280739387667,0.03590448293215233
783.0,205.40679273767006,0.0006487076645416757,0.035767021006890914
783.5,206.34227323344373,0.000649349354698262,0.03580201836984044
784.0,207.41550619532862,0.0006500143882965277,0.03583828918415696
784.5,206.41934805142617,0.0006487192605669389,0.0357676498258783
785.0,205.06940221536055,0.0006597344260628032,0.03636841539298577
785.5,209.56661972544677,0.0006584777881367578,0.036299883515543696
786.0,212.5262459308899,0.0006410560751232829,0.03534970560881505
786.5,209.79829903715694,0.0006317961679127988,0.034844667989002175
787.0,208.6374815919397,0.0006454613506853129,0.0355899644496902
787.5,206.72661852677822,0.0006435708620570298,0.035486857008615445
788.0,204.5966879633228,0.0006442756192046158,0.0355252918083301
788.5,205.5100858796234,0.0006500140757863336,0.0358382675752311
789.0,207.61709177992591,0.0006501879997842223,0.03584775543159848
789.5,211.4130877985575,0.0006331456770207722,0.03491826813828123
790.0,209.8713806682327,0.0006171166767406713,0.03404404472496158
790.5,206.23977875794586,0.000625134601575695,0.034481339128224126
791.0,203.1506150039454,0.0006504406463716392,0.03586152515170504
791.5,202.2181681040968,0.0006487695450274474,0.03577038877643028
792.0,207.53669347400987,0.0006422954004018797,0.03541729149041284
792.5,210.78471866786057,0.0006486863556854061,0.035765857533141265
793.0,208.59307004146288,0.0006616836272477673,0.03647472822900086
793.5,205.9545019780554,0.0006551643455903019,0.0361191665194853
794.0,204.19779059097343,0.0006444331391142872,0.03553388549384872
794.5,203.47055585860713,0.0006467354312210045,0.03565944900295496
795.0,206.42760765315063,0.0006775105142886068,0.037337907166952185
795.5,212.74155620674378,0.0006861684326145094,0.03781011041547756
796.0,214.52493046406607,0.0006660485663183243,0.03671277996443584
796.5,211.23540305250063,0.0006476712882859015,0.035710485695479986
797.0,208.4467423349317,0.0006501563306784958,0.03584602264492613
797.5,206.36797714058042,0.0006564550927390272,0.036189564517145945
798.0,203.31027168852316,0.000658850298802729,0.03632019889798718
798.5,201.64067391596797,0.0006698645013581337,0.03692090918582112
799.0,205.5541714977537,0.0006790858817759044,0.03742384622714176
799.5,207.99915005037445,0.0006799353025385917,0.0374701755075529
800.0,208.72768012205327,0.0006941853115592449,0.038247364598012465
800.5,212.87917112136316,0.0007121546923410957,0.03922740670684898
801.0,211.30335846159153,0.0006911101057847636,0.03807963755970165
801.5,212.02632459180387,0.0006622904697556988,0.03650782036013509
802.0,211.1524141753586,0.0006689469107424542,0.03687086315737821
802.5,207.83152484363112,0.0006899715832723092,0.03801754904576647
803.0,207.98299520437703,0.0006959689317326771,0.038344647910831184
803.5,207.4256256021399,0.0006830339464349019,0.03763917740972742
804.0,206.56446261941116,0.0006634922433476686,0.03657337467702478
804.5,206.57817907420366,0.0006622396086857159,0.03650505503779528
805.0,211.03952548647442,0.0006824777504586229,0.037608838459705626
805.5,216.0777975132566,0.0006969699175703194,0.038399237620693076
806.0,215.10315038953144,0.0006801399469627405,0.03748133495685739
806.5,210.98772134540593,0.0006427024499728421,0.03543949804617607
807.0,210.64170635831454,0.0006483327268120996,0.03574657267111154
807.5,209.66357732825216,0.0006919837832691379,0.03812729303654
808.0,208.67440183272103,0.000711554952136241,0.03919471147681756
808.5,211.0323985097286,0.0006938485099705399,0.03822900526668426
809.0,213.9765482837684,0.0006923466147577097,0.0381470905640467
809.5,214.30762650198716,0.0006956876926335219,0.038329314812657334
810.0,210.8977333241678,0.0006773096834865033,0.03732698082877973
810.5,205.86149462388343,0.0006671712732920872,0.03677403200967702
811.0,207.5525279036998,0.0006723507828575665,0.037056518664981636
811.5,211.18737837191108,0.0007060668138235059,0.038895377984263346
812.0,213.43324680144946,0.0007138441141484877,0.03931955553542672
812.5,210.0548475948615,0.0006758522415250692,0.0372474867780302
813.0,209.16462148568513,0.000665098311611399,0.036660969804383374
813.5,206.82971803348516,0.0006797728401627065,0.03746131256890461
814.0,204.29770952345,0.0007129981815899005,0.039273422897109035
814.5,205.67742435087774,0.0007082613498489318,0.03901507774625837
815.0,206.25119664496202,0.0006902376888009014,0.03803206488001502
815.5,211.09568004745617,0.0006856361796479789,0.037781103675643
816.0,213.82274507585936,0.0007034870652951812,0.03875469049251735
816.5,212.02096670367035,0.0007201045286130213,0.03966100007633777
817.0,211.9764402956424,0.0007172575595838591,0.0395057276992434
817.5,212.42562939982315,0.000710257688737427,0.03912395241172497
818.0,212.26797199071726,0.0006977048691304951,0.03843931837189659
818.5,211.42406439715455,0.0007072763571114922,0.03896134428038377
819.0,209.25650297909473,0.0007284489409245589,0.04011609727609524
819.5,205.6462015202299,0.000720097171968873,0.03966060254107286
820.0,204.83128617030297,0.0006873437551481897,0.03787423650631626
820.5,204.52025578036566,0.0006752564254289909,0.03721499193308723
821.0,204.67083288536273,0.0006874017681419428,0.03787739764930784
821.5,207.0960653633083,0.0007179942066490602,0.0395459061547258
822.0,208.46984809064122,0.0007346709815519129,0.04045544989018602
822.5,205.78296037254665,0.000703655082570447,0.0387638526107536
823.0,208.70347597715465,0.00067701942975244,0.03731115034658549
823.5,209.07639889970758,0.0006709207147642919,0.03697852764542563
824.0,207.26889833431864,0.0006816785136056385,0.037565253812063826
824.5,208.5793799303596,0.0006979617777400402,0.0384533418739184
825.0,212.26553382477024,0.0007000483130017736,0.038567139267844046
825.5,210.09251314566987,0.0007095668620615605,0.03908628018628529
826.0,206.6590407573728,0.0007034510181333739,0.03875272936402835
826.5,205.67510580094233,0.0006990003136572441,0.03850998654093052
827.0,210.57902955403318,0.0007076929943342995,0.0389840752924907
827.5,213.0674771157482,0.0007275613479008493,0.04006768364620419
828.0,211.27840354045068,0.0007101636247437046,0.03911881578108028
828.5,208.6941944132652,0.0006993498113938598,0.038529033547327826
829.0,204.74359395778896,0.0007091184123436406,0.03906182025246252
829.5,201.7052074643298,0.0007061420154175643,0.038899494874347844
830.0,202.4325748861047,0.000694228892423962,0.03824975549409824
830.5,206.96863139333715,0.0006912462578241514,0.03808708132980159
831.0,212.8159953182934,0.0007171322987494218,0.03949889443176558
831.5,213.96798786559947,0.0007489648911843823,0.041235033947044905
832.0,212.2548150019585,0.000732788346851245,0.04035276448682654
832.5,210.20567477602094,0.0007124538977441844,0.039243727326558606
833.0,207.16518443458878,0.0007058149471651493,0.038881643151680835
833.5,206.38774925723544,0.0006939955599951446,0.03823702168669839
834.0,207.8489663467467,0.0006813680310488075,0.03754831633177136
834.5,207.9490186574938,0.0006778505433839665,0.037356471790886026
835.0,204.75902544090684,0.0006818131839661421,0.037572596972994726
835.5,203.62282246344532,0.0006945866755295969,0.038269263899417816
836.0,203.85495520842974,0.0007048791187988972,0.03883061285279705
836.5,203.61590224187444,0.000706115122060427,0.03889802657193391
837.0,204.42407423590015,0.0007054123709696617,0.03885969930271755
837.5,207.49223539284898,0.0007225234690998782,0.03979293493229959
838.0,210.47167405608815,0.0007502300653992953,0.04130404564696263
838.5,209.74979555376703,0.0007511445474207061,0.04135392078251717
839.0,210.53354732205602,0.0007196833068293272,0.03963803523826931
839.5,210.12291212375712,0.000703105996435343,0.03873391211089222
840.0,208.7723213320819,0.0007031536511493533,0.03873650402715894
840.5,209.25119348094321,0.0007023201500060227,0.03869104062163895
841.0,210.51004453286347,0.0007135203321551511,0.03930189615233518
841.5,210.17161130016748,0.0007305875618196315,0.040232743996289316
842.0,208.9761168780868,0.0007294734859333228,0.040171986365052835
842.5,212.7339866410226,0.0007099373800883937,0.03910649331218297
843.0,215.5882366950837,0.000692861040627025,0.03817515419465877
843.5,213.00010677701792,0.0007014139899086883,0.03864162741902394
844.0,208.57227489249826,0.0007237024249366643,0.03985722940301521
844.5,204.7848519795832,0.0007271929953024847,0.040047608026595634
845.0,206.05860532223332,0.0007185339407282458,0.03957535000025202
845.5,210.73095083512965,0.0007050859935753802,0.03884190006645112
846.0,210.42293737202164,0.0006900036408965298,0.03801930888089517
846.5,205.71049455561473,0.0006761899138091178,0.03726590687928846
847.0,201.5777356784416,0.0006780567149214956,0.03736771965253872
847.5,200.59769160622068,0.0006936574823287419,0.03821858972693511
848.0,203.28805396539727,0.0007088821271826184,0.03904894138835398
848.5,205.87818205477086,0.0007255930241305784,0.039960345751794864
849.0,206.8577370231469,0.000723489893271995,0.03984563989969362
849.5,207.17404244621088,0.0007048038556565491,0.0388265091466372
850.0,207.00745953415395,0.0006867281460816352,0.03784066453267359
850.5,207.9431137329983,0.000674078345672019,0.0371507446974771
851.0,209.0644833254394,0.0006731542423595884,0.03710034296506269
851.5,206.39776094451202,0.0006711505435595286,0.03699106069362047
852.0,202.88004425364207,0.0006633691747654365,0.036566664416607435
852.5,204.75029178759365,0.0006604437023332744,0.03640711091681997
853.0,208.78215359954655,0.0006724602923214868,0.03706249712548478
853.5,211.63907678179623,0.000702079601619263,0.03867792044047149
854.0,210.29273585121913,0.000737009124266424,0.040582958298810236
854.5,207.7214618680504,0.0007233138438485251,0.0398360323064635
855.0,205.46370091217474,0.0007025944387325775,0.038706008504471485
855.5,203.06700427325484,0.0006903839029276143,0.03804005050209497
856.0,204.71266644897005,0.0006825311719717181,0.0376117637698035
856.5,208.63480537962516,0.0006776697736136134,0.037346623118734344
857.0,212.63935083572235,0.0006757814272221112,0.03724363148786425
857.5,215.33084521985427,0.0006821211370861117,0.037589392774247166
858.0,215.20231358710575,0.000691013514820513,0.03807438116478663
858.5,214.20165946492097,0.0006973327414837234,0.03841903430912026
859.0,214.0909680111801,0.0006998449092437114,0.03855604924828488
859.5,210.9033066464135,0.0007020955991655846,0.038678800727173994
860.0,206.43339931821095,0.0007022527388731029,0.03868737450022756
860.5,203.81487157995562,0.0006922547129037204,0.0381420843853539
861.0,204.49371642535976,0.0006747414454805014,0.03718691083630767
861.5,206.57058344282578,0.0006689081817733469,0.03686876257814463
862.0,208.33995193632975,0.0006809387613503268,0.037524901647413574
862.5,208.0648548780695,0.0006979829342787788,0.03845448704621477
863.0,206.97653629629622,0.0007051134394600435,0.03884338742368613
863.5,206.35535423937225,0.0006936744113588769,0.03821950522070723
864.0,203.99705301228536,0.0006800632959407452,0.03747715558469325
864.5,200.59635583740072,0.0006711260152081615,0.03698971642358783
865.0,201.1791140010778,0.0006654669013762129,0.036681067491400585
865.5,203.98673699231384,0.0006637067786045148,0.03658507117389503
866.0,204.19915276725746,0.0006586491145605381,0.0363092283776702
866.5,204.26620156011404,0.0006517649096624903,0.035933764823160894
867.0,206.49892490971865,0.0006500271152896061,0.03583898627880398
867.5,209.58129608127936,0.0006628454439424229,0.036538087829702345
868.0,211.12397044237844,0.0006865896153374075,0.03783308832514139
868.5,211.70995934439483,0.0006840049394011839,0.03769212460620236
869.0,210.77026188179283,0.0006625007770707358,0.03651929170424415
869.5,209.30329295954238,0.0006535507347576854,0.036031157472140855
870.0,210.04998824428688,0.0006549940520615995,0.036109878897607174
870.5,211.35076486576028,0.0006613573389750988,0.036456934728958855
871.0,208.9231432141802,0.0006720893973315022,0.0370422614695526
871.5,204.4712309968338,0.0006871748138824892,0.03786501988226865
872.0,201.10681760860138,0.0006967231303959699,0.038385787244041715
872.5,201.57322815654533,0.0006874801867964091,0.0378816786997409
873.0,205.36748036984827,0.0006859434580467614,0.037797854678733624
873.5,208.19844691772204,0.0007049611499696845,0.03883507181184316
874.0,208.82889903579422,0.0006963608268835709,0.03836601600774947
874.5,206.90815047918542,0.0006799721941950824,0.03747218564622064
875.0,206.19866231022922,0.0006717560964209159,0.037024081088117
875.5,206.82080086411153,0.0006731265780842982,0.0370988256724514
876.0,206.23119230477184,0.0006785507537196065,0.03739465947165714
876.5,205.12653123324975,0.0006883133242087214,0.037927113470270835
877.0,204.82728466224572,0.0006845982224216032,0.0377244948215129
877.5,206.15761252775587,0.0006771847292778468,0.03732016249024954
878.0,206.09106960136373,0.0006777966656632573,0.03735353846309992
878.5,204.44125677687276,0.000674600660413446,0.037179229049696526
879.0,204.09348171177368,0.0006665079989652173,0.036737852357151594
879.5,207.97115971642117,0.000668508716725811,0.03684696623934724
880.0,209.55327841392145,0.0006786379793855327,0.03739941105262262
880.5,208.22376187174885,0.0006824785203512535,0.037608869850143285
881.0,206.48893875764762,0.0006762880164113954,0.037271244496026354
881.5,208.68646088298942,0.0006618334623530236,0.03648289900070207
882.0,212.35777612902308,0.0006502724237191862,0.035852362113640186
882.5,212.5031260615446,0.0006440493883335612,0.035512958583413044
883.0,209.79224120371808,0.0006386910081250955,0.035220712555032674
883.5,208.54102938429966,0.0006434909007241403,0.03548249995766365
884.0,208.6270818047201,0.0006608120929365067,0.03642719817293214
884.5,208.9321596271668,0.000677893087902556,0.03735879308872081
885.0,209.87970892287765,0.0006855971574874274,0.03777896078601245
885.5,209.10143541217542,0.000683575218115986,0.03766868616559131
886.0,209.81630236522895,0.0006564575942772256,0.03618970078412362
886.5,210.31723856529888,0.000643400840493103,0.035477588606732884
887.0,209.0875314784381,0.000643610812257477,0.035489040860776914
887.5,209.3057242347922,0.0006567407112911594,0.0362051455458054
888.0,213.99215485239483,0.0006651199700631911,0.03666214867232478
888.5,215.9438293883577,0.0006785356213289446,0.03739382895582214
889.0,214.33509507871455,0.0006784293117966935,0.0373880335707747
889.5,212.84944994210088,0.0006645266213437201,0.03662978806728089
890.0,209.6876334878678,0.0006520775888579789,0.035950819439464154
890.5,209.0770093369853,0.0006446667659301296,0.03554663158427429
891.0,209.62225194501374,0.0006485552185189233,0.035758707868629586
891.5,210.56884264122928,0.0006504891383755882,0.035864185163579775
892.0,210.02932390741205,0.0006478568701747731,0.03572061804287721
892.5,210.03634480355544,0.0006516437013300997,0.03592714662713486
893.0,210.75203151525307,0.0006490478099628056,0.035785568314985965
893.5,211.78546365711304,0.0006411763975872445,0.035356264027885866
894.0,213.86672609114797,0.0006330337412563189,0.0349121649519743
894.5,212.03380204265525,0.0006281706648772068,0.03464693232565511
895.0,208.02536651543917,0.0006266632820433676,0.034564719077393696
895.5,205.37181330293683,0.0006302382637873538,0.03475969771686642
896.0,205.8595977983394,0.0006357477926189636,0.03506018741328869
896.5,208.44248889089963,0.0006466573016971387,0.03565519288575697
897.0,208.95841783130328,0.0006545220640722791,0.03608413828600244
897.5,208.6735340376724,0.0006573194744872321,0.03623670944073356
898.0,209.29988053597296,0.0006582097979890729,0.036285267346404644
898.5,208.60480317229985,0.0006627846191308309,0.03653477636165943
899.0,207.27572926722777,0.0006683093579707033,0.036836094442456224
899.5,207.9999870061002,0.0006714775407017729,0.03700888628412731
900.0,210.67373804979474,0.0006692310527642283,0.03688636423122318
900.5,213.80441775510937,0.0006610252230572527,0.03643882150800042
901.0,215.8739894937825,0.0006493067660485677,0.0357996986771279
901.5,214.44109277619432,0.0006441894714680557,0.03552060162397575
902.0,210.97483539781183,0.0006438476535422068,0.03550195913810985
902.5,211.6488436756873,0.0006547471294517671,0.036096413722321155
903.0,214.12723378932344,0.0006753990688306798,0.0372227620655815
903.5,213.41542714848674,0.0006880035673746197,0.03791021150935166
904.0,210.81898659101662,0.0006814515810340427,0.037552870643829804
904.5,210.67877833273957,0.0006727337413496028,0.037077403249317215
905.0,211.4183924158558,0.0006706471170316675,0.03696360055363681
905.5,209.18533621796476,0.0006739140898580929,0.03714178212877529
906.0,207.37867333513674,0.0006807321227890148,0.03751363767515089
906.5,206.9768105316075,0.000685048111642521,0.037749031171951095
907.0,207.4250147065626,0.0006806635049725788,0.037509893569254014
907.5,207.93096289561458,0.0006813647871165832,0.03754813730467515
908.0,207.6947333072894,0.0006831499140120741,0.037645499890257485
908.5,205.71858499163775,0.0006671704555008019,0.036773983532920815
909.0,205.41872012459228,0.0006474607089235443,0.035699014219454706
909.5,206.3258780875074,0.0006362260931557082,0.03508627799763643
910.0,208.80324157946936,0.000639481367805192,0.03526382154420158
910.5,214.36752401805543,0.0006589532624612225,0.03632581171642687
911.0,215.89659355381622,0.0006729703220274672,0.03709029452195958
911.5,213.75984525001152,0.0006600973396464794,0.03638820835344398
912.0,212.2293638654226,0.000646406266748844,0.035641502880371156
912.5,211.83529768399964,0.0006504380572074583,0.035861396981535676
913.0,212.8892177939531,0.0006690190828681989,0.036874806529546035
913.5,214.6540924721258,0.0006794226118022273,0.03744221736887121
914.0,211.17294331955569,0.0006703950546352763,0.036949853785097284
914.5,207.3007688220539,0.0006545531693823206,0.03608583619335494
915.0,204.8413336008707,0.0006504874303110836,0.03586408701481932
915.5,202.9341174591647,0.0006714877068304662,0.03700943646621301
916.0,203.85303076348976,0.0006838224957471314,0.037682180066738624
916.5,205.5289115508558,0.0006760650518882184,0.03725909389350458
917.0,206.13335343931325,0.0006706408619345159,0.03696326139683958
917.5,207.2285702057258,0.0006755978189031664,0.037233615353415475
918.0,208.30040315537778,0.0006851106975130467,0.03775244641210229
918.5,209.219037576471,0.0006884289160804023,0.037933413458135286
919.0,208.90794666677982,0.0006977941753513962,0.038444184864279946
919.5,211.35400483643377,0.0006841863808693591,0.037702023903434426
920.0,213.47617073871132,0.0006626579463357086,0.0365278681647076
920.5,212.28762198981454,0.0006505003004029329,0.035864791046913806
921.0,209.38205109634566,0.0006487247005206783,0.03576795166099247
921.5,210.15033715555552,0.0006507231325703703,0.03587694800181481
922.0,211.1489605741198,0.0006514715051282881,0.035917763065113746
922.5,211.4771568378004,0.000664130187904523,0.03660815824784642
923.0,212.79360806995385,0.000682969946548562,0.03763567892972644
923.5,214.35265308335246,0.0006800854313689683,0.037478364409154946
924.0,212.80224509621453,0.0006648440117358054,0.036647099142006444
924.5,211.00203988660567,0.0006615170062283538,0.03646564615879705
925.0,211.02089371422218,0.0006650371322639111,0.0366576355573578
925.5,213.81470119684784,0.0006707401189952904,0.036968677216353836
926.0,216.16809538135936,0.0006626401671747282,0.03652690148886898
926.5,214.78190167519682,0.0006449310074663272,0.035561041399022504
927.0,210.03606405941505,0.0006334332154594685,0.03493395057624146
927.5,208.28013489220683,0.0006307638447679519,0.034788363424170694
928.0,210.3356535357498,0.0006346575716936038,0.035000725511452294
928.5,211.51802092336402,0.0006411158087944698,0.035352955769678465
929.0,212.1568936039491,0.0006479328373350068,0.035724755030516406
929.5,212.0834958848932,0.0006456138887745561,0.03559828255094954
930.0,211.45580938577183,0.0006389822862315861,0.03523659626037865
930.5,209.82189485894108,0.0006426965907838837,0.03543917257427077
931.0,209.79345265554548,0.000656315229046525,0.03618193185491509
931.5,209.9970075266383,0.0006588498995164705,0.036320173439505894
932.0,209.46157904942405,0.0006572582457662779,0.03623336160595128
932.5,208.36408953596606,0.0006653696521835091,0.03667575866191033
933.0,207.2096830273567,0.0006611130413160937,0.0364436076866005
933.5,205.41263653381026,0.00064538198166326,0.03558563806770567
934.0,207.15042074136136,0.0006329255548677002,0.03490626529353941
934.5,210.43156671299363,0.0006304792571928252,0.03477284485476577
935.0,212.04208084261586,0.0006354594163395353,0.03504446386998213
935.5,212.4352250653919,0.000644244790008432,0.035523618184458976
936.0,213.0374356834264,0.0006487597760861108,0.0357698646649307
936.5,213.2299539402227,0.0006488793135655224,0.03577638121852482
937.0,211.66387984453024,0.0006566375317464643,0.036199511161368034
937.5,210.7410533706867,0.000672151779131765,0.0370456574071647
938.0,210.19507157254884,0.0006800873129645632,0.03747846288153809
938.5,212.55627433546027,0.0006794482227930707,0.03744360869395666
939.0,214.1772691866618,0.0006757420367157095,0.03724147490903338
939.5,210.66109317723962,0.000667740525087802,0.03680507409824393
940.0,208.34665576772292,0.0006594549991631063,0.036353182319015936
940.5,207.61791136919263,0.0006503656534266732,0.03585744852107263
941.0,206.87863556416883,0.0006511449015919158,0.0358999488679402
941.5,207.1793472736704,0.0006675409554691616,0.036794187953842636
942.0,209.3343306835454,0.0006785991530687632,0.03739730106206738
942.5,209.6556262488674,0.0006835581876071103,0.03766776293832247
943.0,211.15108038721343,0.0006966724549656993,0.03838301422802781
943.5,216.22979273055608,0.0006912203642496043,0.03808566007180353
944.0,216.25454058243756,0.0006735290554765412,0.037120772342562905
944.5,213.69683281119683,0.0006587167564982753,0.036312914187832654
945.0,211.37555946712024,0.0006556101893438539,0.03614348140175606
945.5,206.63304315581033,0.0006663223047028309,0.0367277062773871
946.0,205.28244589407228,0.0006553814361488528,0.03613099239777073
946.5,207.43263019479068,0.0006453883220299241,0.03558597494317539
947.0,212.29116079786036,0.0006455893303585228,0.03559693846369039
947.5,214.71151759943103,0.000666358032582735,0.03672966318884245
948.0,214.1952049774009,0.0006814226042833973,0.03755128352267762
948.5,211.93487375358282,0.000660342707569063,0.03640159040617146
949.0,210.19099283423796,0.0006734163346732359,0.03711462738752988
949.5,206.6004812950831,0.0006826935453708794,0.03762059440328613
950.0,206.172315578005,0.0006473211109750778,0.03569138171718174
950.5,210.10573553805528,0.0006329918452755867,0.034909872672424756
951.0,214.8353518336529,0.0006218244925974418,0.03430081018155829
951.5,214.13309809499526,0.0006200435785673912,0.034203679755599
952.0,209.02202882325588,0.0006287714770832272,0.034679700225732295
952.5,205.9411560763325,0.0006403420204227638,0.03531075904390242
953.0,205.84429379185673,0.0006535462776603232,0.036030918248707876
953.5,210.54340997930908,0.00066166956885639,0.03647395819791521
954.0,213.261447122532,0.0006636146315293264,0.03658003814175378
954.5,213.05164917594317,0.0006607627996969838,0.036424498939577686
955.0,212.1137878739054,0.0006598646372399484,0.03637551874815229
955.5,211.94228594227997,0.0006575904025844158,0.03625148647922078
956.0,211.83655888809113,0.0006529230782088864,0.03599693336985812
956.5,210.09347194596478,0.0006518207660978937,0.03593681373275028
957.0,208.06592806039475,0.0006618726066550529,0.03648504247735195
957.5,206.8743082621467,0.0006756530826615428,0.03723662783613483
958.0,206.4477750896674,0.0006800287226728231,0.03747527215323214
958.5,207.1717632255002,0.0006719768907873848,0.037036126703458766
959.0,208.7703547705048,0.0006564159203759796,0.036187432080085166
959.5,210.3933381504202,0.0006432735148068869,0.03547064512012358
960.0,211.56394182203056,0.0006384144277277886,0.03520563015961156
960.5,213.55693701514414,0.0006431622673718907,0.035464576308526494
961.0,213.8239310104232,0.0006566065781071379,0.036197823594878074
961.5,211.21752935239155,0.0006620873933015356,0.036496746600709555
962.0,208.34382817033415,0.0006552001617874446,0.0361211217610925
962.5,208.39597490164863,0.0006495874822625138,0.035815007990354045
963.0,209.4528582076617,0.0006467815420367375,0.03566197120267493
963.5,210.17999927236562,0.0006535888105604886,0.036033239246387024
964.0,210.31152239560808,0.0006594894831932424,0.036355060477901886
964.5,209.89161384196984,0.0006638448134691122,0.03659258744851696
965.0,207.74104620155788,0.0006705429550900669,0.036957904557099186
965.5,207.536449382453,0.0006584839123898895,0.036300214010207166
966.0,210.3424246494088,0.0006494512101314637,0.035807573794509336
966.5,212.45931277007236,0.0006514646435091607,0.03591738684830958
967.0,212.73530130215192,0.0006619687486524284,0.03649027931871421
967.5,211.04268024289243,0.0006655926970705466,0.03668792888413462
968.0,208.82312228325074,0.0006629130161371334,0.03654177752481831
968.5,207.85409262723576,0.0006577346068860298,0.0362593470448049
969.0,208.0808070479168,0.0006563017691036129,0.03618119828959685
969.5,209.04087031757805,0.0006612248782106501,0.03644969960093033
970.0,208.6599901071146,0.0006649950670206142,0.036655322298979325
970.5,207.09599975057756,0.0006553581804344674,0.03612973067848251
971.0,205.19818693067126,0.0006446762714912522,0.0355471434017559
971.5,206.64027336146793,0.0006427656317002553,0.03544293844996991
972.0,207.5358413172781,0.0006452180735460035,0.0355766944204562
972.5,207.86421757191056,0.0006475447323592287,0.03570358880608539
973.0,208.20977967898403,0.0006493981162836105,0.03580467019407639
973.5,208.2906807711955,0.0006532492979321539,0.036014712196237184
974.0,207.8538423275723,0.0006586776917448158,0.03631078037868253
974.5,205.7683131373254,0.000657072235673081,0.036223220704115384
975.0,204.96694742918598,0.0006503314698278947,0.03585558121118677
975.5,207.8883073884028,0.0006469148886791629,0.035669240461725406
976.0,210.43063751284828,0.0006509166486294374,0.03588749598117606
976.5,211.8902922509527,0.0006527005823892091,0.035984791308174606
977.0,211.82958315398716,0.0006513551154354724,0.03591140795823465
977.5,210.2115624954379,0.0006439237539335973,0.035506101707422674
978.0,208.19303212226336,0.0006342567427366949,0.034978863614854694
978.5,209.38811286246624,0.000628242603755638,0.03465085193070933
979.0,210.1242773106809,0.0006271312006827341,0.03459023485286448
979.5,210.64018747090034,0.0006328574035485275,0.03490254014255942
980.0,211.8100936424716,0.00063977835200322,0.035280007299964444
980.5,212.06797045120504,0.0006406165677538523,0.035325722804998023
981.0,211.23552024978662,0.0006407999349954564,0.035335725138381305
981.5,210.8044540361159,0.000634570848401751,0.0349959921451967
982.0,209.957793914746,0.0006280062521604107,0.03463796019980244
982.5,208.72068740548582,0.0006370963963056337,0.03513373622938788
983.0,205.69726652735048,0.0006640111691758648,0.03660166352668722
983.5,208.012006065952,0.0006736041066809599,0.03712486621904866
984.0,213.98379857657397,0.0006703555974410563,0.03694769160535442
984.5,217.36862851436405,0.0006613471784971496,0.03645637708858781
985.0,214.09407323451276,0.0006517049015477116,0.035930482213253206
985.5,208.4898948501145,0.0006260197109522421,0.034529611127754024
986.0,203.416494626178,0.0006100850147050826,0.033660530237289585
986.5,204.46975014254573,0.0006141829047924008,0.03388402935306922
987.0,207.60296709426203,0.0006314520151454989,0.03482588678821692
987.5,211.28558101305683,0.0006509699439313809,0.03589039554107103
988.0,213.17569300037067,0.000655837371618764,0.03615586666243239
988.5,212.9060635223891,0.0006597578911606894,0.0363696868741307
989.0,207.68563675572463,0.0006766757483621308,0.0372923788221458
989.5,208.00005246848897,0.0006743639990212781,0.0371663009779208
990.0,212.68140686987817,0.000659401550853768,0.03635025662329679
990.5,214.3708722989667,0.0006480011675757644,0.03572848086850914
991.0,213.81182585040548,0.0006444479833393955,0.03553468870073879
991.5,213.71491200318945,0.0006376231329806172,0.03516246150768355
992.0,214.67012008624133,0.0006342760924850526,0.03497991524448309
992.5,212.7404579571151,0.000641119697087719,0.035353166080701735
993.0,209.53145505625304,0.000645665336369104,0.03560108364926566
993.5,209.83091591194614,0.0006332479590524881,0.03492383913627685
994.0,214.22491438183624,0.0006163026790600365,0.03399964749850115
994.5,213.27752364204906,0.0006066785028781209,0.033474743624992136
995.0,208.31065920020671,0.0006081877720298088,0.03355705594319135
995.5,206.27600490355476,0.0006171454834002876,0.03404561202439028
996.0,206.22189859909693,0.0006276378835045437,0.03461787155327406
996.5,209.76872071627886,0.0006434551391202558,0.03548054805360551
997.0,210.75927885528392,0.0006587143523777362,0.036312785676319244
997.5,208.31708862873387,0.000664729978277353,0.03664087543135642
998.0,204.1095706665858,0.0006727068297103297,0.03707592847886681
998.5,203.3384971976134,0.0006784664596618369,0.03739005724723689
999.0,204.52387145325451,0.0006699517652938191,0.036925666639157056
999.5,208.07075639717672,0.0006633711050311732,0.03656675633697018
1000.0,205.54425480858407,0.0006519061880096252,0.03594146082808561
1000.5,203.5795954394143,0.0006425899356275303,0.0354333536479573
1001.0,202.69162003631726,0.0006399198340768553,0.035287729391784456
1001.5,204.6526223019669,0.000641811499549135,0.03539090103606919
1002.0,209.87367624420358,0.0006551867470401844,0.036120387206668075
1002.5,213.32863768494622,0.0006846651955778399,0.037728134292970006
1003.0,209.13611262980922,0.0007005646048178013,0.038595288994258
1003.5,205.18873244117316,0.0006538445814700977,0.03604718619935583
1004.0,204.59911701809847,0.0006352743478103086,0.0350343653065979
1004.5,206.5246253547744,0.0006651192075286208,0.03666210038491429
1005.0,209.03272418581827,0.0007153333674822366,0.039400770720760585
1005.5,211.82323220835187,0.0006939995908584611,0.0382372402059728
1006.0,214.17547267793123,0.0006649282686482355,0.036651694013056936
1006.5,213.09928764385043,0.0006932946616109681,0.03819878149585146
1007.0,209.38554919858592,0.0007172827786361847,0.03950709156590468
1007.5,209.8239285563834,0.000686803017704882,0.03784473824399823
1008.0,216.14224806878806,0.0006618126781664406,0.03648176823206303
1008.5,219.60415307537784,0.0006708060959381693,0.036972269254034656
1009.0,216.4201804596507,0.0006805071993302882,0.0375013620580288
1009.5,210.50713697085592,0.0006849430066498152,0.037743286233910156
1010.0,208.06599428681915,0.0006595793457403558,0.03635995768203189
1010.5,207.96112090251262,0.0006439474876336438,0.035507398129932075
1011.0,212.24746132351854,0.0006672326766082984,0.03677736721536919
1011.5,213.88445213668314,0.0007052338792321616,0.03884995064590875
1012.0,214.54608540956565,0.0006877514117234762,0.03789645895409575
1012.5,211.54574642724538,0.0006585844703946806,0.036305691520558576
1013.0,212.3709984408208,0.0006505699582869185,0.03586858607878345
1013.5,210.48226187139642,0.0006325461235246257,0.034885570786829356
1014.0,209.4032534849965,0.0006166271731275184,0.034017348980395705
1014.5,208.4523617182155,0.000608160383334432,0.03355556717139398
1015.0,210.98459537620596,0.0006249553054406361,0.03447155942982769
1015.5,215.02718770448524,0.0006491938884113882,0.03579352830705797
1016.0,214.26620138837998,0.0006421116622389156,0.03540726584563944
1016.5,211.86846892113746,0.0006426376762225154,0.03543595755233069
1017.0,207.36927364297037,0.0006689214822013569,0.03686947334481501
1017.5,206.9483801438972,0.0006946280033157456,0.03827150719195263
1018.0,213.043057258458,0.000684045565349946,0.03769433975064131
1018.5,214.20442824845682,0.0006659622144950387,0.036708073145734064
1019.0,212.60309071881886,0.0006479457177038483,0.03572545894163902
1019.5,208.87931886174943,0.000658224010341544,0.03628603149306561
1020.0,206.89776638061082,0.0006738761300041385,0.037139698303807915
1020.5,205.41535490086207,0.0006783477740523496,0.03738358459915932
1021.0,206.72050550266542,0.0006696253538927564,0.03690786667507055
1021.5,208.36501784250268,0.0006676223255339806,0.036798621592233016
1022.0,209.6696180052262,0.0006681397254280338,0.03682684394016933
1022.5,210.63837157403918,0.0006701588522647722,0.03693696388906661
1023.0,209.40863758638415,0.0006862535996473981,0.0378147622289017
1023.5,211.2711123067545,0.0006971907846561818,0.038411273430870536
1024.0,211.12838973170273,0.0006870044786945412,0.03785572033319123
1024.5,210.42868424187577,0.000667972590054307,0.036817727727308056
1025.0,210.96560155590035,0.0006806994139332821,0.0375118455512025
1025.5,211.11538928339044,0.0007057117842408421,0.038876018160558704
1026.0,212.53023011550712,0.0007072265776018234,0.038958637923681164
1026.5,210.58513856497945,0.0006987380768460428,0.03849567167533849
1027.0,205.89775916083588,0.0006892507153759801,0.03797823547207515
1027.5,202.69653093090676,0.0006781664722167659,0.03737370760632228
1028.0,203.46851619521337,0.0006677823204437472,0.03680735863616733
1028.5,205.8296966018718,0.0006649632426948753,0.0366536060905164
1029.0,211.63462280238633,0.0006843941751884965,0.03771336553487249
1029.5,214.43682697602347,0.0007243376149685806,0.03989186348409561
1030.0,211.88829194973482,0.000710392678045356,0.03913130554918513
1030.5,209.9982765730739,0.0006893760787364979,0.03798505342568214
1031.0,207.46362540109556,0.0007085637851718011,0.03903155565835442
1031.5,208.5285084082727,0.0007020761715963093,0.03867773729943062
1032.0,208.45343051704955,0.0006809687938160208,0.03752654439102684
1032.5,206.18547403916776,0.0006691434136021729,0.03688158846918883
1033.0,205.6213929652765,0.0006579809248134925,0.036272788798054595
1033.5,204.09535252047007,0.0006553581638110538,0.036129743685839745
1034.0,205.31612240049446,0.0006740156824046892,0.037147322505659414
1034.5,209.75656605717776,0.0007210191285765428,0.03971086818403862
1035.0,213.38105962668848,0.000711163330162825,0.03917333450436841
1035.5,211.96459205807045,0.0006791498340309713,0.037427326858617646
1036.0,211.8675198446739,0.000681755276604449,0.037569434144162084
1036.5,210.3935856048862,0.0007066841744445492,0.03892905065433392
1037.0,208.1198202850111,0.0007209284629524764,0.03970594057584649
1037.5,209.70375956098167,0.0007113777046654502,0.03918504079686606
1038.0,209.75376200517226,0.000692798539488779,0.03817173715461352
1038.5,209.5278458927458,0.0006678379240459358,0.036810389896902905
1039.0,202.54410218184745,0.0006658210892500891,0.03670039357730674
1039.5,203.73945829139248,0.0006659852879165721,0.036709349349240535
1040.0,210.62030610531968,0.0006934092796050416,0.03820504024657131
1040.5,210.84961275848755,0.0007292283431901088,0.040158603808485495
1041.0,207.2577251080546,0.0007042711167170892,0.038797442705402585
1041.5,207.16068018747686,0.0007032993715340798,0.03874444848683952
1042.0,207.84397578930145,0.00071250559423689,0.03924656141337663
1042.5,213.54387930464725,0.0007215069621468679,0.03973749850280645
1043.0,214.22597223603378,0.0007370264449357024,0.04058392254779239
1043.5,210.57729004642565,0.0007261815936072438,0.03999244975766024
1044.0,210.74738319362973,0.0006970632881276841,0.03840434429732083
1044.5,207.52299729532982,0.000689639155512283,0.03799943248505045
1045.0,209.55625482939413,0.0006856077194973549,0.03777955649629632
1045.5,214.48029075069073,0.0006953445843627563,0.03831060120016166
1046.0,214.6207281400673,0.0007211443653737351,0.03971770938585847
1046.5,211.81661747929664,0.0007193821020278727,0.03962160109089071
1047.0,211.21737525252527,0.0006906967131363655,0.038057106106565756
1047.5,208.50848166340933,0.0007092647395426086,0.0390698109039287
1048.0,204.60925057320716,0.0007326818582130371,0.040346978976124756
1048.5,202.3210081856914,0.000734725392494491,0.04045843371837815
1049.0,201.0172669021096,0.0007083803312743297,0.0390215752710246
1049.5,201.27079931450604,0.0006782072151554756,0.0373759313717891
1050.0,202.21028155068018,0.0006895770066153572,0.03799603749893842
1050.5,204.78205419418595,0.0007381105067356709,0.04064304274980595
1051.0,204.48643163289813,0.0007549650278320571,0.041562291502251214
1051.5,207.32970923854828,0.0007005036233129991,0.03859197619037315
1052.0,212.35764835322263,0.0006725983830353575,0.03707002748772826
1052.5,209.91888877214936,0.0007000141995872412,0.03856528023733578
1053.0,206.6748005402644,0.0007327461535321163,0.04035047665596364
1053.5,210.4222044671921,0.0007035561124488151,0.03875845438425176
1054.0,216.53376302221264,0.0007013715714010084,0.03863930632189258
1054.5,213.59609674981692,0.0007075591057202404,0.038976780849941835
1055.0,204.6446214666004,0.0006978962412285889,0.0384497726058363
1055.5,199.98433461834912,0.0006828144315016914,0.03762721011971231
1056.0,199.25786804204205,0.0006742074972857144,0.03715778803899615
1056.5,202.6993239726267,0.0006745014568654074,0.03717382063262495
1057.0,204.4842429109275,0.0007013791961216065,0.0386397251180638
1057.5,204.2003880088009,0.0007195959925247518,0.03963327097524749
1058.0,207.46068897571706,0.0006932100210068681,0.03819418542142541
1058.5,209.6889594136357,0.0006963421721967805,0.038365014535241534
1059.0,208.950281153267,0.000720698856233064,0.03969342521951229
1059.5,211.7433521539261,0.0007322487229885633,0.04032335490667749
1060.0,215.7807532845513,0.0007415095183612431,0.04082843015856655
1060.5,216.2378974877959,0.0007209780081857155,0.03970864606170131
1061.0,212.3906234932957,0.0007031004655482965,0.03873361198529722
1061.5,203.69714944421602,0.0006981771217925679,0.038465091322988955
1062.0,200.45774651146948,0.0006900811084235241,0.038023526881458006
1062.5,206.5220672949417,0.0007018424205258306,0.03866498052430051
1063.0,210.3575024511472,0.0007195335971074482,0.03962985476069759
1063.5,208.8748422284102,0.0007003193255379818,0.03858192155780798
1064.0,207.13720318689047,0.0006859121991962149,0.03779616307759431
1064.5,201.687810023266,0.0006936120338315897,0.03821611229171314
1065.0,204.17845761462783,0.0007041549485372194,0.03879112439771673
1065.5,205.80115833333326,0.000719117618006925,0.03960718266958441
1066.0,205.51298669777407,0.0007255322557870183,0.0399570357092493
1066.5,205.4586091308857,0.0007022262508836289,0.038685928429060074
1067.0,204.6777028555626,0.0006888246648973259,0.037955006184090534
1067.5,205.12967517333328,0.0006967039470088878,0.038384742421777716
1068.0,204.2059473159096,0.0007127924247510882,0.03926220179309268
1068.5,203.50457136278777,0.0007160533738467124,0.039440054395872226
1069.0,205.2493997018292,0.0006948720462422278,0.038284829636665546
1069.5,205.9838512906496,0.0006931783653266957,0.03819245559199337
1070.0,207.02386405432085,0.0007189026458666639,0.039595457275555405
1070.5,206.55469362374603,0.0007455717773319709,0.04104998376849941
1071.0,208.66879089137376,0.0007333215696094472,0.04038185632043331
1071.5,209.38832789818622,0.000719540927585735,0.03963026205212627
1072.0,206.61943217100406,0.0007323540619720155,0.04032909121778
1072.5,202.86522208577713,0.0007348085857436967,0.040462966049519315
1073.0,202.95493799884702,0.0007169188483606055,0.039487262187587246
1073.5,206.4375031299181,0.0006944655280723847,0.03826266131514485
1074.0,205.91865975845423,0.0006853497835597842,0.03776549034239139
1074.5,203.27352849579597,0.0006986219667433562,0.03848935557106352
1075.0,205.02282451580666,0.0007384949366383756,0.04066401519472305
1075.5,207.65085811458823,0.0007371272414491718,0.040589417932501544
1076.0,209.92821450579387,0.0007105935305797576,0.0391422665730063
1076.5,207.7022799886372,0.0007145940006852104,0.03936046208795247
1077.0,209.12198599272767,0.0007095579188174039,0.03908580067515803
1077.5,210.00375069115975,0.0007223261496207054,0.039782170624498014
1078.0,205.0737857117186,0.0007275879357994049,0.04006915451868376
1078.5,198.5279027265412,0.0007053026187235069,0.038853716853477334
1079.0,198.25305461773036,0.0006880818595180696,0.03791449743306545
1079.5,203.86561453886262,0.000686742806675344,0.03784146229815916
1080.0,209.0899646722693,0.0007175539078090137,0.03952188593496206
1080.5,207.04992931283857,0.0007186001448121979,0.03957895280875791
1081.0,206.2427916743556,0.0006891072693844229,0.03797041762466422
1081.5,209.80172846067236,0.0006958147419269796,0.03833624414401633
1082.0,211.91909007662812,0.0007360601552332607,0.04053122188235267
1082.5,210.539949474704,0.0007460655411702312,0.04107691553676071
1083.0,207.47834612250108,0.0007282871013372485,0.04010727741994926
1083.5,207.7565213195111,0.0007203147176243034,0.03967246165866766
1084.0,208.12939481488593,0.000707681941634355,0.03898347723118991
1084.5,207.5876678136064,0.0006996485670460663,0.038545339918426166
1085.0,207.76895521436424,0.0007070256984611831,0.03894768762727477
1085.5,209.02376151809892,0.0007210425477442878,0.039712161430984785
1086.0,207.3073186264475,0.000706575896205669,0.0389231538964352
1086.5,209.3284675308638,0.0006791651778395102,0.03742817782716071
1087.0,207.76036911563753,0.0007080076968090999,0.03900123893869777
1087.5,205.4406819519336,0.0007467559722957919,0.04111456390882797
1088.0,209.36089779020512,0.0007426185631296183,0.04088891409516674
1088.5,213.13596581158066,0.000728373658653521,0.04011200216478872
1089.0,214.87750174741367,0.0007280924123653847,0.04009666728451418
1089.5,213.32870662145766,0.0007373847478987846,0.040603469442206434
1090.0,208.14802332244813,0.0007327086781093255,0.04034844246806423
1090.5,206.5788182555555,0.0007131964392624985,0.039284249892187414
1091.0,204.8169501677485,0.0007131210061292913,0.039280137232684205
1091.5,205.23273549510364,0.0007260184432041758,0.03998355590905439
1092.0,206.56657053717802,0.0007374319464855161,0.04060603529946587
1092.5,207.54785541011117,0.0007370265087410071,0.04058392432330233
1093.0,209.6725887493527,0.0007328200301132998,0.04035450788871243
1093.5,211.98298969803943,0.0007300834196843889,0.0402052563373226
1094.0,214.8564904225416,0.0007173161740171393,0.03950893656707644
1094.5,219.30789933924336,0.0006985801963435531,0.038487078748016164
1095.0,212.01318229025685,0.0006976347591907177,0.038435514972113886
1095.5,202.06685045458653,0.0007412725096158265,0.04081550261953934
1096.0,196.87652649697773,0.0007427688531772974,0.04089711824458751
1096.5,202.68804557353852,0.0007191533047104173,0.03960913353783173
1097.0,211.74201685831108,0.0007145030469014743,0.03935550696150245
1097.5,215.67551610721023,0.0007421445434243318,0.040863070875194724
1098.0,216.58941403146113,0.000761139750717626,0.04189906303588129
1098.5,213.3690479688789,0.000743580022841753,0.04094135874071321
1099.0,210.69913235650122,0.0007291045649659575,0.04015187113425533
1099.5,208.0328246933277,0.0007307414679323548,0.04024115010019144
1100.0,207.35216903073297,0.0007226644122429091,0.03980062925461
1100.5,208.7368461083927,0.0007145280379270383,0.03935687200085096
1101.0,208.31712721985804,0.0007159766625574472,0.03943587963531917
1101.5,210.00354175836065,0.000723338362572817,0.03983738639320396
1102.0,213.05628016710597,0.0007262565945711463,0.039996548154347826
1102.5,213.50489801668863,0.0007221702196393287,0.0397736692087945
1103.0,212.4162644760712,0.0007364292670676031,0.04055135627288006
1103.5,210.69448973386048,0.0007314331785494075,0.04027887497035576
1104.0,207.12321495300773,0.0007094069006205496,0.039077565787746835
1104.5,203.8808818199384,0.0006970866889446636,0.038405621026482185
1105.0,204.61806548549316,0.0006939260967226728,0.03823324126803718
1105.5,208.1275278996488,0.0006934837332361661,0.03820911491353755
1106.0,209.94260900544805,0.000692545233118586,0.038157929137400216
1106.5,209.8538669429473,0.0006897200803251889,0.038003846080668355
1107.0,212.3902339988498,0.0006883470667162572,0.037928962169253996
1107.5,211.31129543146,0.0007004231376692531,0.038587589161923196
1108.0,211.8248441470037,0.0007214360041250475,0.03973362780452763
1108.5,211.9811385534256,0.0007254764035583069,0.03995398405071886
1109.0,213.0798006943612,0.000720992747468544,0.03970945020501297
1109.5,210.16398648451386,0.0007012314175668941,0.038631668020966514
1110.0,204.94899778399062,0.0006935376116523568,0.038212044460662974
1110.5,202.15422973057318,0.000683060549343135,0.0376406289598038
1111.0,201.76961455987305,0.0006763887523651853,0.03727675153102691
1111.5,205.4089789824726,0.0006888022743031707,0.03795378482276306
1112.0,209.18667772436467,0.0007183493306554169,0.03956528288335655
1112.5,211.07392728314335,0.0007480063355858065,0.04118277541823802
1113.0,216.62301610539777,0.0007407094711751756,0.040784806407087836
1113.5,218.29461353361722,0.0007154332661899564,0.03940624486668162
1114.0,214.75695830150602,0.0007133354478461257,0.039291823725211165
1114.5,208.4430032900053,0.0007018339908592204,0.03866452817327607
1115.0,205.72468903619355,0.00069486493860448,0.03828444033859711
1115.5,207.59431472258973,0.0006931322118025561,0.038189942439841335
1116.0,209.36608043946657,0.0006964459377157553,0.038370675664157215
1116.5,211.98142966309246,0.0007070137422741319,0.038947043619435996
1117.0,211.7521495389073,0.0007300985643463069,0.040206084039662
1117.5,209.91872396307753,0.0007512427576575552,0.04135928498545598
1118.0,209.62182368316212,0.0007457961191400566,0.04106222300700283
1118.5,212.12239315215396,0.0007271217023377567,0.04004372215346948
1119.0,214.86680923174572,0.0007034873289142881,0.03875470890714299
1119.5,212.6879334510207,0.0006937424541979602,0.03822322710306128
1120.0,208.32630758775574,0.0007106077964224465,0.03914304962561211
1120.5,204.58489673333392,0.0007300558987510174,0.040203746586224325
1121.0,203.66533175238112,0.0007180410350234716,0.039548463675000124
1121.5,204.78966681923296,0.0007009143334257498,0.038614376593668114
1122.0,207.5398143109772,0.0006771917791395275,0.03732054918202837
1122.5,207.4970831632653,0.0006603071896938795,0.036399663528757065
1123.0,207.74452659039372,0.0006637066346567713,0.03658506927133578
1123.5,206.7216594968317,0.0006948683146921102,0.03828462275994064
1124.0,204.47402153502438,0.0007215193873293462,0.03973816416384821
1124.5,206.82219327222336,0.0007214552917972892,0.03973467348546455
1125.0,210.20551005874256,0.000689199539471317,0.03797545116479195
1125.5,208.229700987377,0.0006644916295556842,0.036627881050056446
1126.0,206.06481391513606,0.0006609915147647177,0.036436985024371996
1126.5,207.55025954151589,0.0006674598634130118,0.03678976823068997
1127.0,206.74466143014297,0.0006929606980321787,0.038180578479297955
1127.5,203.8968625492648,0.0007048938027474686,0.03883140922272213
1128.0,205.06882430383686,0.0006781669926040525,0.03737373584055134
1128.5,207.27957151481115,0.0006662515949437553,0.03672387233239586
1129.0,205.91864349081337,0.0006723066189107624,0.037054111709973823
1129.5,207.86784060306027,0.0006881756742754274,0.03791960735058505
1130.0,210.939940542432,0.0007184596652399682,0.039571284785714186
1130.5,214.93049857101147,0.0007230707821128606,0.03982278728215222
1131.0,215.94405241219857,0.0007054355515725493,0.03886097048976356
1131.5,209.12902388138872,0.0007126019690888652,0.03925182859842526
1132.0,206.98145331263575,0.0007286606027637403,0.0401276642363519
1132.5,211.09335201081907,0.0007505875153042914,0.04132355084977575
1133.0,213.65047831756345,0.0007344241573461579,0.040442005161649655
1133.5,215.34434074683762,0.0007105871661191094,0.03914193982761755
1134.0,209.11497471279725,0.0007180279551896199,0.03954776128842311
1134.5,203.28298599182472,0.0007337402681209716,0.040404707182394445
1135.0,204.00226918427677,0.0007412706379401371,0.040815411526605685
1135.5,207.63692810166458,0.0007412829867611336,0.0408160826417004
1136.0,212.3557211707689,0.0007344378429697975,0.04044275178691269
1136.5,212.979773594384,0.0007143385428430443,0.03934653680454117
1137.0,209.52206414484388,0.0007036980556060016,0.03876620346742997
1137.5,207.68668054118675,0.000700347597846002,0.03858346782053307
1138.0,209.17054230096088,0.0007086832377733924,0.03903808530398743
1138.5,210.40069260875316,0.0007196140080177714,0.039634242775715825
1139.0,212.23646603632045,0.000706940847820767,0.03894305469798664
1139.5,212.31260823266214,0.0006730986866107378,0.03709730974496642
1140.0,206.16344474980738,0.0006638655469545897,0.03659373663652513
1140.5,202.62762394591445,0.0006692801999082104,0.03688905177625339
1141.0,203.4685901853678,0.000686126534086868,0.03780785207354378
1141.5,206.32380397332972,0.0007084451211172516,0.03902510591334383
1142.0,208.369013946932,0.0007360020407889122,0.040528061235607656
1142.5,208.48267495569593,0.0007444628605744188,0.04098951397670752
1143.0,208.32066240846765,0.0007213613068489587,0.03972955704856835
1143.5,209.47065602974064,0.0006777192550947542,0.03734931933063587
1144.0,208.40841032861695,0.000646664314079962,0.035655580839190605
1144.5,207.05178623832074,0.0006442609636675878,0.03552450092439794
1145.0,204.9157508116702,0.0006693429654935877,0.03689247052862808
1145.5,203.91910692415678,0.0006965096398322113,0.03837413779885492
1146.0,206.23762558055873,0.0007220635623608359,0.0397678504382155
1146.5,212.03844949522897,0.0007247114129397829,0.039912269003751236
1147.0,214.77230538799003,0.0006961041646634371,0.038352023555566224
1147.5,213.25599001930487,0.0006674063361214253,0.03678684365942765
1148.0,208.49352659165723,0.0006506601317824726,0.03587350672838538
1148.5,202.2423919440112,0.0006454073223282183,0.03558701738581274
1149.0,199.6229075265806,0.0006449629940669081,0.03556278605537552
1149.5,202.3028608657623,0.000650328220623749,0.03585540867478318
1150.0,205.47195820924264,0.0006646120214809828,0.03663444799936914
1150.5,210.10659792919162,0.00068684662828852,0.03784712580762254
1151.0,213.44898281899188,0.0007029309510663002,0.03872436788791172
1151.5,212.67527727983313,0.0007057153443571859,0.03887622528714371
1152.0,210.82886204793044,0.0007063832020588235,0.03891264798039216
1152.5,209.80237977898017,0.0007129097399710779,0.03926860651072968
1153.0,209.23528728103713,0.0007156191227977504,0.03941637933381121
1153.5,208.7592243426633,0.0007163360017938931,0.039455480324427486
1154.0,207.17081351483404,0.0007276502879633519,0.04007256299528802
1154.5,207.62030508484918,0.0007534917906998384,0.0414819463974281
1155.0,207.45134790828524,0.0007606807325176077,0.04187402807281546
1155.5,208.03953377236377,0.0007203285582660922,0.039673229099924365
1156.0,210.28964790216511,0.0007118025570904731,0.039208226295065124
1156.5,206.63199271210155,0.0007338853295973701,0.040412614098229424
1157.0,204.23592199171028,0.0007479396099866753,0.041179135255424354
1157.5,204.97837737415273,0.0007388577196847157,0.040683814854009605
1158.0,207.9808670459207,0.0007336923385693892,0.04040209727384353
1158.5,211.10829075286549,0.0007529586441168629,0.04145287222706507
1159.0,209.9474719787635,0.0007702320295440693,0.04239495378326666
1159.5,206.51144870966905,0.0007451368975965257,0.04102626493694303
1160.0,206.5927883999493,0.0007090385327483798,0.03905746650095153
1160.5,208.20469050743498,0.0006847004369303246,0.03773006913259085
1161.0,207.10478765745162,0.0006805481116552431,0.03750360076422206
1161.5,204.9370743032754,0.0006931812853497503,0.03819261325053534
1162.0,204.1980639220031,0.0007042073915752836,0.03879397931889916
1162.5,205.92230890619248,0.0007079710663164454,0.038999252643168614
1163.0,206.66188782000685,0.0007100435057559709,0.039112286247663546
1163.5,207.08068569516556,0.0007106071375856698,0.0391430272886812
1164.0,208.69041876962248,0.0007059399208252013,0.038888476659736944
1164.5,209.00845694745442,0.0007029191455476009,0.03872372095162541
1165.0,207.98487384387164,0.0007031612728325982,0.038736925580566524
1165.5,208.83723344644417,0.0007062627501045089,0.03890608063876521
1166.0,209.28299197110425,0.0007104185841486071,0.0391327390386997
1166.5,208.33711645510851,0.0007155612072136218,0.03941321200696592
1167.0,205.73864228758148,0.0007220560342260068,0.03976743963622294
1167.5,206.61849818718866,0.0007172947377977718,0.039507756764453256
1168.0,211.06178013394447,0.0006964126489367235,0.038368850354295526
1168.5,212.676149941724,0.0006648864231981841,0.036649411930907864
1169.0,206.08542240494094,0.0006667667541016363,0.036751965336886155
1169.5,200.46456142582466,0.0006758280877986485,0.03724616955508649
1170.0,196.99508008420736,0.0006798016383544435,0.03746288828910701
1170.5,200.57925304720084,0.000696639222142483,0.038381212255672974
1171.0,205.07390783852972,0.0007135028771205435,0.0393009575325102
1171.5,204.71741690516322,0.000715918826044645,0.039432724374532664
1172.0,204.03583103506713,0.0007124093127395386,0.039241317995307
1172.5,202.47831584535487,0.0007088783172100405,0.039048737452490864
1173.0,201.26558844709925,0.0007129414143195382,0.039270337872760186
1173.5,205.06424805511023,0.0007165386654879992,0.039466533181599955
1174.0,212.0870862860258,0.0007185076066083617,0.03957391927965017
1174.5,213.61465162305632,0.0007311395077495709,0.04026286057444527
1175.0,213.29239277758035,0.0007340274690401703,0.04042037125648772
1175.5,212.0437578021951,0.0007354428652677621,0.040497561830061875
1176.0,209.7402756558118,0.000716718955726325,0.03947636307945833
1176.5,209.2654143836158,0.0007094892450675442,0.03908205390535019
1177.0,203.58338486679838,0.0007363248868174112,0.040545661507999424
1177.5,201.97282182751354,0.0007356924343673995,0.04051117269842118
1178.0,205.60857356914315,0.0007166841424528979,0.039474464028617165
1178.5,210.50105565802335,0.0007097457017430295,0.03909604141089879
1179.0,212.02869103159458,0.0007288685760842078,0.04013899490684636
1179.5,208.24850303903992,0.0007434442470043757,0.040933948085603564
1180.0,205.69248587361656,0.0007261640352915538,0.03999148800776208
1180.5,206.6448063670503,0.0007079520002765212,0.038998208057925095
1181.0,209.851895964811,0.0006893694135477215,0.03798471845412142
1181.5,211.3529030101931,0.0006741055347571015,0.03715222792582948
1182.0,209.7531464413519,0.0006807010824281584,0.037511946750768126
1182.5,205.90266149859025,0.0007130735279548913,0.03927753771394497
1183.0,202.9599867893649,0.0007322640483282119,0.04032419061865169
1183.5,202.4859071060496,0.0007271803713286341,0.04004692608210415
1184.0,201.46742141052687,0.0007025728526305836,0.038704829409633296
1184.5,201.82590033735744,0.0006814244860800285,0.0375513967600305
1185.0,205.10215507554364,0.0006725699043157674,0.037068467771416216
1185.5,206.7029659634112,0.0006726590124670161,0.03707332787728176
1186.0,206.417779614124,0.0006798994689837295,0.037468222366377354
1186.5,208.8017634618555,0.0006897539967458897,0.038005688566239
1187.0,211.86700994409574,0.0006991662752689241,0.03851903300889189
1187.5,211.81799071013768,0.0007036957141596174,0.038766066880828405
1188.0,209.37822130971713,0.0007085320776594982,0.039029843149918704
1188.5,207.2848050518194,0.0007116120200704993,0.039197825901843834
1189.0,207.24594422515412,0.0007081736214928607,0.039010295312850156
1189.5,208.12617002096445,0.0006999787304402507,0.0385633460377358
1190.0,208.53777809506602,0.0006949953294062894,0.03829155001283209
1190.5,207.81247880119042,0.0006977972472659395,0.03844436498388242
1191.0,206.06174613672115,0.0007051306650505454,0.03884433163243022
1191.5,205.18931696784134,0.0007098860067218368,0.03910368763206238
1192.0,205.2246306815833,0.0007045161010564095,0.03881081688192481
1192.5,206.72690055411954,0.0006787597055080521,0.03740606606392914
1193.0,206.56621676740943,0.0006569378392367123,0.03621590002261216
1193.5,205.92361860503578,0.0006636859139257495,0.03658394128698772
1194.0,208.34851087849563,0.0006868590662850178,0.037847807730972696
1194.5,209.8941076611736,0.0007244459866568697,0.03989778941196499
1195.0,210.80786197225893,0.0007408399371085132,0.04079191857895897
1195.5,212.54722448856174,0.0007151246825698584,0.03938941122757382
1196.0,209.71025269323135,0.0007144810592589325,0.03935430175033084
1196.5,208.30060373555756,0.0007156210936465784,0.039416479892645566
1197.0,208.73102395061724,0.0007113149946296299,0.03918162569047621
1197.5,209.0506788584011,0.0007147967050304882,0.039371518588414645
1198.0,209.99532087058836,0.0007087583734705874,0.03904219102470584
1198.5,208.89210379600073,0.0007027093269520776,0.0387122784070288
1199.0,205.51305835782966,0.0007129748926742144,0.03927215719271664
1199.5,203.61586789006785,0.0007212136901554057,0.039721504697841
1200.0,206.1065795204089,0.0007156350895107124,0.039417249548155446
1200.5,211.0980582111983,0.0007391131135997016,0.04069772887246759
1201.0,212.64079440494527,0.0007724822343603151,0.04251767672514572
1201.5,213.04636642654702,0.00076191242951396,0.041941197877585934
1202.0,214.24662747703223,0.0007152214302854981,0.0393946812786427
1202.5,213.55307953243266,0.0006910928578838972,0.03807871250700974
1203.0,207.61854703354726,0.0006852769820223486,0.03776151301478964
1203.5,204.58844274608705,0.0006731331071208699,0.03709918678608697
1204.0,205.76831483428023,0.0006696019196093751,0.03690659653053978
1204.5,206.71755252969956,0.0006834533359474546,0.03766205281010351
1205.0,208.92416742965383,0.0007009406215016247,0.038615806073052025
1205.5,211.88727051226581,0.0007197054026785733,0.03963922787175335
1206.0,209.87827361859107,0.0007400932534691985,0.04075118016396157
1206.5,207.80970271099267,0.0007272289531536378,0.04004956920522449
1207.0,210.09987864477657,0.0007106277768769596,0.03914413981424089
1207.5,210.3559368924303,0.0006927363990039859,0.03816834928685269
1208.0,210.89819911926872,0.0006797039232457102,0.037457561908042745
1208.5,206.92176423462092,0.0006733034060515023,0.03710847828111588
1209.0,205.41357045925912,0.0006711247723999999,0.036989653513333325
1209.5,207.69349502109716,0.0006735746282779538,0.037123267699367093
1210.0,207.01926204420602,0.0006942012207619105,0.03824823387155936
1210.5,203.45164618683643,0.0006970371692010066,0.03840291350680587
1211.0,206.5187614430272,0.0006646709441373917,0.036637662033117066
1211.5,208.4972205931448,0.0006716232806286617,0.03701684097780139
1212.0,206.97980105867438,0.0007278192100071271,0.040081742762103745
1212.5,206.59071889763578,0.0007339248866576697,0.04041475334266755
1213.0,212.4772254198464,0.0006900407374509336,0.03802131749754671
1213.5,211.6604807453741,0.0006944612794510371,0.03826240902814936
1214.0,206.74553447402553,0.000712771866613974,0.039261070585690366
1214.5,207.6230632142452,0.0007112815124843285,0.039179794554903995
1215.0,211.94677911111012,0.0007029112272235312,0.038723283259117745
1215.5,212.68089820537958,0.0007050041613348408,0.03883743186278276
1216.0,208.47377860309007,0.0007076708832834223,0.03898287476684491
1216.5,201.050666537822,0.0007098815732766365,0.03910344760857937
1217.0,200.67746061498505,0.0007029327718165605,0.03872446469294768
1217.5,207.95382819418933,0.0006775612102297392,0.03734069973466643
1218.0,211.38921034667075,0.0006686331013706912,0.03685376025085185
1218.5,213.0897313790076,0.0006930928102766814,0.03818778400988151
1219.0,215.1761932717673,0.0007162960939772243,0.03945328740670178
1219.5,214.32420755425747,0.0007153059901195693,0.039399288271175614
1220.0,212.49772452255806,0.0007072451476018397,0.03895965441064389
1220.5,209.7610524134909,0.0006995448391491455,0.038539685062636865
1221.0,208.06924648574102,0.0006945858150100404,0.038269222173968616
1221.5,205.6954006176085,0.0006982737218134033,0.03847036123258869
1222.0,206.09997434708524,0.0007053290309410361,0.03885515852272723
1222.5,206.17119219788773,0.0007182310248795431,0.03955882950624172
1223.0,205.05599264200703,0.0007347159565887913,0.0404579160493702
1223.5,208.72832606133562,0.000736814432396495,0.04057237514600218
1224.0,212.49178522276898,0.0007227194095482781,0.03980362940481856
1224.5,213.74882121964262,0.000724662667689443,0.039909602220324095
1225.0,213.2916994409461,0.000723480142174487,0.03984511043367865
1225.5,213.90355821924288,0.0007089564302376625,0.03905299031901293
1226.0,212.76381681290633,0.0006978047708008369,0.03844478107660174
1226.5,211.62163829078915,0.0006875463452102367,0.0378852889271785
1227.0,208.4203284974541,0.0006800073403373943,0.03747411337756706
1227.5,208.227822756731,0.0006772989332273049,0.03732639739867761
1228.0,208.29133451426657,0.0006784384202044313,0.037388545762437074
1228.5,210.89362507543257,0.0007017360501601579,0.038659189667204136
1229.0,211.5033064748202,0.0007400696087841816,0.040749885074203976
1229.5,210.90727780613395,0.0007377055780624592,0.04062096430893223
1230.0,213.2058632929108,0.0007235634052751843,0.039849660369869276
1230.5,214.1389578416134,0.000711804492359633,0.03920833151501578
1231.0,211.32142690794154,0.0007031994720976033,0.03873901382762472
1231.5,209.6407763938639,0.000702060988790112,0.03867692230149253
1232.0,211.44958186627895,0.0007039727016319681,0.038781186983210224
1232.5,211.9663426124894,0.0007037052068121618,0.03876659842977056
1233.0,212.9982659521144,0.0007018534896781717,0.038665604640391794
1233.5,216.5397675000002,0.0007117203777964751,0.03920373881971158
1234.0,215.01588211081076,0.0007086471259135908,0.039036125635193486
1234.5,208.07836651753811,0.0006986112495526147,0.03848876662413357
1235.0,205.2708223264633,0.0007026435370042634,0.03870868785714281
1235.5,206.50245704806738,0.0007064470691733483,0.03891613470866742
1236.0,206.68157861085655,0.0006969754701237417,0.038399551153987264
1236.5,205.64171014679061,0.0006918276757827417,0.03811879070389464
1237.0,206.20024073055882,0.0006851815425773192,0.03775631290148909
1237.5,206.9565557597047,0.0006778131068293239,0.0373544405111111
1238.0,208.7669702157726,0.0006867010918884868,0.03783919292963534
1238.5,212.46646068918233,0.0007080894087083685,0.0390057062520704
1239.0,214.08194060936367,0.0007240447198260765,0.03987590494105387
1239.5,213.25602991946133,0.0007220285752728602,0.03976594946302856
1240.0,210.5279573806385,0.0007140645008217044,0.039331592939179365
1240.5,206.76703025324719,0.0007084481025658828,0.03902527508086908
1241.0,206.0457446963902,0.0007050827636110018,0.038841730979817995
1241.5,210.4927542028371,0.0007019701795528527,0.03867197025347475
1242.0,214.0556392319514,0.0007104706153291658,0.039135576996708464
1242.5,212.42058082449958,0.000730968566207301,0.04025352701825667
1243.0,209.929622252111,0.0007263635112798029,0.040002374484511834
1243.5,208.89267491824066,0.0007043096472594767,0.03879956144425186
1244.0,206.11515987486322,0.0006890040297889555,0.03796479295512825
1244.5,204.81535119241707,0.0006838363838773624,0.037682949307150826
1245.0,206.36623068761912,0.0006850725746475431,0.03775037158338894
1245.5,211.43687365798937,0.0006845245829940243,0.03772048490799506
1246.0,215.68214627272042,0.0006897330618680308,0.038004545797993054
1246.5,216.03392405987626,0.0007071754719111656,0.03895584766918525
1247.0,215.1275252337808,0.0007039701381044353,0.038781038539341936
1247.5,213.964438969205,0.0006937742505187251,0.038224959302621646
1248.0,211.85908967609612,0.00068810539565023,0.037915780928669755
1248.5,209.59990802556382,0.0006922589225902932,0.038142314286546956
1249.0,206.88102352931162,0.0007004107041305186,0.03858690850171989
1249.5,205.8434091993121,0.0007084130216921457,0.0390233514159182
1250.0,207.25662156386178,0.0007221863291068585,0.03977454552614091
1250.5,207.95647090324226,0.0007268340182400156,0.04002803052866426
1251.0,207.03458564345934,0.0007163171548691009,0.03945444257682023
1251.5,206.89894679172775,0.0007071118402694457,0.03895238648566798
1252.0,206.3845423717802,0.0007037484394359092,0.03876894792994726
1252.5,206.6317325729876,0.00070734933984999,0.03896534149398048
1253.0,208.57405053294295,0.0007117396617380094,0.03920478551538318
1253.5,208.52907761981203,0.0007199423660628291,0.03965215357521208
1254.0,206.61025235365344,0.0007203611983183641,0.039674994792566406
1254.5,206.93548129588015,0.0007161727624719101,0.03944655959101124
1255.0,206.24966754493775,0.0007108639640726112,0.039157019212377735
1255.5,206.6403346379414,0.0006997522716546962,0.038550985757330854
1256.0,205.46776977542805,0.0006851926763846787,0.03775690609088199
1256.5,207.3393370197487,0.0006703192167983241,0.03694571237332933
1257.0,211.1209142688665,0.0006694751243136474,0.036899679001995214
1257.5,209.18646195691215,0.0006793156360692194,0.03743638011759423
1258.0,206.7606901456503,0.0006708129324960089,0.03697264204269749
1258.5,204.6860413064435,0.0006563190131138927,0.03618214317149788
1259.0,207.342624988272,0.0006566779650141456,0.03620171954820456
1259.5,210.85490470511434,0.0006768755804091407,0.03730329601371058
1260.0,211.73076043210986,0.0006910699700779957,0.03807745775421721
1260.5,211.93880886954418,0.0006852231983786725,0.037758577480957574
1261.0,211.97679612501508,0.000677078526773668,0.037314370110446186
1261.5,210.53956742522067,0.0006782287562927095,0.03737710488389554
1262.0,210.31217055495102,0.0006831664012295969,0.037646401791077234
1262.5,211.01093210419384,0.0006858712407379189,0.03779392190313452
1263.0,212.77731689856142,0.0006899165180174106,0.03801455326376498
1263.5,212.93728736791198,0.0006960744688248095,0.03835041243471164
1264.0,211.5844385167451,0.0007030445270272043,0.03873056262513606
1264.5,210.55506533369604,0.000703306997337686,0.038744878239027926
1265.0,211.6116961068796,0.0006941341808705101,0.03824458990478775
1265.5,211.4059633105589,0.0007115577029058585,0.0391948519121168
1266.0,209.98693673268028,0.0007260022173003276,0.039982657979651864
1266.5,209.65500259299557,0.000703130370397171,0.038735236229053324
1267.0,210.4502735394625,0.0006827480881850702,0.03762359058247658
1267.5,211.53914636481736,0.000673490255147214,0.037118667948423556
1268.0,208.55233584645737,0.0006688454247047253,0.03686533977362211
1268.5,206.11417619289563,0.0006648416308164541,0.036646972209125064
1269.0,206.507418657924,0.0006686559454668237,0.03685500471491488
1269.5,208.88539377794638,0.0006792898550540997,0.03743497995558084
1270.0,212.83864975087337,0.0006926940420797312,0.03816603512792666
1270.5,214.74563821596215,0.0006908153920187801,0.038063563894366235
1271.0,215.12013771469765,0.0006732890120904294,0.03710768078304945
1271.5,215.46055438361714,0.0006614217475425814,0.03646044338077871
1272.0,214.166183605304,0.0006587966891543135,0.03631727364386163
1272.5,211.89703085079321,0.0006622303013428579,0.03650454441142861
1273.0,209.36150474814522,0.0006648673862450239,0.036648371648275085
1273.5,208.52364302665146,0.0006671390436237565,0.03677226892348889
1274.0,209.25336781937244,0.000663111705739401,0.03655261948210966
1274.5,210.46272754314626,0.0006503407214953444,0.03585609033133391
1275.0,211.3740192313319,0.0006522853935426857,0.03596215336423471
1275.5,211.60280510554549,0.0006709113612116405,0.03697800510130855
1276.0,210.15976434749913,0.0006805538823843544,0.03750390442487774
1276.5,209.39495356859305,0.0006763475818014291,0.037274499434749905
1277.0,208.02619088999182,0.0006683201612003598,0.036836688404106435
1277.5,205.97573558940252,0.0006654884531186532,0.036682248264009
1278.0,206.2879276587077,0.0006642161867268286,0.03661286078351195
1278.5,211.68231770958653,0.0006558191811552351,0.036154888153429626
1279.0,216.70499042121097,0.0006608662681703648,0.036430146169424596
1279.5,217.3631181043156,0.0006867640724900713,0.03784260557128673
1280.0,216.1288109962377,0.0006836139095381688,0.03767080332969345
1280.5,214.55732066913137,0.0006711676913147816,0.03699199197542544
1281.0,210.91122062872807,0.000664669461291876,0.036637582027994435
1281.5,208.24520314251748,0.0006635047076276536,0.0365740573126793
1282.0,206.93459969543457,0.0006651270762507308,0.036662541962010534
1282.5,205.01492454280648,0.0006693177419789431,0.03689110109368287
1283.0,204.45894659790028,0.0006778245533496023,0.0373550565233007
1283.5,207.50604087773826,0.0006925819385858792,0.03815992087048793
1284.0,211.47570569468917,0.0006960244003320963,0.038347675744676714
1284.5,212.82971095005556,0.0006853373921429943,0.03776480808067969
1285.0,209.71055229488914,0.0006745446204102184,0.037176169011486064
1285.5,206.58113841189285,0.000670603259249024,0.036961206734179713
1286.0,206.96561589698504,0.0006659072968548549,0.03670508824780234
1286.5,210.5185875677186,0.0006648376332075473,0.0366467493957594
1287.0,211.97884700242886,0.0006627501997792543,0.03653290077786113
1287.5,210.86236012240494,0.0006522909707529223,0.0359624540497325
1288.0,208.6072243282264,0.0006431455816244043,0.035463663178288356
1288.5,207.0718095897167,0.0006477003123692545,0.03571207313866874
1289.0,207.27953795918364,0.000662624985510203,0.03652606173469382
1289.5,208.5788135230675,0.0006633861298989699,0.036567580358062596
1290.0,211.5272462593295,0.0006438565788688653,0.035502441706981
1290.5,213.83174021011948,0.0006281649188804834,0.034646617876701924
1291.0,213.67869815743347,0.0006334606029522366,0.0349354420338232
1291.5,211.9521818129604,0.0006486172388157411,0.03576208246478741
1292.0,209.80678943159745,0.0006556419604646631,0.036145211234385084
1292.5,207.54738032174828,0.0006464122007725566,0.03564181947784988
1293.0,204.9444790704325,0.0006428823200000005,0.035449298626323775
1293.5,204.67629977698522,0.0006520206135526042,0.03594770230394286
1294.0,206.68543344273687,0.0006645890985523642,0.036633182231904496
1294.5,206.75271119896644,0.0006724616751395339,0.03706255476046507
1295.0,206.04572035988687,0.0006651904121734745,0.0366659878368379
1295.5,206.4966143887673,0.0006540018899115135,0.036055769327202246
1296.0,208.13499190910915,0.0006530084128704045,0.03600158675091912
1296.5,208.79964473312748,0.000657188076522938,0.03622954254664756
1297.0,208.9509617189424,0.0006552268767973001,0.036122576351601855
1297.5,209.34942378375916,0.0006479574517063889,0.03572610193979858
1298.0,211.94132585980978,0.0006627156920706637,0.036531016202444436
1298.5,213.00099889886877,0.0006863266536157055,0.037818758671627095
1299.0,211.62962891005512,0.0006836045914074401,0.03767029725851633
1299.5,214.71827060660817,0.0006673030917762401,0.036781215898487
1300.0,215.3741434082982,0.000680680278960456,0.037510796971463485
1300.5,210.93246759363,0.0006808323115389405,0.037519091385669764
1301.0,207.3370715660758,0.0006401038131021563,0.03529776126827225
1301.5,208.42157308650783,0.0006288179792541814,0.034682233536845755
1302.0,212.16969948771202,0.0006423915621495328,0.035422538099688476
1302.5,213.03486137458466,0.0006677322975654031,0.03680462233025311
1303.0,211.54230730218052,0.0006917753565358277,0.03811592524299078
1303.5,210.5900371085003,0.0007013556038732662,0.03863843192808838
1304.0,210.66589738425927,0.0006886985306127448,0.03794811718566175
1304.5,212.1608732583197,0.0006685033563706364,0.036846674502491926
1305.0,212.87458867514107,0.0006642631914536529,0.03661541635661694
1305.5,212.6847609539991,0.0006690619431074191,0.03687713982357937
1306.0,212.44123532655883,0.000675963966311722,0.03725357554229285
1306.5,210.83021794257579,0.0006815464827140666,0.03755804627140669
1307.0,208.9236716275907,0.0006840338621253825,0.03769370957492356
1307.5,209.2690297663634,0.0006708144588041749,0.03697272342536124
1308.0,211.35728609900642,0.0006593739256077963,0.036348754890768255
1308.5,212.46711919727906,0.0006578997111448007,0.036268344217492705
1309.0,211.29111986368065,0.0006632013078141602,0.036557490179034605
1309.5,211.80786513220775,0.0006678867361525153,0.036813033719023364
1310.0,214.4232343426607,0.0006770748559090888,0.03731415246312605
1310.5,215.1854887574624,0.0006857249351961721,0.03778592628343636
1311.0,212.7966818863536,0.0006891300099334606,0.03797164111074148
1311.5,209.6646049687257,0.0006787408112639675,0.037405019297701854
1312.0,210.30963397249684,0.0006638632292292196,0.03659360127865248
1312.5,212.47926495834184,0.0006498824370875814,0.03583109228794235
1313.0,214.4351515674645,0.0006485422197530495,0.03575799475724856
1313.5,212.58593792688023,0.0006706019960086671,0.036961131404799064
1314.0,209.3160901036181,0.0006720507112643154,0.03704014467514997
1314.5,208.39546721773905,0.0006433764527164715,0.035476249451690554
1315.0,208.42974285705628,0.000626522951691511,0.03455705921105255
1315.5,208.45186067335663,0.0006233667856937173,0.034384924581151825
1316.0,209.1758166472956,0.0006279184116718897,0.03463317309128302
1316.5,211.49374368784703,0.0006405336622283393,0.03532120015616723
1317.0,212.39386994609768,0.0006637082330411721,0.0365851346514471
1317.5,212.51897084153774,0.0006718265699367092,0.037027918463080185
1318.0,211.35680372961878,0.0006668147703692903,0.036754581377551006
1318.5,209.93489196157898,0.0006663973956032293,0.036731817611665454
1319.0,208.95158997761376,0.0006717695766935968,0.03702481721743467
1319.5,207.82581960413856,0.000676540118765182,0.03728500481376518
1320.0,206.76694521530902,0.0006814114139092953,0.03755068398069716
1320.5,206.92377596752695,0.0006910628650370783,0.03807707339171215
1321.0,206.3240789927311,0.0006983682833897192,0.03847551324065417
1321.5,204.77594542282026,0.0006986100192194803,0.038488698878388475
1322.0,203.88082305396972,0.0006987812719216716,0.03849803923076045
1322.5,204.40531780341271,0.0007020700637734322,0.038677407432498215
1323.0,205.2699861550845,0.0006993817296334345,0.038530781435661784
1323.5,206.82358169550605,0.0006829142857903733,0.03763264833624721
1324.0,210.18476378902542,0.0006660831997923447,0.03671468337702802
1324.5,212.0321997776086,0.0006613793887633183,0.036458138257610365
1325.0,213.05471081737463,0.000666074837164147,0.0367142267989201
1325.5,213.2200599283814,0.0006714610614088389,0.03700799058747693
1326.0,213.36282849551412,0.0006784904390993774,0.037391373360248364
1326.5,213.313330345679,0.0006912499015000019,0.03808727452777789
1327.0,215.4117488619389,0.0006985439905665609,0.03848509584401032
1327.5,216.1741806874075,0.0006985633434488887,0.03848615192577776
1328.0,213.12418800000046,0.0006951472723333339,0.038299839466666694
1328.5,209.3619743479572,0.0006904249028656896,0.038042281477421884
1329.0,208.44879971221178,0.0006860016555184414,0.03780103580969447
1329.5,209.87239268850644,0.000692070030757827,0.038131995046858796
1330.0,211.43111167379882,0.0006948291200661048,0.038282472812799395
1330.5,212.87747336718422,0.0006711773741233914,0.03699251294357136
1331.0,212.24517901305518,0.0006504241928926149,0.03586063918406507
1331.5,210.39806907261953,0.0006464200044999047,0.03564225049549725
1332.0,209.51455490430274,0.0006553566960883303,0.03612965716075872
1332.5,208.4265536073322,0.0006585313019678099,0.03630280124813182
1333.0,207.81729999207988,0.0006588373811611865,0.03631949664497586
1333.5,205.5971445977302,0.0006609360288264038,0.036433956912626964
1334.0,207.5276822852403,0.0006596689879794977,0.03636485478731556
1334.5,209.82220230440038,0.000667645409338953,0.036799883320655244
1335.0,211.95276788533744,0.0006868437804230838,0.037846953801218566
1335.5,214.8832723233484,0.0006774976364217285,0.03733721754435717
1336.0,215.322867176729,0.0006610865078922929,0.036442157042355657
1336.5,212.2849861348422,0.0006597373487294634,0.03636857450985761
1337.0,210.1059428623828,0.000660542183663472,0.036412472194355706
1337.5,209.71324803952552,0.0006560320899124069,0.03616649402545341
1338.0,208.45079197100677,0.0006452679824641869,0.03557942050735568
1338.5,205.73191249736504,0.0006402328796369802,0.03530480615401745
1339.0,205.75009748434977,0.000643523178076476,0.035484260214036764
1339.5,209.21751185770347,0.0006531880412244424,0.036011383284038107
1340.0,210.66186952823506,0.0006786016680135553,0.03739743175469521
1340.5,212.64012742648202,0.0006881114745072622,0.03791609486214917
1341.0,213.35113477115323,0.0006658559587737144,0.036702284607723665
1341.5,211.76743063031088,0.0006553079573349468,0.036126999915876104
1342.0,209.89606880008247,0.0006570843955947958,0.036223885977230495
1342.5,208.23549832741713,0.0006722843981984537,0.037052891193610986
1343.0,206.27502438248928,0.0006832969661974814,0.0376535173998063
1343.5,208.03491020579636,0.0006738590141520574,0.037138775123759155
1344.0,210.31766161406358,0.0006565445783095763,0.036194446429162384
1344.5,210.797524536685,0.0006491594911850439,0.035791663581749025
1345.0,210.20938371277717,0.0006689225384540656,0.03686953543020065
1345.5,205.0314400309756,0.000688386210960927,0.037931081971277605
1346.0,204.61388396154825,0.0006752912360746353,0.03721688433832075
1346.5,207.77059719277202,0.0006513733610939846,0.035912399510876644
1347.0,210.2019876048624,0.0006443193675918992,0.035527674266453854
1347.5,212.86812716532867,0.0006394872130311337,0.03526413157049148
1348.0,214.6570168981571,0.0006323725557969458,0.03487610078754653
1348.5,211.95036493201098,0.0006262499204180545,0.034542173786175884
1349.0,210.40811925356982,0.000623143064057474,0.03437272526983557
1349.5,211.37916302855527,0.0006240855243131811,0.03442412564622945
1350.0,211.15271063268304,0.0006369524072137987,0.03512588567674078
1350.5,210.75693640932474,0.0006486723893460512,0.035765094925068235
1351.0,209.6305658682621,0.0006497317508250694,0.035822872774890914
1351.5,208.13045246612475,0.0006499413217727543,0.035834301003965896
1352.0,209.02356041826454,0.0006555427383974624,0.03613980004581521
1352.5,210.2322409291208,0.0006565943863771565,0.036197156077235774
1353.0,210.5014831848032,0.0006508618927945264,0.03588450682586278
1353.5,210.31773700707257,0.0006478086971415829,0.03571798692444976
1354.0,209.69187725065004,0.0006505494416521223,0.035867468769139245
1354.5,207.81518942086484,0.0006537832903074174,0.03604384406088853
1355.0,207.4320584121004,0.0006508497410380732,0.035883848127800946
1355.5,209.66283531491044,0.0006422722792155885,0.03541603105602932
1356.0,211.0467998421821,0.0006329737168832097,0.03490888506988914
1356.5,210.44747315848832,0.0006249392195431461,0.03447068108375629
1357.0,209.22571210495343,0.0006208616052411575,0.034248287114904484
1357.5,206.7615723215378,0.0006206316629099537,0.03423574661333039
1358.0,206.2268330586457,0.0006266549151483324,0.034564255310259646
1358.5,207.8355074211522,0.0006404432843129378,0.03531627343329984
1359.0,209.7729825147137,0.0006540040282845103,0.036055875308186186
1359.5,212.23053946584645,0.0006593649272030501,0.03634825830718301
1360.0,213.4877350312112,0.0006507423361938182,0.035877983886235844
1360.5,212.9253046522205,0.0006336244703069842,0.034944377280497686
1361.0,211.19670816256473,0.0006187004171890055,0.03413042024418141
1361.5,209.3603402831281,0.0006139141493318617,0.03386937606882021
1362.0,207.40607759576187,0.0006225382806723723,0.03433973223471887
1362.5,206.64473147134646,0.0006262279186514891,0.034540964276379184
1363.0,205.98324002577763,0.0006043002398643042,0.033345028735281314
1363.5,206.9842552183518,0.0006035549878132409,0.03330438351167244
1364.0,211.0633466761501,0.0006120766845797752,0.03376915844418901
1364.5,213.53245067497582,0.0006138127296550687,0.033863842812137564
1365.0,211.8366282786809,0.0006134019366363795,0.033841436561855676
1365.5,208.03160711373812,0.0006146663594251936,0.033910396836730534
1366.0,206.8645475546495,0.0006205326109989798,0.03423034251223237
1366.5,208.97136185660514,0.0006287473210607586,0.03467837588139165
1367.0,209.40801494453092,0.0006293366719946631,0.03471052269479653
1367.5,207.9707460758996,0.0006239172016197173,0.034414945617957694
1368.0,207.2138034434972,0.0006225266165798738,0.034339104281782794
1368.5,206.51532207888508,0.0006273446254559597,0.03460187403770012
1369.0,207.16743009863276,0.0006324876477891033,0.03488236956856933
1369.5,208.61413324570282,0.0006321983586491404,0.034866591936804844
1370.0,211.31005024366468,0.0006307862764992025,0.0347895801622807
1370.5,212.3848047086143,0.0006302532133303371,0.03476050982921348
1371.0,211.22854131169385,0.0006294855212958802,0.034718641023782776
1371.5,209.2375367265916,0.0006304201014981274,0.0347696131357678
1372.0,208.60805623570545,0.0006317429462719098,0.03484176009415729
1372.5,207.90158449937576,0.0006299581916292135,0.03474441958913858
1373.0,206.80786668135738,0.0006267808624966945,0.03457113015601586
1373.5,206.8779939975031,0.0006244741693483152,0.03444532421235958
1374.0,210.59695638803754,0.0006320105297982633,0.034856350663176695
1374.5,210.73683530768346,0.0006505758419846814,0.035868895191215694
1375.0,206.75052609828643,0.0006490116074330953,0.035783586788355484
1375.5,205.62375572420834,0.0006270888856292117,0.03458792727957089
1376.0,208.19506035679663,0.000608310036016405,0.033563730714361674
1376.5,209.92955696595791,0.0005989390775170845,0.03305263890404329
1377.0,211.44300709854255,0.0005958980139874742,0.032886779308123004
1377.5,211.654093290653,0.0006022202296862993,0.03323159376440459
1378.0,211.70577702976402,0.0006141609268996807,0.03388283997011744
1378.5,213.58470842501092,0.0006284957201847766,0.034664654314580934
1379.0,216.51043237444935,0.0006386332429214228,0.03521754989075437
1379.5,217.10223526748968,0.0006310986072222232,0.034806613500000055
1380.0,214.0462359384699,0.0006227262089288731,0.03434998539669767
1380.5,210.54827389700185,0.0006234205600857142,0.03438785473502645
1381.0,210.31218569711936,0.0006310338434222205,0.03480308439555547
1381.5,211.4827359077636,0.000635681788587053,0.03505658477227028
1382.0,210.3587960190476,0.0006330348384825396,0.03491221915365079
1382.5,208.54222061435732,0.0006392673547586777,0.03525213918628274
1383.0,207.11724083010023,0.0006412888451587297,0.035362394835802446
1383.5,209.26773697572682,0.0006344202290177814,0.03498778323348857
1384.0,211.05296375002922,0.0006484381422814794,0.03575230570052899
1384.5,210.24563868269945,0.0006507590194628679,0.03587888717189979
1385.0,208.99606087032882,0.0006230148934198702,0.03436573025395065
1385.5,209.28642670354404,0.0006019406400262488,0.03321634291486953
1386.0,210.11591136597957,0.0005902342334761578,0.03257787529606948
1386.5,209.29540572238116,0.0005957307487213684,0.03287765614969584
1387.0,208.12284330655638,0.0006159801353420142,0.03398206011806224
1387.5,209.78150936138147,0.000635295997972878,0.03503553875521552
1388.0,211.1342639925626,0.0006480426348144023,0.03573073744655176
1388.5,212.01242009591064,0.000636555018006536,0.035104209913567726
1389.0,211.87114445530358,0.0006282187148082252,0.034649552181172834
1389.5,212.36547563349797,0.0006247632179375974,0.03446109159692413
1390.0,210.93395000318756,0.0006258259784364355,0.03451905249372423
1390.5,209.4060189704617,0.0006321002339688354,0.03486124843944784
1391.0,210.08711848535555,0.0006352797316694558,0.03503465980502091
1391.5,212.30953390875885,0.0006382027663992884,0.03519408416356408
1392.0,214.12802835893476,0.000643563632272728,0.035486466668818405
1392.5,216.09153781425002,0.0006526800544342543,0.03598367495578301
1393.0,216.26817552503059,0.0006528332656139057,0.035992029022400694
1393.5,213.6177280116963,0.0006419006680135838,0.035395763580928205
1394.0,210.22224301045443,0.000631838692440035,0.03484698227398513
1394.5,209.00979939704501,0.0006284121160030746,0.03466009763835511
1395.0,210.84049780681568,0.0006246750041429662,0.03445627577056107
1395.5,212.47743317978944,0.0006249745942686912,0.034472616173361524
1396.0,213.89572641559687,0.0006288879284124965,0.034686050993659186
1396.5,214.41544636604323,0.0006343087994196777,0.034981707052651835
1397.0,213.82904343904164,0.0006415648798308658,0.03537745374630016
1397.5,212.57620490776318,0.0006513008197405846,0.035908447949365895
1398.0,212.8207832103062,0.0006549533708962364,0.03610765510408961
1398.5,211.58957543535973,0.0006508349366918234,0.03588303383459117
1399.0,209.91311991520604,0.0006474443201482803,0.03569811172499014
1399.5,207.73055706128667,0.0006376928649309849,0.03516627090365614
1400.0,205.41354833045463,0.000625781663507771,0.03451663504145072
1400.5,205.38081196291867,0.0006223829847729992,0.03433127068080448
1401.0,206.5336616848651,0.0006226950577589013,0.03434829163062055
1401.5,208.58892494630936,0.0006250602124303153,0.0344772874671414
1402.0,211.4812975454294,0.0006329316293022768,0.034906589724979585
1402.5,212.92375103088764,0.0006328735763079875,0.03490342188873387
1403.0,211.61158375914835,0.0006216832002418241,0.03429310078258867
1403.5,210.43315540633873,0.0006102758248094718,0.03367094358194603
1404.0,212.3579403891111,0.0006080451877762981,0.033549285158455386
1404.5,214.13011008132236,0.0006186745283855207,0.034129009480039246
1405.0,213.8321714700702,0.0006272289290765819,0.0345955636387356
1405.5,212.51339817062677,0.0006329990972971056,0.03491026471877201
1406.0,213.88130227321383,0.0006351894210972617,0.03502972549962229
1406.5,214.81626640032732,0.0006317885479684553,0.03484424451114472
1407.0,214.6620029646419,0.0006279740686876705,0.03463620392373076
1407.5,213.9994536126324,0.0006365608832152986,0.03510453045023613
1408.0,211.58998040297212,0.0006594298588005271,0.036351799616546936
1408.5,210.07949349497474,0.00067341756273954,0.03711469533216554
1409.0,211.36683841793183,0.0006501802439521913,0.035847336029157045
1409.5,211.43288593781853,0.0006217978105561931,0.03429935553211011
1410.0,215.43243708490056,0.0005992883836197634,0.03307168955830606
1410.5,211.09894877749824,0.0005986137633000683,0.03303489606044962
1411.0,205.98070608572792,0.0006122425053383682,0.03377820471563759
1411.5,207.40253567620357,0.0006211278146472939,0.03426280866000759
1412.0,212.5428988453453,0.0006346132836341049,0.034998308066622096
1412.5,217.5585298909266,0.0006377962064988531,0.03517190645114678
1413.0,214.9399271258948,0.0006259610978063469,0.03452642064815523
1413.5,208.70403964617154,0.0006207887478349521,0.034244321926796155
1414.0,204.48681754855065,0.0006351870656865805,0.035029605130703294
1414.5,205.92597248907197,0.000658630000815847,0.03630817028596843
1415.0,210.2772712419758,0.0006649926888082854,0.03665519265939068
1415.5,212.13868958008186,0.0006296051803935301,0.0347251661405795
1416.0,212.60631844618788,0.0006018656220080595,0.03321225138857092
1416.5,211.30418372866677,0.0006056763792490987,0.03342008888978549
1417.0,206.2555739697913,0.0006292240083738355,0.03470437490459456
1417.5,206.53602563698507,0.0006414251514125698,0.03536982638665279
1418.0,207.5524689248291,0.0006329521890933944,0.03490771262072894
1418.5,206.07472464379865,0.0006131677823390891,0.033828669886937356
1419.0,206.37356606944704,0.0006051321704888932,0.03339040708353902
1419.5,205.9312559444905,0.000630149866694282,0.034754868672949385
1420.0,208.84173525591444,0.0006530379874067928,0.03600317782746474
1420.5,212.15673573138164,0.0006404875951222044,0.0353186855426678
1421.0,210.72353596934553,0.0006131036665120141,0.03382517231110195
1421.5,208.15238171326698,0.0006138637641456677,0.033866627263375894
1422.0,206.04647439795485,0.0006474668895257934,0.03569934117294235
1422.5,204.106297293994,0.0006598859389017988,0.03637667955055187
1423.0,204.8249511640312,0.0006482979698933133,0.0357446723944561
1423.5,206.12799558748242,0.0006513528177160353,0.0359112841663849
1424.0,204.0516977034263,0.0006505990671964179,0.035870177307715
1424.5,203.79532423651725,0.0006492513803216376,0.03579667468713451
1425.0,202.56053695895855,0.0006566016816941318,0.036197559646402734
1425.5,203.75096991492526,0.000665274487877815,0.03667057214801053
1426.0,208.8574576135854,0.000676581970905115,0.03728727701691627
1426.5,211.07036863455852,0.0006961018651600504,0.038351889188774274
1427.0,207.17277589432868,0.0006979555663390574,0.03845299433476434
1427.5,204.5543851446737,0.0006813137717645793,0.03754535316823775
1428.0,204.41704941318554,0.000675277574028133,0.037216140907380346
1428.5,203.2764787595598,0.0006777534703967553,0.0373511754504603
1429.0,204.55536749598156,0.0006836332296372215,0.03767185772709343
1429.5,202.65697458389178,0.0006766883968322991,0.03729309142537455
1430.0,200.3965874286826,0.0006504250341668469,0.035860688910874676
1430.5,203.48862086347523,0.000648071323028864,0.03573231705425651
1431.0,202.93153332676667,0.0006663530633686588,0.03672939874230701
1431.5,203.31131239838678,0.0006714141506215915,0.03700543098420164
1432.0,208.57919134232458,0.0006716035348843932,0.03701576072254335
1432.5,210.11940689308784,0.0006610541648332728,0.036440395453871864
1433.0,206.73567668593384,0.0006411913412427714,0.03535707939884375
1433.5,200.08824296241315,0.0006440837018543911,0.0355148304596147
1434.0,199.5939900064226,0.000641243855346821,0.035359945326589606
1434.5,204.57058736816063,0.0006314957803649509,0.03482828464431275
1435.0,206.48036407887676,0.0006364730521248604,0.03509974275250089
1435.5,204.9484365263571,0.0006629102878746149,0.036541623602712535
1436.0,203.15077189205857,0.0006670126433605042,0.03676536878010375
1436.5,202.4177472313621,0.000654295629408627,0.03607178553846159
1437.0,201.65366336709076,0.0006554708207039642,0.03613588184216375
1437.5,201.51378783706335,0.0006576208070698092,0.03625314432681193
1438.0,202.56710672718305,0.0006620511427417568,0.03649477108521678
1438.5,204.12119432120716,0.0006728740223627472,0.03708504829217604
1439.0,205.15987988470954,0.0006792891708041499,0.0374349319020752
1439.5,205.36423497828767,0.0006851209510146998,0.03775299281480813
1440.0,207.52383720380828,0.0006924834356507674,0.03815454140703311
1440.5,210.2751182942604,0.0006907121847413094,0.03805793728536781
1441.0,208.1264308130566,0.0006653634624306667,0.03667542389882423
1441.5,205.32900036861503,0.0006521495090786728,0.03595473629611373
1442.0,199.10169806211772,0.0006776436626771633,0.03734518057480303
1442.5,198.861306183385,0.0006959396154002038,0.03834304435491194
1443.0,202.55121374499808,0.0006929129087782179,0.038177971067637415
1443.5,210.18877595357955,0.0007071253675615312,0.038953122089245125
1444.0,210.06490057830166,0.0007219095733995034,0.03975944737220842
1444.5,203.24768507354798,0.0007127974692035578,0.039262480577419996
1445.0,197.76276766666575,0.000690314106124996,0.038036242099999784
1445.5,195.49277749886082,0.0006767928475923053,0.03729879395780438
1446.0,196.3767069590413,0.0006785835739216638,0.037396459582047244
1446.5,198.6438142078529,0.0006949004379615142,0.03828638155450274
1447.0,204.91292830139082,0.0007073883381457321,0.038967471740933214
1447.5,207.11227615225218,0.0007108932601411825,0.03915862421204047
1448.0,204.93540803732165,0.0007052367220417743,0.03885011467220807
1448.5,202.47128252245113,0.0006877739000653727,0.03789768950079242
1449.0,200.50729078014186,0.0006757171463829789,0.03724011309929079
1449.5,200.10487498895608,0.0006795319297245026,0.037448173049373354
1450.0,199.8990271575055,0.000689055568398529,0.03796759858580066
1450.5,198.32384346999638,0.0006853399852007928,0.03776495321582931
1451.0,199.04753005930075,0.0006741508477841417,0.037154697349287044
1451.5,200.3644075070531,0.000680184065310642,0.03748374990464609
1452.0,202.34790679151033,0.0007086965899999951,0.0390388210842694
1452.5,202.58322026121192,0.0007314926381460635,0.04028210609723401
1453.0,203.12691296596427,0.0007029292035863545,0.03872426432784107
1453.5,202.18163558437172,0.0006778723311486877,0.03735766619126839
1454.0,197.5783879134163,0.0006820579330698589,0.0375859480583363
1454.5,196.31224533823206,0.0006934910529792543,0.03820951244661779
1455.0,203.27230877557034,0.0006960796427344429,0.038350692914541934
1455.5,204.18279870780574,0.0007007129261795435,0.03860338667495053
1456.0,204.00539173629113,0.0006846058276361246,0.03772491064066534
1456.5,201.1469283846564,0.0006890463415153981,0.037967096911669426
1457.0,197.54782692115563,0.000704585774392829,0.03881461601447725
1457.5,195.78634847033106,0.000698478192547006,0.03848151114069588
1458.0,201.46365420193345,0.0007045647870529449,0.03881346365640198
1458.5,204.73751409464154,0.0007339844790525088,0.04041800609971923
1459.0,205.99768490145476,0.0007017036358058675,0.03865742043931191
1459.5,203.14321232621285,0.0006862559508570834,0.037814902226500816
1460.0,197.87136666292278,0.0006864317434329361,0.037824492235115685
1460.5,196.91775597965236,0.0006928866458164689,0.03817654745892602
1461.0,199.4634751234914,0.0006989523689415047,0.03850737320167134
1461.5,202.8835014743822,0.0007073814990372172,0.03896709667305541
1462.0,204.257029312254,0.0007148007201076701,0.039371734866346306
1462.5,199.76494873385093,0.0006962544115116313,0.038360222325581575
1463.0,198.5583344282978,0.0006752971059736315,0.0372172154017021
1463.5,193.09869687815373,0.0006800264802520618,0.03747515157082621
1464.0,190.80365522887953,0.0006816875143040971,0.03756574196149886
1464.5,191.99643215632415,0.0006723967105899931,0.03705902288838558
1465.0,193.9243763564614,0.0006722540324953675,0.03705124109573811
1465.5,197.30529216921994,0.0006843003505261331,0.0377082430933007
1466.0,198.55529951472647,0.0007000113712225135,0.03856512112993628
1466.5,197.9748610642168,0.0006861241126760038,0.03780771330698556
1467.0,197.88125906997303,0.0006639385134594746,0.03659770791603975
1467.5,200.28950843743763,0.0006513018928878547,0.035908508333303515
1468.0,202.42293852226084,0.0006392248469679684,0.035249828802880356
1468.5,199.24182638954593,0.0006382376593313267,0.035195987023758334
1469.0,196.7762962968269,0.0006366971630204227,0.03511196832443567
1469.5,197.2675803452064,0.0006397861265932051,0.0352804404781767
1470.0,198.04450382957123,0.0006579114257022563,0.03626899207909346
1470.5,197.27535794401473,0.0006770655310962988,0.037313652986027304
1471.0,196.99064628275877,0.0006620473348849715,0.036494566654267924
1471.5,194.5300940324055,0.0006453129014958782,0.03558187218613392
1472.0,193.2219950763278,0.0006331785690657936,0.034920065661685734
1472.5,193.1447701610855,0.0006300176318798875,0.03474766770002004
1473.0,194.2791904128157,0.0006431255959426976,0.03546257485212563
1473.5,195.11444516164926,0.000664859780673985,0.03664795465848262
1474.0,196.30748478472887,0.0006701702437273581,0.036937587893277335
1474.5,197.3267896389262,0.0006701174355804572,0.03693470911396235
1475.0,196.3760922846768,0.000674217104888889,0.03715830577320262
1475.5,194.2810447146963,0.0006731571766143817,0.03710049636229374
1476.0,192.59398351259588,0.0006673236914035445,0.03678233764677124
1476.5,193.88175032592065,0.0006584138446980978,0.03629639733153178
1477.0,195.17781272708862,0.0006547371568156929,0.03609587373950727
1477.5,193.8315689784537,0.000664505218167301,0.036628624558555166
1478.0,194.5761314152358,0.0006834264897167834,0.03766058695048467
1478.5,195.154659462946,0.0006991277502452094,0.0385169253217381
1479.0,193.4236842484532,0.0006843686022666812,0.03771196402328464
1479.5,193.57802287705965,0.0006733734480684395,0.03711229341406835
1480.0,191.31348714213246,0.0006718922252417883,0.03703151036245437
1480.5,190.4587458548226,0.0006738330102689605,0.03713735808838625
1481.0,190.70951792899535,0.0006727469153259836,0.03707811909161756
1481.5,191.22078690494294,0.0006657525649733846,0.036696648614448706
1482.0,193.47359203162986,0.0006501326317427026,0.03584473989416069
1482.5,193.97349756193367,0.0006482012954029655,0.035739405161281136
1483.0,191.6751360841831,0.000659707441293482,0.03636694239232094
1483.5,189.16092257586095,0.0006592477701197806,0.03634187198220395
1484.0,191.3283002897736,0.0006293830154225111,0.034713048784071915
1484.5,192.5417630149308,0.0006137939455722784,0.03386282237452322
1485.0,190.4909124034959,0.0006263101505900043,0.034545455287444425
1485.5,188.798439382979,0.0006317241424026356,0.034840735275043624
1486.0,189.33471433572305,0.0006312704390893238,0.03481599176583995
1486.5,189.12005126224466,0.0006432285727707796,0.03546818847403597
1487.0,187.41173853625804,0.0006727518349383804,0.037078382475819245
1487.5,186.62601507890363,0.0006746205070277079,0.037180299820964935
1488.0,187.7679798505889,0.0006458611036368899,0.03561176092888963
1488.5,187.78700496114018,0.000618351596282698,0.03411139312981984
1489.0,187.80297903633837,0.0005999894636510182,0.03310992297455573
1489.5,187.80582338343805,0.000594773978740532,0.03282547090021138
1490.0,186.63116809201705,0.000593099397000634,0.03273413941312618
1490.5,184.03617497451842,0.000589755492815473,0.032551762030966006
1491.0,182.98373597042752,0.0005936542185843779,0.032764399594696236
1491.5,184.5511711115484,0.0006150104048033865,0.03392916782815597
1492.0,186.19648338914246,0.0006350401391181495,0.035021589161815005
1492.5,188.85470403197695,0.0006429836572517681,0.035454828605404186
1493.0,189.6439948362649,0.0006354337632754174,0.035043057996138945
1493.5,188.13865648714133,0.0006348518900107238,0.035011321529758714
1494.0,186.30753212452663,0.0006423126671895764,0.03541823460304519
1494.5,186.3605526712427,0.0006439829696932649,0.03550933480180181
1495.0,187.73275963725771,0.0006455329364544682,0.03559386692672341
1495.5,188.69840677905054,0.0006480853811296612,0.035733077887399455
1496.0,188.39990185535882,0.00063676488456865,0.03511566064843075
1496.5,186.62206632845857,0.0006304847980050281,0.03477314308820845
1497.0,183.78320562919185,0.0006319984148438396,0.03485569595915065
1497.5,182.74321630017556,0.000636013859149686,0.03507469988887832
1498.0,183.84804681227592,0.0006428797190725804,0.035449165115927404
1498.5,184.3509564827957,0.0006497848916357964,0.03582577330907041
1499.0,184.34062800170832,0.0006478780886017036,0.03572177765250363
1499.5,185.13101192378693,0.0006408584271707533,0.035338925870378145
1500.0,185.15465490490698,0.0006496373646655586,0.035817725691732444
1500.5,185.26003207104284,0.0006651908904206515,0.03666600951474883
1501.0,185.21231322453076,0.0006636681499676432,0.036582959567694154
1501.5,186.6480835856681,0.0006367063315580681,0.03511246533392321
1502.0,188.118968049275,0.000619255379800674,0.03416069120249898
1502.5,186.5231434619128,0.0006276100034394573,0.03461635282901097
1503.0,184.0569159284695,0.0006458830064828309,0.03561296269549346
1503.5,182.78486344778244,0.0006492951308497855,0.03579906097596567
1504.0,183.85488058774422,0.0006451222198479978,0.03557146905472107
1504.5,182.50589749451598,0.0006341933175815452,0.03497540692339056
1505.0,182.46726172109766,0.0006227104383198361,0.03434913163805658
1505.5,181.06046918151452,0.0006246563578365201,0.034455262995513096
1506.0,179.18987655031313,0.0006332865595450921,0.034925953201771824
1506.5,179.39138759460107,0.0006409713525108453,0.03534508099783076
1507.0,181.93978170150768,0.0006503015892074809,0.03585394564793052
1507.5,183.87574707510998,0.000663028862991757,0.036548088819995564
1508.0,184.61110984075336,0.0006476625206976359,0.03571001559172258
1508.5,184.4606225041568,0.0006365271124094575,0.03510269294469756
1509.0,181.05353569146303,0.0006373500453871175,0.035147573580026015
1509.5,179.37581756531486,0.0006348817597614309,0.03501295280001805
1510.0,181.47326235957442,0.0006327736920396881,0.0348979772007157
1510.5,185.23533146536613,0.0006421497379076881,0.03540934349593342
1511.0,184.79215305572504,0.0006440130251524698,0.03551097042346003
1511.5,183.81568083300556,0.0006282757379427419,0.034652663134888
1512.0,180.26499511604055,0.0006235432073419597,0.034394552100924236
1512.5,177.6024184139313,0.0006242410743178791,0.03443261292535491
1513.0,180.51570231893862,0.0006286275510580298,0.03467185216503418
1513.5,182.25001161183005,0.0006454885686155281,0.03559144666728288
1514.0,180.49513455437258,0.0006528761053504878,0.03599435996739129
1514.5,181.86295782419393,0.0006310886133290192,0.03480607287486131
1515.0,182.0592596385008,0.0006039183117886456,0.033324206743069455
1515.5,180.47522356520835,0.0005848594584694995,0.03228473445665427
1516.0,178.05983366977236,0.0005753728111645967,0.03176733066581636
1516.5,178.96665831351785,0.0005810372480077626,0.032076269912493106
1517.0,183.10584310016748,0.0006068151155257313,0.03348219174179233
1517.5,183.12276786896433,0.0006357162786137175,0.03505845371463912
1518.0,182.682836675853,0.0006141936974873909,0.033884615222726046
1518.5,179.32353458557324,0.0005846600494556435,0.032273853018145074
1519.0,175.1065509903438,0.000566308860971973,0.03127297968310159
1519.5,172.5976842266587,0.0005615111279874976,0.031011311651139347
1520.0,172.66166458560204,0.0005704164106170619,0.03149700716152461
1520.5,174.87712256138008,0.0005808963124425408,0.032068583220060516
1521.0,176.00891736438783,0.0005791366732667883,0.03197261281306719
1521.5,177.858233089128,0.0005848148943770693,0.03228230309892383
1522.0,177.21660465596233,0.0005969639812350671,0.0329449134202312
1522.5,177.78807338061475,0.000603135425231268,0.033281503127197076
1523.0,182.79902282295083,0.0006019595866724468,0.03321737086531791
1523.5,186.50905712254587,0.0006022619348198112,0.03323386036721912
1524.0,187.39778326909533,0.0005878136835910098,0.03244585512672505
1524.5,184.48225077196133,0.0005862839701629179,0.03236242301587135
1525.0,178.91001602550506,0.0006128666963243703,0.0338122350949131
1525.5,174.32030786093082,0.0006153311536861466,0.03394665242053815
1526.0,173.8789524277817,0.0005964238705080607,0.032915453378766744
1526.5,175.56264975334594,0.000580446209373555,0.03204403370096701
1527.0,177.19788093966798,0.000576912455178684,0.03185130355455118
1527.5,179.00760736808942,0.0005867467695007373,0.03238766873323532
1528.0,177.37853526162078,0.000605960605170817,0.03343559029160849
1528.5,175.47624191297058,0.0006211356947435342,0.03426324022451116
1529.0,177.5328544773782,0.0006213575816932941,0.03427534374437671
1529.5,180.25294197740777,0.0006139920186432271,0.033873625348366215
1530.0,180.3425337117737,0.0006128030713130734,0.03380877723795871
1530.5,179.22412813300213,0.0006035255854223202,0.03330278463567745
1531.0,176.70210570579178,0.0005927845371237457,0.032716968600812225
1531.5,175.9229582478102,0.0005926752382099203,0.03271100320673163
1532.0,175.18671144510597,0.0005957036753805266,0.032876172738732966
1532.5,174.9231965490363,0.0005950638864158163,0.03284128138010205
1533.0,176.42371876901882,0.0005892404137626216,0.03252367050655446
1533.5,178.25856229662733,0.0005891909012797622,0.03252097108333334
1534.0,176.57671025374776,0.0005946128688160385,0.0328166832022732
1534.5,174.3590350742746,0.0006015282044648638,0.03319384744612607
1535.0,171.30505670557673,0.0005982863692088191,0.033017039578469486
1535.5,169.2725893145025,0.0005970345345222654,0.032948761861651535
1536.0,170.74314946626615,0.0005987884858126125,0.033044422453333326
1536.5,173.3050021594031,0.0005971584179151944,0.032955519044169615
1537.0,176.52408035246282,0.0005916700499646236,0.03265618327623825
1537.5,178.43800918020636,0.0005852973779766109,0.032308616953321496
1538.0,177.733476412037,0.0005860764663541668,0.03235110744791667
1538.5,174.480893813454,0.0005878960732697974,0.03245034818196109
1539.0,173.03853345824615,0.0005871790506505506,0.03241124104520441
1539.5,173.63582131944455,0.0005880715237500002,0.03245991500000001
1540.0,176.44102954174483,0.0005911507342409724,0.032627852703266985
1540.5,177.71787022602228,0.000585433549264936,0.03231603658657619
1541.0,176.62454559158797,0.0005804592771639146,0.032044739147700445
1541.5,174.059914305775,0.0005872949918069967,0.03241756228695733
1542.0,171.3335429522554,0.0005843159391392896,0.032255088143232545
1542.5,170.96126558282475,0.0005774517027561351,0.031880712829372784
1543.0,172.06669089492212,0.0005737033036990949,0.03167627548303167
1543.5,172.28741785510297,0.0005742429558283906,0.03170570848971925
1544.0,171.5055175564553,0.0005817797619230764,0.03211676689716597
1544.5,170.43544444444433,0.0005926479076315802,0.0327095146842106
1545.0,171.51089821322526,0.0006091958320526301,0.03361203513360316
1545.5,172.43454025191184,0.0006175125354574899,0.03406562820323887
1546.0,172.8681947062529,0.0006041275556275273,0.03333561298137635
1546.5,172.51039640491126,0.000597764903648047,0.03298859224418133
1547.0,171.23049890058462,0.0006215427723026351,0.03428542915000019
1547.5,170.02936421776823,0.0006299182390146848,0.03474223120529863
1548.0,171.05546946347653,0.0006049827893026104,0.033382254270799355
1548.5,172.62307001237235,0.0005864796174721613,0.03237309233180302
1549.0,172.53314144457468,0.00057548379664615,0.03177338195828444
1549.5,169.6358003503972,0.0005701477364525204,0.03148235457233294
1550.0,167.4771628649675,0.0005760758210503394,0.03180567172600591
1550.5,167.17317103576454,0.0005873051141613938,0.03241811618049284
1551.0,170.0872399441099,0.0005914546177816508,0.032644432162113816
1551.5,172.38173969500988,0.0005941015880576491,0.03278879706414847
1552.0,172.39069720903365,0.0006036370260524512,0.03330885864888075
1552.5,171.68533883841556,0.0006083416842118484,0.03356545093196566
1553.0,171.62669467184259,0.0006048754661431759,0.03337640399160818
1553.5,173.15283011371397,0.0005983859352774361,0.0330224637447596
1554.0,172.30251011168218,0.0005913668122281608,0.032639639686536506
1554.5,169.67802383454347,0.0005834219798921083,0.03220632816728317
1555.0,167.780435186555,0.000576841502765104,0.03184742933569663
1555.5,166.98464178197062,0.0005736567616037736,0.03167373424528301
1556.0,167.79436125871243,0.0005713379452214026,0.031547265865313666
1556.5,169.43101434386298,0.0005716540348444129,0.03156450437977369
1557.0,170.56886151369423,0.0005719423642108612,0.03158023006427662
1557.5,171.77715411021538,0.0005730014374819687,0.03163799215910055
1558.0,171.6297439627534,0.0005779640622065071,0.03190865453147104
1558.5,171.07398992174618,0.000586838556790411,0.0323926700668222
1559.0,171.03837029463068,0.0005935402076240989,0.03275817947560461
1559.5,171.15396738807553,0.0005933791902206664,0.03274939784680671
1560.0,169.23337189539018,0.0005880834715388016,0.03246056922202581
1560.5,167.6277005346502,0.0005783322388690968,0.03192873595096085
1561.0,168.08708200771457,0.0005735965044262295,0.03167044802343298
1561.5,169.2539087629915,0.0005809339807063644,0.03207063161186113
1562.0,168.6563162511517,0.0005937989790703977,0.03277228629971083
1562.5,166.39949308261023,0.0005915892912324013,0.03265177296933463
1563.0,166.202811624558,0.0005769977649016379,0.03185595225188034
1563.5,165.71651688674604,0.0005630305065930584,0.03109417858572814
1564.0,165.50008509727041,0.0005564274623553796,0.030734049134978774
1564.5,163.40794543367605,0.0005569560263187079,0.030762877056051116
1565.0,162.61838370148945,0.0005579000997145611,0.030814366474638373
1565.5,164.2073577149898,0.0005695301266943103,0.03144866507078109
1566.0,167.78578943983777,0.0005822849826239173,0.032144314106268196
1566.5,170.6481996744883,0.0005793363792835104,0.03198349698071361
1567.0,171.42965156584168,0.0005713353914783021,0.031547124012921854
1567.5,168.34412889394446,0.0005733831839410551,0.03165881047011376
1568.0,162.72344314086308,0.000581175102622256,0.0320837806336666
1568.5,161.936885585624,0.0005852042480982316,0.03230353167600683
1569.0,164.38228462227474,0.0005842353704653231,0.03225069173799645
1569.5,166.19189020922488,0.0005842296486158863,0.032250381905947444
1570.0,165.50587935937114,0.000585899862464928,0.03234147457814662
1570.5,163.9196533609958,0.0005836344191493775,0.032217917792531116
1571.0,161.61909450547785,0.00057539193344596,0.031768372792135985
1571.5,160.3038265784277,0.0005752175156143815,0.03175886051205057
1572.0,159.89168199521393,0.0005862726311588634,0.032361804254396456
1572.5,160.2710865298909,0.0005984661730567088,0.03302683980636242
1573.0,163.0989166231968,0.0005969006502786012,0.03294145405097808
1573.5,165.5630787145707,0.0005891519540377411,0.03251884015896076
1574.0,166.069266808861,0.0005767181873641656,0.031840704723619134
1574.5,164.88288873316685,0.0005690481292499025,0.03142238017193058
1575.0,163.44803901164613,0.0005621762006677454,0.03104758437555643
1575.5,162.45462410533196,0.0005547191516312498,0.03064087667071449
1576.0,164.7060415318538,0.0005597011451619109,0.030912593368650088
1576.5,167.44481028058783,0.0005740921790752715,0.03169747474585179
1577.0,165.9381871709674,0.0005741532928664193,0.03170080858998145
1577.5,164.07629939508433,0.0005562496800465504,0.03072434863054044
1578.0,160.66661899995455,0.0005503552590105217,0.030402866436462957
1578.5,158.24365045267493,0.000557247470853066,0.030778767292754493
1579.0,158.87674652072246,0.0005692307677008719,0.03143233630257042
1579.5,159.81575923785422,0.0005755683655399879,0.031777989544074695
1580.0,161.39840860504316,0.0005759244486629111,0.031797410690848474
1580.5,163.18977824000808,0.000569827287960442,0.03146487283854648
1581.0,163.89485194092276,0.0005540393485199798,0.030603799537649017
1581.5,164.29991973050818,0.0005453098178862369,0.030127690595145005
1582.0,163.09538313675745,0.0005652715737553996,0.031216403724130804
1582.5,161.03701683169942,0.0005882794019450688,0.03247124926290863
1583.0,161.137374842625,0.0005862799597191932,0.03236220133881916
1583.5,161.65278376822522,0.0005772002742276841,0.03186699572778692
1584.0,163.05154797618206,0.0005653170600339457,0.03121888500061726
1584.5,163.51569576263557,0.00055791406059116,0.030815125877532216
1585.0,161.24348453625745,0.0005568319553213465,0.030756106538255546
1585.5,158.24578028234203,0.000555436991451722,0.030680023214494718
1586.0,157.09546447110662,0.0005509708704381852,0.030436441864371448
1586.5,158.28520627109978,0.0005432840412562614,0.030017203133138617
1587.0,161.1747366622079,0.0005402834016272071,0.02985354712299358
1587.5,163.40498622618443,0.000544735779633915,0.03009637975777693
1588.0,163.2674283566518,0.0005542336937728223,0.030614395840644897
1588.5,162.3458960021499,0.0005590225892450674,0.030875581669859587
1589.0,162.1089922453059,0.000557715214207539,0.030804277300706787
1589.5,161.69342341264183,0.0005549750106459675,0.03065482723447539
1590.0,160.20130439543166,0.0005545273727216274,0.030630413081156316
1590.5,158.1444339272729,0.0005598865756727267,0.0309227007672727
1591.0,157.22965773451887,0.0005550539693727465,0.0306591313211968
1591.5,158.30446772343305,0.000542804314334139,0.029991037023970872
1592.0,159.39551364355566,0.0005376376003259995,0.029709245642399972
1592.5,158.94576896112554,0.0005371802260982196,0.029684300968393678
1593.0,157.31919758355548,0.0005406409476990001,0.02987304874190001
1593.5,155.57951111111112,0.00054828954,0.030290203
1594.0,155.0562018518518,0.0005543115733333342,0.03061864341666672
1594.5,155.95746474050384,0.0005530118511742343,0.030547754184536882
1595.0,156.40226323798447,0.0005426275128534881,0.029981391435232548
1595.5,157.35220898648242,0.0005339456429814508,0.02950788306519365
1596.0,157.71664580555554,0.0005256219694000005,0.029053910560000024
1596.5,155.58942954597813,0.0005203099692098565,0.0287641947760502
1597.0,154.71872406684346,0.0005159807651478387,0.028528080028146288
1597.5,155.36468264403496,0.0005125861917037865,0.02834293977201864
1598.0,157.49329050562307,0.000510291271825911,0.028217774227530367
1598.5,160.85331695276713,0.0005129622427975714,0.028363445609311776
1599.0,163.16113584868717,0.0005236478715843278,0.028946237539886562
1599.5,162.73392816599193,0.000527295337047571,0.029145171304453443
1600.0,160.85298119400184,0.0005202341349193999,0.028760055119775058
1600.5,158.79528553561397,0.0005114082470823752,0.028278692016566985
1601.0,157.27665558663577,0.000507654419046743,0.028073958405594422
1601.5,156.58696286992316,0.00050659446589372,0.028016148901771343
1602.0,156.50458168091168,0.0005081274276769228,0.028099757234700838
1602.5,156.13682068892,0.0005094340829773048,0.028171022754913445
1603.0,156.12724302122345,0.000509218414082397,0.028159261279026217
1603.5,156.54637787428723,0.000513207970231449,0.028376849773491655
1604.0,155.91180414452535,0.0005253149148022903,0.02903716053267435
1604.5,155.00997353539566,0.0005356389363108607,0.029600233806283772
1605.0,153.2808140295901,0.0005354312014289765,0.029588905855778315
1605.5,152.57121395194852,0.0005294723353887624,0.02926391045071886
1606.0,152.8107252075125,0.0005236123286761228,0.0289443062216312
1606.5,152.22001798508072,0.0005201119127967354,0.028753393407548195
1607.0,152.39298177152,0.0005159938133770423,0.02852879170625538
1607.5,153.61878511432155,0.0005151149869420264,0.028480860624282275
1608.0,155.0712763430086,0.0005234418041155814,0.02893500319308872
1608.5,156.41399373017418,0.0005371757441202884,0.029684050380296784
1609.0,156.07702257142844,0.0005439886528416677,0.03005562795345244
1609.5,154.27527831025876,0.0005385290817731617,0.02975786463897757
1610.0,152.78581528733076,0.0005286557474717104,0.029219373383736397
1610.5,152.18855512941073,0.0005237095929069764,0.028949610260198228
1611.0,151.45982019829341,0.0005212085038449972,0.02881320009985965
1611.5,152.46770868502566,0.0005206030251704431,0.02878017760387006
1612.0,154.01317658525784,0.0005194997292934897,0.028720003674167896
1612.5,155.65536568154906,0.0005226995303512044,0.028894518563795976
1613.0,156.31569512805183,0.0005282266917354261,0.02919596809910315
1613.5,155.1168919211688,0.0005239260514570368,0.028961413219533928
1614.0,154.70700617044446,0.0005121324600970022,0.028318191267097812
1614.5,154.17334661211473,0.000502237121317741,0.027778499452524388
1615.0,153.26720274638194,0.0004983439909681313,0.0275661679788772
1615.5,153.30059442818333,0.000500939541451464,0.027707729663023366
1616.0,155.52288790232126,0.0005087246010074116,0.02813232609993056
1616.5,156.06742126600292,0.0005195705462111382,0.02872385950812855
1617.0,155.06690875891871,0.000525214294930579,0.02903166993405064
1617.5,152.92866235411202,0.0005213373593065398,0.028820225102040863
1618.0,151.80121759776026,0.0005101589444169105,0.028210555544773062
1618.5,150.69770603685475,0.0005004685574308976,0.027682041710715644
1619.0,150.27038827838257,0.0004958314774798871,0.027429134195930002
1619.5,149.4579265460759,0.0004997927529802673,0.027645182876378425
1620.0,148.9799782007777,0.0005051527998851181,0.027937520809384928
1620.5,149.93682683983627,0.0005083674434849454,0.028112847766221402
1621.0,151.74423952751272,0.0005130506531813362,0.028368267748144226
1621.5,152.22551689708783,0.000518712851513994,0.028677083983460517
1622.0,151.34327281970656,0.0005176703522396227,0.02862022720226416
1622.5,151.31974308057792,0.0005108730524763416,0.028249502611461665
1623.0,151.36314603271984,0.0005032018570552161,0.027831116138475095
1623.5,150.92067721966666,0.0004986932313472078,0.02758521475093104
1624.0,150.24760959243696,0.000498209188413074,0.02755881536549247
1624.5,150.10607729817897,0.0005000406771921563,0.027658705279688885
1625.0,151.89430337760868,0.0005022273666415638,0.0277779672154433
1625.5,152.48900069915527,0.000509606078321637,0.02818039720818711
1626.0,151.74440260991983,0.0005182078572631582,0.028649537569200793
1626.5,150.2960201950302,0.0005171025565654003,0.028589258767932457
1627.0,150.59312163153888,0.0005096060725211446,0.028180401728554214
1627.5,150.79518788046235,0.0005025811495752164,0.02779726293949434
1628.0,150.13336488241595,0.0004977000693805557,0.027531048340268562
1628.5,150.28657712424896,0.0004958605883615818,0.02743072262913639
1629.0,150.92980132248434,0.0004973197418458742,0.027510305484869862
1629.5,152.02592412077183,0.0005006328371131729,0.02769100156394995
1630.0,152.64344894067798,0.0005086310380871667,0.028127221139527828
1630.5,152.06706752834913,0.0005138683647359575,0.028412865352452545
1631.0,151.23537759069046,0.0005122520550155905,0.02832471422551357
1631.5,150.60463216338078,0.0005045420175114641,0.027904209183975324
1632.0,149.63932830715015,0.0004977421146790769,0.027533341922978242
1632.5,148.1251492259675,0.0004922643083707864,0.027234582067415726
1633.0,147.0088867265631,0.0004895690818625078,0.02708758384373108
1633.5,146.7502926554336,0.0004887439073762172,0.027042577977004358
1634.0,147.32675375395598,0.0004910355275366824,0.027167561637752472
1634.5,147.23032842850822,0.0004965869653824692,0.027470335946812693
1635.0,146.58158047409862,0.0005023156630101191,0.027782779861614443
1635.5,146.28585842331034,0.0004991205681280606,0.02760851999011301
1636.0,146.66767976982635,0.0004934490036666667,0.027299193451977396
1636.5,147.77491064218472,0.00048875394238983,0.027043124795762687
1637.0,148.26563899612893,0.0004854746785887473,0.026864273191619565
1637.5,148.3034090196694,0.00048641981841337123,0.026915821137005663
1638.0,148.48173481481479,0.0004921261024999995,0.02722704208333331
1638.5,148.64419601485665,0.0004992761411322965,0.027617005657485816
1639.0,148.24887288721493,0.0004998586731120527,0.027648776579096045
1639.5,147.1134728085373,0.0004948220762372879,0.027374079372598854
1640.0,145.59624226433345,0.00048703361154072463,0.02694929475729753
1640.5,144.9623382623979,0.0004824122917768355,0.02669724695640298
1641.0,144.24307055566024,0.0004793505797147433,0.026530260592167218
1641.5,143.9488733442143,0.00047436773251412467,0.0262584968730697
1642.0,143.47097850282486,0.0004678244174152547,0.025901624478813577
1642.5,143.75550420799328,0.00046240251510357795,0.025605914074387937
1643.0,143.78260093534212,0.00045770280213747584,0.025349591024482077
1643.5,142.31582987445051,0.0004540785492655363,0.025151924593220316
1644.0,140.56879341996267,0.0004555639328851221,0.025232937309604506
1644.5,140.21068347941568,0.0004616605139641436,0.02556544565936256
1645.0,141.46123434244006,0.00046879826766852155,0.025954738262679234
1645.5,141.89229386166392,0.0004715975980344532,0.02610741367183822
1646.0,141.19086267419968,0.00047103981938794733,0.026076991467984936
1646.5,139.84862332287153,0.00047019359662636435,0.026030838545795
1647.0,140.92701126780295,0.0004672549345891296,0.02587056540006423
1647.5,143.1704707177883,0.00046222251145457914,0.02559609686603532
1648.0,145.21225770080875,0.0004575164243769342,0.02533942629208587
1648.5,146.05609054091093,0.0004551553059879081,0.025210650579201934
1649.0,145.0492626904887,0.0004567165453986065,0.025295800690402458
1649.5,145.41067808237145,0.00045806876403559695,0.02536955054072355
1650.0,145.8307741823615,0.0004571322449216332,0.0253184713126935
1650.5,145.08085200877008,0.00045604595813697024,0.025259223341265225
1651.0,144.4958725885793,0.00045533465061145507,0.02522042858939628
1651.5,144.385512679296,0.0004526503288754528,0.025074025974969733
1652.0,143.59080812278322,0.0004483293498026695,0.024838360262913507
1652.5,142.20547615583098,0.0004430715779527871,0.02455160148568115
1653.0,141.90710729640873,0.00043907386446130555,0.024333565745447674
1653.5,140.8923923922604,0.0004377650924274407,0.024262185395778367
1654.0,140.9241640758979,0.0004387461595251493,0.02431569236405205
1654.5,141.9480915655231,0.0004396221330672822,0.024363467059366747
1655.0,142.29305639062227,0.0004392662486290952,0.02434405643291732
1655.5,142.25489856617898,0.0004393146709230306,0.02434669680426939
1656.0,142.39950679183096,0.00044109313553818423,0.02444369434566046
1656.5,142.1025339894434,0.0004433273041411106,0.024565546050611353
1657.0,141.98940905859558,0.00044555063661154534,0.02468680732080577
1657.5,141.7665363359391,0.0004482825186800958,0.024835804409601103
1658.0,141.50797212113278,0.0004519241675859689,0.02503442045676946
1658.5,141.3518956942546,0.0004555307259931665,0.025231122296810946
1659.0,141.51724848963394,0.00045712762694970845,0.025318217863702624
1659.5,141.61922623866215,0.0004558722390943878,0.025249750311224492
1660.0,141.08224435332843,0.000450882982858771,0.02497763721298411
1660.5,140.5836155814706,0.0004468710194897954,0.024758823609329416
1661.0,139.22216656745118,0.0004534531403394083,0.02511781200683374
1661.5,138.01008712423067,0.00045711909406705544,0.025317754250364432
1662.0,138.71120695317623,0.00044968088867198327,0.024912073976082087
1662.5,138.14315238986083,0.00043810341140670803,0.02428063657871734
1663.0,137.74343287051795,0.000431187466587337,0.02390343960134362
1663.5,137.8982049089768,0.0004295587950601421,0.023814612311190083
1664.0,137.5178631380681,0.00042795100503110426,0.02372692357153966
1664.5,137.045916772513,0.00042694787901176263,0.023672213369946977
1665.0,136.9168231216812,0.00042760150408907354,0.02370786197161769
1665.5,137.749193130194,0.00043097270197876305,0.02389172766731304
1666.0,139.89689184809046,0.00043575306581813896,0.02415244923563346
1666.5,142.3668580271467,0.00043875817872159116,0.024316348475142063
1667.0,143.60983797731365,0.0004380329446242436,0.024276793770935
1667.5,143.19330936514558,0.0004306598087049395,0.023874661375807515
1668.0,141.0044331240143,0.0004180070415462363,0.023184578254838693
1668.5,139.4738761140976,0.00040995665766179466,0.022745509690711756
1669.0,137.88161713679605,0.00040854251873666996,0.02266838197927416
1669.5,135.49561059675173,0.0004126552954247671,0.022892693018958545
1670.0,134.61376746641088,0.00042022731455854014,0.023305672124760018
1670.5,135.8487317231818,0.0004264521434932816,0.023645174869481735
1671.0,137.10444018195,0.00042754930135534654,0.023705014808792474
1671.5,135.87932797842225,0.0004218124400301325,0.023392125430133852
1672.0,134.29727554120848,0.0004190853336529399,0.02324338874611759
1672.5,134.2083584729494,0.0004259354231806293,0.02361699212827231
1673.0,135.7277424110024,0.00043701134235769044,0.024221073180152795
1673.5,138.04668567200414,0.0004400975067112448,0.0243893927890284
1674.0,138.98902290033482,0.0004325613601846444,0.023978371451894995
1674.5,136.9145500552962,0.00042516870162324997,0.02357517565202175
1675.0,135.26864901003404,0.0004302723020538039,0.02385352610760842
1675.5,135.1097777591251,0.0004462063709878047,0.02472256916319125
1676.0,135.74017105588703,0.00045131538803180963,0.025001215181908575
1676.5,138.9589813121678,0.00043672656714525374,0.024205542168492578
1677.0,142.04786140564022,0.000421540931653413,0.023377317132869457
1677.5,142.503854160532,0.00041579673312279187,0.023064027997349842
1678.0,141.0800364385151,0.0004202237412502201,0.023305476875242936
1678.5,138.4977608180542,0.00043118155431743065,0.02390311449900607
1679.0,137.14684682177838,0.00043188352686075276,0.023941399774606822
1679.5,136.37027280674033,0.00042312954091232134,0.023463957766192683
1680.0,136.64554327410323,0.0004149386609797647,0.02301722757280364
1680.5,137.13806256582401,0.0004141615247630333,0.022974843409360197
1681.0,136.0390590832896,0.00041538168223736164,0.023041390992496042
1681.5,134.7967063534058,0.0004165323206327738,0.023104147535735437
1682.0,133.80195244712135,0.0004186790014721563,0.023221227244372034
1682.5,133.69769377749856,0.0004225784410384131,0.023433903065607605
1683.0,132.92442094604033,0.00042633639123429066,0.023638862067998194
1683.5,132.73833672989326,0.0004276084530358965,0.023708240669386094
1684.0,131.6216196241895,0.00042678555104345154,0.02366335790106078
1684.5,131.25647958225676,0.00042120399993166176,0.02335893928427179
1685.0,132.6133433989701,0.0004143516690984008,0.022985213309562665
1685.5,134.53803946144453,0.00040786272980110095,0.02263130595440633
1686.0,136.774767300422,0.00040489519650856756,0.022469456507751916
1686.5,138.08836123076568,0.00040583173193656935,0.02252053552294513
1687.0,137.92378134593594,0.00040981385114035066,0.022737720780497742
1687.5,137.82473991477403,0.0004166467949286008,0.023110390853325186
1688.0,137.7804728698495,0.0004239023898398973,0.023506111487884097
1688.5,137.76074283918774,0.0004313337380526888,0.023911418640014684
1689.0,136.44012573720158,0.0004418002743725539,0.02448226345579095
1689.5,134.8810484428476,0.00044618799013633074,0.02472156935556378
1690.0,136.00315297934225,0.00044375742082918674,0.024589006285332563
1690.5,138.34853966612937,0.00043619416104536047,0.02417650605721852
1691.0,139.43373328584303,0.0004311623770946938,0.02390207227505525
1691.5,138.43982607101975,0.0004271661344944075,0.02368411669686339
1692.0,136.06051649342228,0.00042627141838218066,0.02363531869452354
1692.5,133.5986135857,0.00042846405470169563,0.02375490501528156
1693.0,132.5035999469569,0.00043121669637353474,0.023905033720477406
1693.5,132.5702735266206,0.0004318196498764915,0.02393791908781662
1694.0,133.46903085473662,0.0004299012808165829,0.023833291588777217
1694.5,133.0362519521782,0.0004245445918337859,0.02354113773100267
1695.0,133.986901154241,0.0004187437901848436,0.023224761525693197
1695.5,134.48393974725428,0.00041490620350977114,0.02301545877366727
1696.0,134.37486043453507,0.00041341018438994294,0.022933865507020867
1696.5,134.50735280557532,0.00041494857227649984,0.023017769253497744
1697.0,134.22170925363696,0.00041952257630360485,0.023267236457305475
1697.5,133.34407028375696,0.00042874774416818643,0.023770378302444346
1698.0,132.8246109132289,0.0004406624297218628,0.02442020440707201
1698.5,132.18942199127974,0.0004454865361750755,0.024683311499353173
1699.0,133.31028918904414,0.00043938630351733653,0.02435060520148352
1699.5,135.03201567462034,0.0004310030327425613,0.023893381572660622
1700.0,135.54111294739113,0.0004249063063712805,0.023560865414618357
1700.5,135.40825424380054,0.0004234594058252845,0.023481951620903756
1701.0,134.676581698529,0.00042532676988572685,0.023583797631630026
1701.5,134.80707190192138,0.0004314309879883578,0.023916721813173825
1702.0,135.4371012383212,0.00043862395593467107,0.024309027037192805
1702.5,135.12919169570463,0.00044100675621355903,0.024438985854493722
1703.0,135.97316960902702,0.0004410565167141008,0.02444169967335058
1703.5,136.13585326865027,0.0004372176490685633,0.024232326922595908
1704.0,134.85592887470747,0.0004311017232718166,0.02389876376543629
1704.5,132.76008935029412,0.00042363274354678573,0.023491404813281495
1705.0,130.95601309328768,0.00041744564192755615,0.023153958879042754
1705.5,129.47630134107573,0.0004132599542807872,0.022925671083649575
1706.0,128.54863952709513,0.0004126537760413971,0.022892608613410952
1706.5,128.92018901681752,0.00042081026797757517,0.023337463826864954
1707.0,130.43066107948536,0.0004234668756529236,0.023482356865361376
1707.5,130.55123688970346,0.00041690124555627547,0.023124267654484755
1708.0,129.94111191893063,0.00040699392284605546,0.022583920744502002
1708.5,130.24115935207539,0.0004026703022292173,0.022348110266384977
1709.0,130.86581661683672,0.00040472619663109075,0.022460239266709776
1709.5,130.49507403598295,0.0004152581226821902,0.023034651643272938
1710.0,129.98320621101053,0.0004264436329236738,0.023644710456338928
1710.5,128.62118480991194,0.000429043567366627,0.023786511033594093
1711.0,127.29223879807502,0.000420923007609762,0.023343615432085518
1711.5,126.33598959267252,0.0004146231599235449,0.023000021302685778
1712.0,125.86055222047996,0.00041601330622892987,0.0230758402747942
1712.5,125.20836720501754,0.0004223309992159947,0.02342040652724427
1713.0,125.01631154579906,0.0004271351069070946,0.02368242339435512
1713.5,125.52011699986927,0.0004275318670325363,0.023704062829086634
1714.0,127.11365265720639,0.00042467601045492504,0.023548304742070123
1714.5,128.4421323225655,0.0004249078060476532,0.023560946279314657
1715.0,128.7911715252683,0.00042842731975462935,0.023752900621347352
1715.5,128.25410909266688,0.00043039685854975477,0.02386031977376172
1716.0,127.64912155135151,0.0004292141250455114,0.02379581334535071
1716.5,127.16169003891248,0.00042849186270243155,0.023756421428284633
1717.0,128.27608497392282,0.0004291071549071926,0.023789979211672325
1717.5,131.17120358019213,0.00043190124255967015,0.023942368317086786
1718.0,131.82026289666248,0.0004339528334097803,0.024054262102712824
1718.5,130.455006282166,0.000425521002159752,0.023594390019745753
1719.0,128.72518057736525,0.0004158617820761949,0.02306757515033901
1719.5,127.74093396995387,0.000420277022396252,0.0233083822011379
1720.0,127.18555340333558,0.0004308668678502574,0.023885952128413275
1720.5,126.55276267058281,0.00043490889696074013,0.024106403763439633
1721.0,127.31156323160212,0.000429012277271997,0.02378480275522041
1721.5,129.01019448682683,0.00041921738563350397,0.023250589201316063
1722.0,129.26163471025012,0.0004102916124586408,0.02276377692283408
1722.5,128.56580084381986,0.0004073073062045027,0.022601013085830346
1723.0,126.9309509833508,0.00040764111546853787,0.02261921950792214
1723.5,125.71179471125608,0.00041131770561752954,0.022819740914523705
1724.0,125.17688720185095,0.0004169424609642384,0.023126514811679558
1724.5,125.54677670771464,0.0004160470809525533,0.023077680482977175
1725.0,128.05472288768158,0.0004140018734087824,0.02296613526686284
1725.5,130.5097522713183,0.0004137750944530967,0.02295376706356393
1726.0,131.38092021880192,0.00041315062247397003,0.022919708329787233
1726.5,129.8890591068793,0.0004123501852598691,0.02287605182672089
1727.0,127.17557614915663,0.0004120362660323105,0.022858930750558826
1727.5,124.26028096199738,0.0004104090401648774,0.02277018173121166
1728.0,123.39038654720108,0.0004076651967910581,0.02262053238647697
1728.5,124.18396410349145,0.00040549464388940225,0.02250215050126993
1729.0,125.33130140792751,0.00040651082725937565,0.02255757323351192
1729.5,125.7700885719173,0.0004088885832711463,0.022687255544104317
1730.0,125.7728588790932,0.00041241542409949566,0.02287960893702768
1730.5,125.12811917885568,0.00041157888671530585,0.0228339844022675
1731.0,123.7339460806679,0.0004056795745076624,0.022512235696934658
1731.5,122.52727558354306,0.00039977061440805956,0.0221899611935348
1732.0,121.96020465121492,0.00039866759275780997,0.02212980215535775
1732.5,122.52845235096542,0.0004050993114315685,0.02248058763266154
1733.0,123.3103718883991,0.00041750034083246036,0.023156939888305788
1733.5,125.1768239612093,0.0004231469762130168,0.023464908925011328
1734.0,125.79912990510081,0.00042082774540925274,0.023338419166697887
1734.5,124.26942536159474,0.0004154398492170811,0.02304456298351747
1735.0,122.7807161838238,0.000411428376153126,0.0228257768945212
1735.5,123.87144841917976,0.00041211306661734416,0.022863119641599556
1736.0,124.6006477607529,0.0004166767327782509,0.02311202320110663
1736.5,123.54115812645419,0.0004234622734369159,0.02348210713621665
1737.0,123.1846099124923,0.0004273147616836954,0.023692221409429556
1737.5,123.75099472328644,0.00042622352337164766,0.023632704386973187
1738.0,123.32925133011673,0.0004244626300819494,0.023536665342699003
1738.5,121.01324318387356,0.0004198338393674444,0.02328421104001363
1739.0,119.29109279728576,0.00041562521402319715,0.023054672792721897
1739.5,119.3064564810085,0.00041742711611111134,0.023152948285653483
1740.0,120.1977191915923,0.00042235785965094445,0.023421871635024658
1740.5,121.35724415827076,0.0004280710847722439,0.023733471713707988
1741.0,123.19818490421454,0.00043026122848659003,0.023852921675606643
1741.5,125.00563846728596,0.00042794368907107935,0.023726523693551837
1742.0,124.71493388529369,0.0004220516874369893,0.02340517376123979
1742.5,122.88567836584639,0.00041508783163864723,0.02302536411800387
1743.0,120.60914901058156,0.0004115097798642852,0.02283021687904759
1743.5,119.16016018218741,0.0004126090636745383,0.022890172323462202
1744.0,118.55122425379967,0.00041441358975187703,0.02298859111353232
1744.5,119.10337541125546,0.00041595293367532475,0.02307254699545455
1745.0,120.52094938711899,0.0004162015062690443,0.023086103287569253
1745.5,122.32639891774872,0.00041429772454545477,0.022982270490259755
1746.0,122.46256737598885,0.0004090049189937244,0.022693600453256878
1746.5,121.09422182421535,0.0004041040637872236,0.02242630757669671
1747.0,119.13352133068814,0.0004029219522987013,0.02236183551991342
1747.5,118.0070270210874,0.0004082332685089803,0.022651514098247106
1748.0,117.23460857973731,0.0004139524030279851,0.022963435422991767
1748.5,117.91070234900661,0.0004116717510446582,0.022839047843596277
1749.0,119.6263695295422,0.000407685867345371,0.02262165809775838
1749.5,120.43369456549317,0.0004036108727648926,0.022399407255754733
1750.0,120.02048769992919,0.00039866255752251235,0.022129526575554562
1750.5,118.42993720269497,0.0003983173054920914,0.02211069685281195
1751.0,117.01594148902937,0.0004021556955411105,0.022320043028109637
1751.5,116.5503770997515,0.0004080819254792333,0.02264326068370608
1752.0,117.46939148207309,0.00041100263433706063,0.02280255615015974
1752.5,119.06290146609852,0.00041121414683706076,0.02281409119808307
1753.0,120.50475833865795,0.00041235310194888164,0.022876209139776348
1753.5,121.14062328187033,0.0004111234628109406,0.022809145814434034
1754.0,120.00691666855539,0.00040648841289417733,0.02255635034753504
1754.5,117.24394226096055,0.00040344535095242397,0.0223903819464318
1755.0,115.5598408816263,0.0004027009724307763,0.02234978345415343
1755.5,116.12687206585545,0.00040396015885690916,0.022418459192028315
1756.0,116.30846785471056,0.00040514525715096473,0.02248309441770715
1756.5,116.90144819441919,0.0004060333253767931,0.022531529356092244
1757.0,117.864917612528,0.00040767408233246833,0.022621015899697346
1757.5,118.2333340122437,0.00040901250559843144,0.022694012340590163
1758.0,118.58242560210016,0.000404274918861949,0.022435624640425148
1758.5,117.41749923865584,0.0003972499404390881,0.022052482567348923
1759.0,115.8115197702616,0.00039188165119790643,0.021759695520334223
1759.5,115.04701588738811,0.0003902383885142571,0.021670071405452723
1760.0,115.99479188707545,0.00039172537593697225,0.021751171296848608
1760.5,116.38510767458828,0.0003921374245028143,0.021773645176360226
1761.0,116.90526275149983,0.00039204186033068233,0.021768433346379238
1761.5,118.1863938329495,0.00039304383514130196,0.02182308103768055
1762.0,118.8133467741261,0.00039557158837554983,0.021960944814109297
1762.5,117.47323935681341,0.00039547773009711984,0.021955826224212997
1763.0,116.04667346893683,0.0003931014214350011,0.02182622212759054
1763.5,115.1135855629985,0.0003911967874178352,0.021722343267217906
1764.0,114.67419028510301,0.0003914180608329845,0.021734411654667222
1764.5,115.66578212320665,0.000396577484048685,0.02201580564518011
1765.0,117.77459664522668,0.0004018441287668885,0.022303047788391997
1765.5,119.85807995880369,0.0004028527136487355,0.022358056845585082
1766.0,119.06546613730524,0.00039627278678632595,0.02199918732811827
1766.5,116.47828595488484,0.0003902144817686898,0.02166876633882029
1767.0,113.67180617148973,0.0003873644005948552,0.021513323162915324
1767.5,112.12841660989655,0.00038705857848049725,0.021496644184740676
1768.0,111.35253293308556,0.000386694692546078,0.021476797362408914
1768.5,112.11063010809855,0.0003872354492424243,0.021506290654704944
1769.0,113.45655834415845,0.0003894649229228368,0.0216278868460639
1769.5,114.38703942149485,0.00039214077670304,0.021773828506235403
1770.0,114.24512611760632,0.00039601894385035046,0.021985344224863586
1770.5,114.10565428317855,0.00040247876810831995,0.022337663259594846
1771.0,113.95508282930632,0.0004068305034567423,0.022575007629968835
1771.5,114.09220320277993,0.00040732025746590024,0.022601718314497272
1772.0,114.20862208195337,0.00040603445721800103,0.022531589928988887
1772.5,113.49712781978002,0.00040173772016173037,0.022297245338074825
1773.0,112.38829969385971,0.0003981078121609504,0.022099269811184697
1773.5,111.27046325625685,0.0003976177338321642,0.022072540919329697
1774.0,110.91520337835787,0.00039892486845606866,0.022143831585817265
1774.5,112.00039914869646,0.00039947278295791107,0.02217371420888542
1775.0,113.86664105741767,0.0003971595408261884,0.022047550366328907
1775.5,114.86573681215896,0.00038786671554169984,0.021540719517537058
1776.0,113.64759281654626,0.00037930657101110314,0.021073848632670873
1776.5,111.42245333268366,0.0003765573065851519,0.02092390374951285
1777.0,109.94081653401334,0.0003804929438123532,0.021138553622759123
1777.5,109.69059031828907,0.00038549824893337263,0.021411543008669418
1778.0,110.05374485212609,0.00038640989021823853,0.02146126439731099
1778.5,111.6463380718511,0.00038536394942192785,0.021404218951935575
1779.0,112.69831970057173,0.0003876454674191352,0.021528652496395188
1779.5,113.29821865965324,0.0003904704821157219,0.02168272851870252
1780.0,112.57854658409354,0.00038226870522747815,0.0212354031452782
1780.5,111.2842752529788,0.0003710811085734552,0.020625231321209376
1781.0,110.14530939681985,0.0003704561739364152,0.020591147535334753
1781.5,109.0255231928093,0.0003770476984090027,0.02095064947604844
1782.0,107.87522494567648,0.0003852420611841591,0.02139757035455449
1782.5,107.33830523238726,0.00038973679548118793,0.021642713908811874
1783.0,108.24963158035239,0.0003899920465386222,0.021656635788830904
1783.5,109.88224790277441,0.00038959701698388174,0.021635091501545595
1784.0,112.06958224756525,0.0003902886402003016,0.021672813259207415
1784.5,114.05120756435541,0.00039165981261770087,0.02174759728649636
1785.0,114.66850244845837,0.00039261581165024644,0.02179973718637111
1785.5,113.8398661935658,0.0003912411519099756,0.021724762855231138
1786.0,112.72739789132197,0.0003901367110036496,0.021664525379562045
1786.5,111.48277981532156,0.00038911591716292643,0.021608851312807882
1787.0,110.11998879075433,0.00038656245302554765,0.021469585341970812
1787.5,109.06306839986622,0.00038351100599069514,0.021303158865170594
1788.0,107.85683766520683,0.0003804754784452555,0.02113760090693431
1788.5,107.8246671444363,0.00037738135314157163,0.02096884708452932
1789.0,109.16821061808584,0.00037518707766788343,0.020849170917427013
1789.5,110.59734643238251,0.0003736872882247766,0.02076737156832695
1790.0,111.30418926277366,0.00037268802451581525,0.020712871283211684
1790.5,110.36718774817535,0.0003700975876806574,0.020571589468978125
1791.0,108.97611562987309,0.0003654451348850581,0.02031784450875756
1791.5,107.57763071735634,0.0003600984946289549,0.02002623773722634
1792.0,107.19204946534497,0.0003584477725132278,0.019936207129082298
1792.5,107.09727233004865,0.0003595983237135033,0.01999895891313867
1793.0,107.1827067810219,0.00036223561577372295,0.020142796711678852
1793.5,107.58145862362917,0.00036331523339627823,0.020201679229611393
1794.0,108.30365374774271,0.00036498385183576657,0.020292685695255483
1794.5,108.72098656857025,0.00036793458799671625,0.020453619647235927
1795.0,109.1072752444445,0.00037124797343795666,0.02063433174671535
1795.5,110.11959935680936,0.00037437007576718014,0.020804610621025676
1796.0,111.1339944086609,0.0003766125287599998,0.02092691394676922
1796.5,110.65409179492097,0.00037200221595814586,0.020675467583914683
1797.0,108.50273703787065,0.00036437436905447935,0.02025944472219718
1797.5,107.22682151678761,0.00036244190197914716,0.020154048234500087
1798.0,106.2397444790209,0.0003623129715404271,0.020147015866033947
1798.5,105.83347178233888,0.0003622721758696572,0.02014479030596699
1799.0,105.98927059986363,0.00036398136322085854,0.020238009389570533
1799.5,106.56044105790623,0.0003669159788033846,0.020398062520369974
1800.0,107.22155022222222,0.000368557135,0.020487572500000002
