Time,temperature,CO,CO2
0.0,20.0,0.0,0.00038641183
0.5,19.993663726280875,0.0,0.00038641183
1.0,20.10908575652463,0.0,0.00038641183
1.5,20.166828963166495,9.103977263160296e-21,0.00038641183
2.0,20.15515169890844,2.696080577824145e-19,0.00038641183
2.5,20.10567966326106,3.4074528638393603e-18,0.00038641183
3.0,20.051049035425436,1.5305256546622686e-17,0.00038641183
3.5,20.02308544816899,6.11763626852208e-17,0.00038641183
4.0,20.131980740980943,2.3963262201443593e-16,0.00038641183
4.5,20.239957776449856,1.9519624257726362e-15,0.00038641183
5.0,19.89123409299626,1.1195541759802258e-14,0.00038641183
5.5,19.163007624581432,4.6004198431686537e-14,0.00038641183202612055
6.0,19.090294856673804,2.1441179155131295e-13,0.0003864118390284949
6.5,20.643645764455737,7.322980878604693e-13,0.0003864118670665203
7.0,22.090637908691853,4.9813783150345e-12,0.0003864121004863437
7.5,22.03802620829136,3.0362017344809864e-11,0.00038641348464102046
8.0,21.705892896436623,1.1140744506354272e-10,0.000386417905852924
8.5,20.72699849603881,3.123824011664789e-10,0.00038642886618663736
9.0,19.11437776777064,6.031054104489504e-10,0.0003864447236808596
9.5,18.083225579252915,1.1675092336803455e-09,0.0003864755075991973
10.0,18.787857261769823,1.891181091463176e-09,0.0003865149700999171
10.5,20.215521082932074,3.4530423454385326e-09,0.0003866001574973294
11.0,22.46016606849988,7.00331460490211e-09,0.0003867937874061848
11.5,22.416241209375606,1.2640715035603204e-08,0.00038710125093823866
12.0,20.209606690372897,2.095025067686042e-08,0.00038755445445798705
12.5,18.49281550310634,3.7808589824701515e-08,0.0003884739138306903
13.0,19.659096001151283,6.649184944487005e-08,0.00039003830318216036
13.5,26.39161116879174,1.0190039365091282e-07,0.00039196948939224216
14.0,20.949190581416126,1.4122519744716444e-07,0.00039411426960810184
14.5,24.261402828079873,2.649303361730623e-07,0.0004008611703569511
15.0,32.06632507872204,5.094471438601075e-07,0.00041419714978987326
15.5,34.36621596739914,8.597582220185351e-07,0.00043330316986316803
16.0,31.325046411940427,1.1540465804583461e-06,0.0004493536992376089
16.5,30.413637040975377,1.6407846926007005e-06,0.00047590046383726105
17.0,31.050753745914278,2.449233288852394e-06,0.0005199933692974164
17.5,34.14897118346919,3.3802166810862683e-06,0.0005707693483876409
18.0,36.08257071835875,4.364168947969843e-06,0.0006244342572480599
18.5,33.72406893844447,5.199132177855303e-06,0.0006699732756999738
19.0,41.319200659654406,6.034724949534653e-06,0.0007155466349593622
19.5,45.69153082279948,6.27117312258906e-06,0.0007284425580503522
20.0,45.22854639251146,6.374779471875553e-06,0.0007340932595944797
20.5,43.1995872186288,6.616104432885365e-06,0.0007472551637210384
21.0,56.592270544375964,6.979261307964529e-06,0.000767061797560116
21.5,60.95582940604395,7.556529286863417e-06,0.0007985460822951225
22.0,60.26362868199565,8.370424277148328e-06,0.0008429360330628946
22.5,70.15080502119001,9.313588670056818e-06,0.0008943763605543325
23.0,73.5280866012213,9.73378865609629e-06,0.0009172941286083696
23.5,71.00819385854446,9.842599340379826e-06,0.0009232286618004571
24.0,67.43253595563996,9.937808124974048e-06,0.0009284213645974243
24.5,66.46446123862889,1.0101278884862032e-05,0.000937337084900931
25.0,69.10758150661091,1.0331631819781915e-05,0.0009499005774444727
25.5,67.78190413741791,1.0596950593710672e-05,0.0009643710970764593
26.0,61.22469428376308,1.0947239632755534e-05,0.000983475887348829
26.5,64.18578664770239,1.1353393285297603e-05,0.0010056275952298284
27.0,67.0461740404923,1.1873672268918478e-05,0.0010340036990286337
27.5,69.22431364516801,1.2189167069322496e-05,0.0010512108149208033
28.0,65.8405412762519,1.2345997475512725e-05,0.0010597643697549616
28.5,53.63442555685712,1.2524133359937364e-05,0.0010694799110512656
29.0,55.819110851817825,1.3138963015800303e-05,0.001103012828680945
29.5,61.29569321513256,1.3571226371207503e-05,0.001126588538461317
30.0,60.59339568072892,1.330816221442273e-05,0.0011122409691496126
30.5,59.844610225102414,1.3131772492318204e-05,0.0011026206792146733
31.0,60.35838784646298,1.3798787900852621e-05,0.001138999813083574
31.5,63.8132769332533,1.4627502743517534e-05,0.0011841980443694701
32.0,59.1130332274073,1.4959147571118449e-05,0.001202285994819713
32.5,47.87823629822376,1.5712975002151242e-05,0.0012433998618632167
33.0,50.98409872414607,1.655956276619158e-05,0.0012895728794147686
33.5,59.92818696293847,1.673246701791623e-05,0.0012990030791507044
34.0,76.71915406158806,1.6063189622312666e-05,0.0012625006165823773
34.5,70.54480906575502,1.4899209798053215e-05,0.0011990169944304512
35.0,71.7307388562815,1.4480438945102691e-05,0.0011761771307018064
35.5,76.18042294809605,1.5432142860444568e-05,0.001228083190605525
36.0,76.04432350264102,1.6294540253158528e-05,0.0012751184994786958
36.5,76.26084911302515,1.666278945477055e-05,0.001295202862027808
37.0,78.26319666746552,1.633429840624213e-05,0.0012772869236480975
37.5,79.99108858784211,1.5265895623185455e-05,0.0012190160577603623
38.0,80.07107939252064,1.3969301539205389e-05,0.0011482996286871737
38.5,78.7614757735722,1.2936178144264305e-05,0.0010919529489554762
39.0,76.80980743699793,1.2725358478029498e-05,0.0010804548020997154
39.5,75.7024449342664,1.318434881071305e-05,0.0011054881767823754
40.0,75.72881150012294,1.4124810344063702e-05,0.0011567811028942326
40.5,75.1243345252137,1.5255527461917302e-05,0.0012184505794683614
41.0,72.99119606079881,1.63648824642135e-05,0.0012789549577790864
41.5,69.0771766945075,1.728419493577891e-05,0.0013290944176913534
42.0,67.0067146341093,1.8261004555086485e-05,0.0013823697612383122
42.5,70.61002071146739,1.9317472726460588e-05,0.0014399896779941533
43.0,70.01254137406606,2.015189945277757e-05,0.0014854994272842578
43.5,63.891116516883216,2.1813948782754394e-05,0.0015761478665772155
44.0,62.84990437278671,2.4050500716657107e-05,0.0016981297509508979
44.5,64.31677815720447,2.6455378343274655e-05,0.0018292921562522465
45.0,64.10315222338012,2.8842638975316278e-05,0.001959493688902794
45.5,63.758175256474374,3.032564657962849e-05,0.0020403771545992357
46.0,66.34649147676203,3.145947964246001e-05,0.0021022165800047453
46.5,56.40334232568413,3.122844369396633e-05,0.0020896158693212317
47.0,50.750833056800964,3.178662476161332e-05,0.0021200591291717277
47.5,58.75944926148763,3.284610608922943e-05,0.002177843393828409
48.0,62.13268495500109,3.249338031876012e-05,0.0021586057017318524
48.5,60.1381862770193,3.141386458055489e-05,0.002099728731024573
49.0,60.547239419275584,3.1547053995979896e-05,0.002106992880801217
49.5,60.07151509624893,3.2332541143462866e-05,0.002149833544188081
50.0,65.60629632444784,3.251093906017112e-05,0.0021595633578200993
50.5,60.78036262442859,3.221642476918248e-05,0.0021435005015817345
51.0,59.42602263229528,3.3349605298275006e-05,0.0022053043478144694
51.5,65.82014197971291,3.602696621784752e-05,0.0023513280023983434
52.0,73.80828832652774,3.735369545041639e-05,0.0024236880260706003
52.5,79.18045576484144,3.837183972734398e-05,0.0024792177575762007
53.0,76.70588917769415,3.865138111409923e-05,0.0024944639645802865
53.5,76.19792444486757,3.897622937922548e-05,0.0025121811855188347
54.0,79.54585988541284,3.9681986308433135e-05,0.0025506733320794926
54.5,79.10992933747347,4.068697755723931e-05,0.002605485697286355
55.0,71.78324672640947,4.122711072821373e-05,0.002634944660775464
55.5,67.76792827004128,4.17089741934462e-05,0.002661225575153397
56.0,70.11485698924226,4.200688171272668e-05,0.0026774734925465887
56.5,73.41012035631017,4.204598874617848e-05,0.002679606389893048
57.0,61.78233041778706,4.179505836038699e-05,0.002665920610317028
57.5,57.32996412907789,4.227518917178276e-05,0.0026921070540151786
58.0,64.93739380174453,4.3600518303877176e-05,0.0027643906860518705
58.5,63.72853333656861,4.4560195147315415e-05,0.0028167315956781607
59.0,59.448640238349654,4.503768775080333e-05,0.0028427741262437175
59.5,58.11269366870771,4.506568484273119e-05,0.0028443010396902477
60.0,61.02409554073773,4.537561919770074e-05,0.0028612049875902587
60.5,72.77138885339552,4.543686372733393e-05,0.002864545220546762
61.0,72.82983002044777,4.5386475486068584e-05,0.0028617970275156466
61.5,84.05910868578786,4.640888682044263e-05,0.002917559526378405
62.0,89.93460385514861,4.6022094678589866e-05,0.0028964638045682984
62.5,89.0397214910513,4.472347380275616e-05,0.002825636850613757
63.0,84.8352906902903,4.35132227209652e-05,0.002759629574123036
63.5,82.45175511334992,4.2626477324247844e-05,0.0027112663680744554
64.0,85.3764709896081,4.173512159012647e-05,0.0026626516806864987
64.5,83.8353998697514,4.084812149433506e-05,0.0026142745452316153
65.0,70.48244839190663,4.035201980461797e-05,0.00258721705538488
65.5,73.77951185729772,4.291460916261598e-05,0.0027269811225615575
66.0,79.52486482185539,4.632879798777453e-05,0.0029131915085239255
66.5,80.68399731499281,4.8313222754597784e-05,0.0030214222994474588
67.0,86.06987157067692,4.818367427446684e-05,0.0030143567140047092
67.5,76.9568468226107,4.672429009747307e-05,0.002934761639537551
68.0,71.0290496608069,4.7786897200428975e-05,0.0029927164119729235
68.5,78.75958255995472,5.18092493333906e-05,0.003212096112614315
69.0,80.44233734303465,5.34541858376288e-05,0.0033018111783902067
69.5,75.63163956522504,5.34384444086003e-05,0.0033009526533466192
70.0,74.88443904153765,5.36172405847045e-05,0.0033107042229710763
70.5,77.1018976607956,5.424434253623647e-05,0.0033449064784524035
71.0,78.56652475285469,5.482035391651447e-05,0.0033763221958219053
71.5,80.91572313704174,5.477724960951699e-05,0.0033739712678145695
72.0,71.6134358656151,5.406549822469623e-05,0.003335152216321379
72.5,69.87087012084427,5.408840091712932e-05,0.003336401392041591
73.0,75.04389161282049,5.519241650749531e-05,0.0033966145909984356
73.5,79.25749299489478,5.614317234911428e-05,0.0034484689311715822
74.0,87.10342416133815,5.628724878143346e-05,0.00345632687637415
74.5,79.93643905701404,5.4895392092337326e-05,0.003380414775930807
75.0,80.0997319558788,5.4749841041240314e-05,0.0033724762698354345
75.5,89.42401968120012,5.795624581256704e-05,0.0035473539405218935
76.0,92.81610975384905,6.344225386679241e-05,0.003846561632883017
76.5,88.58867065023819,6.815308842881089e-05,0.004103491350065481
77.0,79.31309797091517,7.06023799504619e-05,0.004237076202832231
77.5,72.02310955156592,6.897321380341026e-05,0.004148221271703639
78.0,72.15589909105277,6.376024805168366e-05,0.0038639053336356607
78.5,75.95020187894283,6.117547761285275e-05,0.00372293162814936
79.0,82.5634581552838,6.106096373739948e-05,0.0037166860230150645
79.5,76.03169831852185,6.173675501382597e-05,0.0037535437716283444
80.0,73.91810187035863,6.177711405537925e-05,0.003755744953522691
80.5,79.48808737883061,6.181996164185199e-05,0.003758081849516994
81.0,81.83297529803816,6.220190979197007e-05,0.003778913362200548
81.5,82.58891267094168,6.31570428826197e-05,0.003831006479539985
82.0,74.21705827779826,6.387350058858148e-05,0.003870082170782012
82.5,70.53852468203576,6.367557021626947e-05,0.0038592870522517514
83.0,72.14163396644271,6.23802878182772e-05,0.003788642190922057
83.5,72.60642803909678,6.075694377504136e-05,0.003700104716461835
84.0,82.16516583970157,5.8845025057383275e-05,0.003595828387009085
84.5,72.32100337386935,5.609666739867598e-05,0.0034459325645992767
85.0,75.27698414778303,5.2389839262804384e-05,0.003243761598014313
85.5,88.62119964169602,5.054636879735479e-05,0.0031432184256111203
86.0,97.77615906374143,4.9760045019020505e-05,0.0031003321148446866
86.5,97.22007325832253,5.173115882966064e-05,0.003207836942029355
87.0,93.56124801787354,5.6961021494022205e-05,0.0034930743620910135
87.5,86.91304751944254,6.364432773074402e-05,0.003857582832208603
88.0,86.75339780197227,6.771000454772256e-05,0.0040793254651400376
88.5,84.7397696113454,7.051087165833773e-05,0.004232085292251265
89.0,76.2841071622376,7.249149043315075e-05,0.00434010860829602
89.5,78.86574270489984,7.394724471457425e-05,0.00441950568638023
90.0,80.47311007680258,7.561492298813796e-05,0.004510461158634229
90.5,76.31971293144551,7.784395136187092e-05,0.0046320327102626745
91.0,75.88253203048988,8.120032747923597e-05,0.004815089952796437
91.5,77.10723229411234,8.709730445897729e-05,0.005136711991896153
92.0,81.696989264119,9.494125008447429e-05,0.005564521904701493
92.5,79.69428891347658,0.00010789110491362212,0.006270808986713604
93.0,74.79219496183362,0.00011984087246267455,0.006922551103067637
93.5,80.82104032428077,0.00012214976706413974,0.007048478474882779
94.0,89.26947389975729,0.00011834836322876693,0.006841149187704622
94.5,101.01508677873927,0.0001152893871046242,0.006674312170982168
95.0,94.52666062145373,0.00011190683061248848,0.006489827120788926
95.5,95.42050693425801,0.00010524623481452893,0.006126557118798368
96.0,101.43083108950705,0.00010231218170258178,0.005966533262977838
96.5,100.72953118403508,0.00010279176844149441,0.005992689962526116
97.0,97.38898489990417,0.00010622150065633536,0.006179748204536644
97.5,94.5698292688016,0.00011082321759321514,0.006430726450004005
98.0,91.79074516057025,0.00011446426031814763,0.0066293095448684515
98.5,89.31877079379552,0.00011671478551488347,0.006752053613394819
99.0,87.63431899098711,0.00011867935409628103,0.006859201394786913
99.5,86.35900848515246,0.00012009270203154225,0.006936285605339296
100.0,85.41719642760526,0.0001181280384230956,0.006829132467423935
100.5,86.65919721765796,0.00011604338898321951,0.006715435487705639
101.0,88.71636838360706,0.00011892537518998947,0.0068726195652777326
101.5,88.42043815183729,0.00012659890661134663,0.007291135067088011
102.0,85.29208711403469,0.00013480884286176157,0.007738906298662424
102.5,83.32248717439515,0.00014046342410398434,0.008047307957500256
103.0,82.95501133658112,0.0001426351461433067,0.00816575403720462
103.5,83.46119332743551,0.00014089175008882295,0.008070669235325921
104.0,86.20513412621389,0.00013651495583386102,0.007831958072561745
104.5,89.20557146235846,0.00013202298048412833,0.007586965145307137
105.0,92.72326159367778,0.00012777023737814284,0.007355019943315185
105.5,95.70341887522308,0.00012716991784634523,0.007322278407132807
106.0,97.44264356030656,0.00012864600093136583,0.007402784226353238
106.5,95.77215836417295,0.0001310168569209334,0.007532090986238847
107.0,91.79979207460369,0.00013585843619718142,0.00779615162539978
107.5,88.28962545658321,0.00014301551082246614,0.008186499448300154
108.0,86.43435797534318,0.00015058987228088537,0.008599606210706932
108.5,85.5892207238904,0.00015822390056634638,0.009015967196508807
109.0,86.64402503834934,0.0001610381360054907,0.009169455974124913
109.5,87.81504115063329,0.00016220233931845597,0.009232951743214717
110.0,87.19193908416968,0.0001608737360454302,0.009160489729466077
110.5,85.66381545558038,0.00015935815353298034,0.0090778296603776
111.0,84.77798926840434,0.00016002801761901505,0.009114364209146962
111.5,84.93452607778748,0.00016394123436628711,0.009327791399177892
112.0,84.69707440978114,0.00016979516528610507,0.009647065779310139
112.5,84.99038944378921,0.00017806456498446315,0.010098080156087664
113.0,86.27838351295682,0.00018689475595681066,0.010579680249726404
113.5,87.13938952164885,0.00019372730549717604,0.010952328621694778
114.0,87.84405603854698,0.0001976892760503537,0.011168414675885146
114.5,88.01206642043113,0.00019937875078964823,0.011260558705353547
115.0,86.96724163192212,0.00019951122450237175,0.011267783913292589
115.5,86.4690069153031,0.00019957830752282983,0.011271442666089258
116.0,86.47079367641241,0.00019960410702937344,0.011272849798211537
116.5,86.44351679787073,0.00019945628583216372,0.011264787648471228
117.0,85.62524295665047,0.00019872824264005685,0.011225080346618501
117.5,85.42846337369862,0.0001977244509785737,0.011170333089240663
118.0,86.02537854379959,0.00019616293561767144,0.011085168356283311
118.5,86.99778671915307,0.00019450114989526702,0.010994533576431084
119.0,87.08957903483952,0.00018995389386900394,0.010746525790826723
119.5,86.52654589478476,0.00018470052939772942,0.010460006580033574
120.0,85.34512055889562,0.000181229222873894,0.010270680732616456
120.5,85.37479987782187,0.00018058490738896127,0.01023553974832287
121.0,86.46588288507549,0.00018414288911999054,0.010429592548750996
121.5,87.1999052624687,0.00019016483204514252,0.010758030100278607
122.0,88.14296087234041,0.00019901672079787228,0.011240813375531912
122.5,89.06596863744679,0.00020902071135701244,0.011786432817904141
123.0,89.91172353604466,0.00021734601754137242,0.012240496049245531
123.5,89.99692677122005,0.00022329757560454714,0.01256509531521801
124.0,89.62984825059064,0.0002263840203701985,0.01273343044824604
124.5,90.84476965934883,0.0002261208467407767,0.012719076433016223
125.0,91.7332671254878,0.00022297310330584089,0.012547398945440548
125.5,90.89196804255894,0.00021795388763529592,0.012273649898319243
126.0,89.58673362239226,0.00021200876837249773,0.011949402087128483
126.5,88.8334064408579,0.00021071351886398632,0.011878758883276731
127.0,88.63217337569345,0.00021420833825310613,0.012069366572752972
127.5,89.0703665660546,0.0002176639335009141,0.012257835612059788
128.0,89.87212334761642,0.0002187547346099563,0.012317328066186623
128.5,90.81373402688078,0.00021643747833470758,0.012190944243254643
129.0,91.84135107660887,0.00020872645747487933,0.011770383972079475
129.5,92.3675780004027,0.00019660053463450207,0.011109034580263879
130.0,92.25916860474304,0.0001861269105706981,0.010537801720618772
130.5,92.55258585148042,0.00018419331496701693,0.010432342952749866
131.0,92.69716407240796,0.00018623391907998083,0.010543638073048287
131.5,92.27541592645835,0.00019105327429595956,0.010806486490625603
132.0,92.7299024613242,0.00019832368831913938,0.01120301574842159
132.5,93.62190642309831,0.00020966288902672274,0.011821457019269203
133.0,94.08671182362886,0.00022195926078136748,0.012492102867392942
133.5,94.23203634930951,0.00023337770595344804,0.013114866493831501
134.0,94.35926629626368,0.00023954598858167393,0.013451285651437543
134.5,94.64595538745704,0.00024127203326460483,0.013545424166666669
135.0,95.2569739896694,0.0002401058682312513,0.01348182164550748
135.5,96.06985908296872,0.0002329048080084094,0.01308907453905916
136.0,96.21114827799833,0.00021673399229877701,0.012207116159281555
136.5,95.7917940435421,0.00020543351058739133,0.011590786199091579
137.0,95.76633306921944,0.00020336141507363773,0.011477773532768777
137.5,96.72883427091203,0.00020553791072890654,0.011596479920627093
138.0,98.59547315765934,0.00020947732964077598,0.011811336625476504
138.5,100.73423108848013,0.0002159134638231678,0.012162363872568473
139.0,102.57612513582129,0.00022560348835183114,0.012690859570615973
139.5,103.93018175064034,0.0002334021284642805,0.013116198355264569
140.0,105.7924159920141,0.00023752302614301785,0.013340952657136314
140.5,107.39822603764281,0.000238612858770786,0.013400392081620971
141.0,107.5223177208359,0.0002381707703840034,0.013376280303409267
141.5,105.51827818631642,0.00023644388732982775,0.013282095889989524
142.0,102.37875927730568,0.00023362295871975477,0.013128242138880806
142.5,99.17618257435575,0.00022912818844147775,0.01288309701847252
143.0,97.78664166586464,0.00022204030816361383,0.012496523306116114
143.5,96.37057196918738,0.00021478513015147597,0.012100824925775489
144.0,97.46829836879562,0.00021155467506927186,0.011924635737586342
144.5,101.11769286242625,0.00021089361121827462,0.011888581133057475
145.0,104.71041306392014,0.00021468935609047872,0.012095600909220563
145.5,106.98523396469456,0.0002226032921988512,0.012527227731096706
146.0,108.4589336224193,0.00023305359195106344,0.013097188289370542
146.5,110.65526427949818,0.0002434549915658651,0.013664482378281613
147.0,112.55945573811509,0.0002536922449834096,0.014222823512088634
147.5,112.27110782259001,0.00026122179879812184,0.014633486520558452
148.0,109.81149321936482,0.0002647972555490314,0.014828492440388715
148.5,107.50495699154884,0.0002650127750734889,0.014840247863310674
149.0,106.95025236825298,0.00026154367716703933,0.01465104302155861
149.5,107.47140557010542,0.00025409933146119446,0.014245027316352602
150.0,108.48297309838914,0.00024060127636714755,0.013508841730652525
150.5,109.29123210979915,0.00022696618888404298,0.012765182344518542
151.0,109.28379722788218,0.00022171042611916688,0.012478531950417121
151.5,111.8120998802405,0.00022160926709648818,0.012473014429185655
152.0,116.15971097978053,0.00022493259700595957,0.012654268495545747
152.5,120.07904431835522,0.00023102744514177305,0.01298668176667251
153.0,119.14014241213823,0.00024037261721699326,0.013496369035835655
153.5,118.6046275154804,0.00025716094100639144,0.014412006998868077
154.0,117.2159876568373,0.00027093082963173436,0.015163019315419723
154.5,114.44448136235704,0.00027832066511803154,0.015566062386962046
155.0,113.29446512630646,0.0002804087980785682,0.015679949342661717
155.5,114.87210552902363,0.0002793352202581563,0.015621396851310455
156.0,117.5521280356703,0.0002766978969479559,0.015477556433254689
156.5,121.24813733002279,0.0002713880024580527,0.015187954133834957
157.0,121.54017255408841,0.00025995835395564525,0.014564579585551404
157.5,117.82876651855398,0.0002503171652348014,0.014038747897044276
158.0,114.55929711281578,0.0002471333503189964,0.013865102030221173
158.5,115.11647800559815,0.00024632690975209793,0.013821118005512504
159.0,121.20723393477971,0.00024702759431547176,0.013859333719937486
159.5,127.93851619681575,0.00024731396747087683,0.013874952773936312
160.0,130.64499262175667,0.00024962000674671455,0.014000724512943766
160.5,132.02869921141234,0.00026506268598495606,0.014842969564320881
161.0,131.1817802884615,0.00029649988493589765,0.016557556641025657
161.5,129.11352932779326,0.00031548551555981517,0.01759303439640541
162.0,129.48249392366742,0.0003225951714542113,0.017980795476700184
162.5,128.21590915584844,0.00032347813268062894,0.018028953276002388
163.0,128.08473569774952,0.00031557625126935117,0.01759798582093381
163.5,127.38396662190104,0.0002921808342075987,0.0163219975357277
164.0,125.89316692703727,0.0002673649389481089,0.014968534783553315
164.5,125.80156493194099,0.0002485222290263119,0.013940850695118467
165.0,128.6559068465607,0.00024395718714244056,0.013691872830301807
165.5,130.22349256982287,0.0002454296526061167,0.013772181491327692
166.0,128.68924309341884,0.00024766535293708407,0.01389411734376571
166.5,126.52074972236187,0.0002528213911005992,0.014175328397762003
167.0,125.48786278864135,0.00026442624771238403,0.014808259016015518
167.5,126.53240967903604,0.0002774496380314879,0.015518555722829898
168.0,128.43952686108827,0.00028449137322753525,0.015902612840065965
168.5,130.3999179273823,0.000286241888703175,0.015998086496491263
169.0,132.8500824613436,0.0002861671229354754,0.015994009754398488
169.5,133.63929929140193,0.0002860580986173892,0.015988063453028233
170.0,132.16174563529248,0.00028576575392817645,0.015972118578911385
170.5,128.9913918485365,0.00028772899539306285,0.016079193931827846
171.0,127.39393022771726,0.00028587534151793226,0.015978095384336272
171.5,127.44500856734834,0.00027367868375242747,0.015312888145949947
172.0,128.35829726775856,0.00026259533096461093,0.014708400087284764
172.5,130.64954703130354,0.00025307876921912487,0.014189364642693932
173.0,133.27999188523796,0.0002506992538853349,0.014059585788019772
173.5,135.05641406686354,0.00025327418112781945,0.014200022164339415
174.0,135.18401918481084,0.0002603744360944427,0.014587271366006143
174.5,134.65791008399418,0.00027329290928030644,0.01529184732781693
175.0,133.61046841975656,0.00028639111704588,0.016006225615430705
175.5,133.70900837586098,0.00030143239546290366,0.01682657969954084
176.0,135.3350443191369,0.00031439607388096844,0.017533620936678616
176.5,136.86662525362323,0.0003174775858731931,0.01770168669739168
177.0,136.98338194824433,0.0003093283258387682,0.017257224806656864
177.5,134.7529840552125,0.0002947594720991498,0.016462637137393696
178.0,133.26400815930091,0.00028552654283483473,0.015959071741449487
178.5,136.86671990166667,0.0002797791519878857,0.015645608868438823
179.0,142.2276372046626,0.00027649131752541516,0.015466289959702152
179.5,145.32149316425935,0.0002752605098279521,0.015399161936365173
180.0,143.63638663708795,0.0002765880317572677,0.01547156447101603
180.5,142.53232064266285,0.00027964649986583464,0.01563837376108721
181.0,141.27735776104865,0.00028295950223007773,0.01581906527720442
181.5,140.04967886268685,0.0002857235547019861,0.015969817374769064
182.0,139.1737002611043,0.00028806029422361046,0.016097263523292757
182.5,138.86843346910388,0.00028950365832066126,0.01617598456279407
183.0,139.53936960037356,0.00029071810944215453,0.016242221245668837
183.5,142.06090529366512,0.0002925292251443727,0.01634099952363275
184.0,144.82097683408873,0.0002980829779937187,0.016643902400948183
184.5,146.08861413664397,0.00030849737901520336,0.017211905412020147
185.0,145.56730622832998,0.0003193786621296876,0.01780537181655859
185.5,145.9283155375807,0.0003279598125635035,0.018273388797722775
186.0,146.49898901816564,0.00033471442485680453,0.018641786862932143
186.5,148.25137405359888,0.00033644221966663645,0.018736021398080577
187.0,148.7960399834858,0.00032933461845179377,0.018348371500293344
187.5,146.2733640826165,0.00031558301410095036,0.01759835673028518
188.0,143.79283980063013,0.0003055320118285528,0.0170501736234246
188.5,145.3480865067179,0.0003048114337236084,0.017010872746641075
189.0,148.84829596001734,0.0003101036087674923,0.017299509424163403
189.5,147.96450327600445,0.00031660545468025473,0.017654120596227812
190.0,147.26173607383433,0.0003235172333201448,0.01803109081901312
190.5,151.57873811352428,0.00033138324333597705,0.018460104317420307
191.0,154.5472041981893,0.00032908084288709816,0.018334530598569484
191.5,156.5082499177549,0.00032095374852697685,0.01789127750770301
192.0,157.04878895694884,0.00031713801799185146,0.01768316723727478
192.5,157.69397946247364,0.00031312634399991313,0.0174643695023033
193.0,157.26145660344048,0.00031325594845993664,0.0174714378016297
193.5,154.6889427766672,0.0003202733076595466,0.017854166096151747
194.0,151.66174812954958,0.0003280563295569414,0.01827865386399687
194.5,149.06484237229512,0.00033650111058306946,0.018739233365305575
195.0,148.13489565002934,0.00034671280162556215,0.01929617986648486
195.5,152.26248189414125,0.00034931754127670047,0.019438243765302773
196.0,156.89312912194066,0.00034453641002933443,0.01917747982223495
196.5,156.94032155054302,0.00033799486341088894,0.018820703124883126
197.0,156.6162161813326,0.000335873808210745,0.018705019514024757
197.5,156.6158619281357,0.0003480977670443679,0.019371715579283372
198.0,156.71385752802692,0.00036544848808856456,0.020318027133034353
198.5,159.801891319405,0.0003752357718998333,0.020851827412876223
199.0,161.4548004317337,0.0003800741898014991,0.021115715174946686
199.5,161.53994017420774,0.0003770717459100568,0.02095196178875252
200.0,161.51917579543203,0.0003716636655128488,0.020657004061858397
200.5,160.9945901535092,0.00036646735404656706,0.020373595938463007
201.0,161.51960461823728,0.00037208457940974437,0.020679960119964824
201.5,161.8356109612918,0.0003936896907416827,0.021858305374337937
202.0,164.1295074489214,0.00041237877005067115,0.022877611218335345
202.5,164.58372422294318,0.0004122150706120182,0.022868683602214623
203.0,165.63564924473715,0.00039766231163301764,0.022074974258894507
203.5,169.36511286655167,0.0003725561792865941,0.020705681329660656
204.0,173.067374041405,0.00035005767664225083,0.019478609696848483
204.5,173.64280064077312,0.00034035637016619494,0.01894949860864214
205.0,170.49763611830494,0.00034699626012176264,0.019311638630996168
205.5,167.8732094289053,0.0003738323916681844,0.020775284903355645
206.0,168.61362110258904,0.00041238289112653756,0.022877834356278333
206.5,171.48738276088284,0.000425228882220301,0.023578457383136697
207.0,172.7706348878113,0.000425267400952063,0.023580559739541384
207.5,172.35227893071496,0.00041567015311209194,0.023057124525419255
208.0,171.3507361427647,0.0003920602708037507,0.021769438011709132
208.5,170.09010565754636,0.00036695907222418424,0.02040041452577232
209.0,169.3505886355559,0.0003539718159361464,0.01969208776765203
209.5,169.48625909841132,0.0003545630190544278,0.019724332130567818
210.0,170.99899067910803,0.00036156220844349446,0.020106069067626416
210.5,172.68938713178508,0.00036953776458848185,0.020541056394251984
211.0,173.5596533618439,0.00038581017255119083,0.02142855603571047
211.5,174.02612815201124,0.00040713735184937447,0.02259174337511317
212.0,175.23441224369446,0.0004262328802418618,0.023633215585787157
212.5,177.06384396349242,0.00043723327011325856,0.02423317870107582
213.0,177.28609388390277,0.00043631828732084875,0.02418327575561311
213.5,176.71918396192774,0.0004269350107885405,0.023671510437661872
214.0,175.41690420605323,0.0004069520006429755,0.022581634646812048
214.5,175.31367183280207,0.00039181756912331925,0.021756200584898903
215.0,177.0964991329641,0.0003811998697294496,0.021177109746025415
215.5,179.73358502221342,0.0003790438109528837,0.021059518341029978
216.0,181.17955051967323,0.0003939200961587804,0.021870872337772667
216.5,179.9711940754871,0.0004197766679296329,0.023281092731123235
217.0,179.97989525724674,0.0004493148200109575,0.024892107950891536
217.5,184.30961518488763,0.00046171995044472973,0.025568686672845918
218.0,187.68347095446805,0.0004515767983201726,0.025015477910765395
218.5,189.78876523703642,0.0004300637200013339,0.023842152226941193
219.0,189.10197603160992,0.00040256956195376946,0.022342616642857138
219.5,186.3935183390509,0.00037834568048027465,0.021021441860205842
220.0,185.9116516134156,0.0003687589330721974,0.02049857929884484
220.5,186.24730380028387,0.0003791801032345012,0.021066950783845864
221.0,188.20265398372564,0.0003954562831081408,0.021954656491382986
221.5,188.65874236237033,0.0004101962562370336,0.0227585771468186
222.0,187.69828677387076,0.0004281769976386508,0.023739249875071478
222.5,189.57721932936462,0.0004382547891986955,0.024288893956970644
223.0,195.27766524944317,0.00044195899770280313,0.024490921640384262
223.5,198.29509432185736,0.0004434145224822348,0.02457030505037758
224.0,195.76080335269768,0.0004394926159742969,0.024356403595976104
224.5,192.82184195923222,0.00043759869964944334,0.02425310985470228
225.0,189.69268376011456,0.0004388573886498389,0.024321759356176153
225.5,186.3487762724777,0.000441999509294292,0.024493131548453454
226.0,187.42203915570178,0.0004425101399827694,0.024520981333594406
226.5,193.5257481221152,0.0004423210863705854,0.024510670208610932
227.0,202.47174101335347,0.00044153144088304974,0.024467602190071075
227.5,207.79875049321674,0.0004441862507851586,0.024612394448884578
228.0,210.7096606330582,0.00045742871544963385,0.025334638104512586
228.5,207.673182951064,0.00048248007420246386,0.02670093987703674
229.0,204.6665445463882,0.0005151052586327137,0.02848032331085491
229.5,202.39839281362893,0.0005267439061518935,0.029115100378376012
230.0,203.9889743021537,0.0005173899780978949,0.028604936987616236
230.5,205.51736617505594,0.0004898220866223312,0.027101381325313204
231.0,204.5555107253628,0.0004602083370578339,0.02548624289193299
231.5,206.97920453663843,0.00043722435131640826,0.024232693038103045
232.0,209.42045567909994,0.0004257362435909183,0.023606130029130347
232.5,210.84686335036187,0.000430373212167589,0.023859030063573154
233.0,211.23596146389548,0.00045741889399916866,0.02533410390457945
233.5,209.20159890211642,0.0004942001079629628,0.027340156640211624
234.0,207.047024528288,0.0005238258594398006,0.028955950051432606
234.5,209.00766661705086,0.0005429301205076125,0.029997899315899388
235.0,217.24016019704976,0.0005479693357917345,0.03027273885702502
235.5,221.113946368336,0.0005329541559765763,0.029453810024407102
236.0,216.91448663591837,0.0004777436627549737,0.02644262271449427
236.5,209.6288788889376,0.00041799320795671285,0.023183823859578293
237.0,204.74206167747388,0.0003841965513651283,0.02134054975202376
237.5,208.16503468368322,0.0003992616723281234,0.022162203156786568
238.0,215.59755069681415,0.0004358762072994926,0.024159165260588415
238.5,212.4427502633814,0.00048570370279320545,0.02687676238670748
239.0,209.00423946999106,0.0005410608022810178,0.029895943619675784
239.5,211.38779786656943,0.0005651186709996911,0.031208065302768994
240.0,216.4271328452434,0.0005428199766152099,0.029991894257272746
240.5,218.29495253851576,0.0005083720435913427,0.028113098901220688
241.0,220.98419340674505,0.0004709057151349225,0.02606967886706853
241.5,224.8862186728019,0.0004575162564036107,0.025339414999781
242.0,228.3620471223634,0.000457329417926598,0.02532922424844032
242.5,228.5905068707419,0.0004607756630462319,0.025517182654238805
243.0,222.64847073950997,0.0004909681087315958,0.027163882620121687
243.5,217.58229121091,0.0005518840464461527,0.030486247293071686
244.0,217.92953605785266,0.0005816916393847957,0.032111959223741285
244.5,220.8510286468508,0.0005728601685281238,0.031630290935836976
245.0,223.21133801632166,0.0005514740485548842,0.030463888573799416
245.5,221.58868203456893,0.000523731303662619,0.028950794346061966
246.0,225.75936331658295,0.0004938118203517585,0.027318981874371838
246.5,229.48914434765626,0.00048440854042784064,0.026806123081006113
247.0,231.28124852812135,0.0005026818099202694,0.027802744129130346
247.5,232.66285951733752,0.0005327382194482885,0.029442022682977312
248.0,235.37324136238678,0.0005396825961712353,0.02982077050268977
248.5,236.51768064367792,0.000529955728896185,0.02929026855276796
249.0,237.0272491814999,0.0005211998870847674,0.028812725732180303
249.5,236.6547197562893,0.0005341680943396226,0.029520014166666664
250.0,233.56117549687502,0.0005633647570290347,0.031112402286090097
250.5,228.2936327104348,0.0005880118450541905,0.03245665874716188
251.0,223.53993924652147,0.0005964899063739359,0.032919056679065056
251.5,221.68060934954616,0.0005900064493834364,0.03256544852922739
252.0,224.48949865456447,0.0005566032625724204,0.030743634274030165
252.5,232.5631932984365,0.0005286633791544615,0.029219786719488904
253.0,237.83492677917621,0.0005177619172608695,0.028625217667162473
253.5,239.71945896655126,0.0005192986175301884,0.028709029428795683
254.0,234.88967354463784,0.0005351209137978933,0.029571983324780077
254.5,227.26618557887068,0.0005472722061884938,0.030234718721359338
255.0,222.53021262808306,0.0005553383318802418,0.030674646568908028
255.5,221.9859174733109,0.0005565564195592643,0.030741081190625918
256.0,223.06941269498026,0.0005465178780220436,0.03019357758811548
256.5,223.03122892052892,0.000521011873226766,0.02880247657959314
257.0,221.05782348677326,0.0004922958945961235,0.02723630297754533
257.5,215.87311348204372,0.00047673457324071567,0.026387584416663463
258.0,214.9714284765426,0.00046893733851223864,0.02596232335976542
258.5,216.33951038931693,0.0004676449942342672,0.025891839495443485
259.0,219.8026484656635,0.0004866363036480384,0.02692762849211913
259.5,221.10763437475305,0.0005257916473370207,0.029063166531015396
260.0,217.9572113817428,0.0005553952646614829,0.030677750718915212
260.5,221.10112444444448,0.0005640240126709869,0.031148363262583103
261.0,223.85160434217718,0.0005605528038746163,0.030959044195202456
261.5,221.30085461450238,0.0005515979716146169,0.030470645423836994
262.0,222.7040191374083,0.000537304528108043,0.029691077948132756
262.5,224.29861013508983,0.0005019858203960538,0.02776479155816192
263.0,224.44605628027492,0.00046052869475813213,0.02550371540668859
263.5,231.07446543235798,0.00043191106742616393,0.023942906008335166
264.0,229.7832355357836,0.00042633926370867417,0.02363901529463006
264.5,227.1279565968957,0.0004692641979631227,0.02598014588393084
265.0,224.01159176984908,0.0005487938585774938,0.030317703285744
265.5,220.8634264697808,0.0005923484785916915,0.032693179134504396
266.0,222.0117461377617,0.0005939030509290901,0.03277797012678342
266.5,221.6298243393594,0.0005665724734403056,0.031287358229333484
267.0,221.00178414260634,0.0005292288742606334,0.029250632437768313
267.5,227.0618289854036,0.00047747677949818703,0.026428066240412117
268.0,226.66402832084898,0.00045035219642432575,0.024948688148387223
268.5,226.26941991437033,0.00044416583872965815,0.024611282532362666
269.0,226.1400500179601,0.00043881117241475267,0.0243192386247091
269.5,227.19794951582358,0.00045367989569101947,0.025130180972897913
270.0,229.5455725240632,0.0005044680322574263,0.027900173417960413
270.5,228.0936838948843,0.0005528599263316318,0.030539473971771598
271.0,223.51229491577107,0.0005825871894827103,0.0321608025726156
271.5,219.29980467686997,0.000593492453379115,0.032755576697141305
272.0,217.81021556765228,0.0005837126595933613,0.03222218565988619
272.5,219.91765915482466,0.000539112740431851,0.02978970050097409
273.0,228.86704028837426,0.0004966638482525088,0.027474532166226927
273.5,234.80038314724678,0.00046664556137022495,0.025837330088282963
274.0,234.20388434196374,0.00045582475062613646,0.025247160816610433
274.5,232.1102560109491,0.00046615378576448686,0.025810507168001037
275.0,230.99007467061094,0.0004931840362856565,0.027284742026595973
275.5,233.20860040084392,0.0005336221740717302,0.029490245253164574
276.0,235.15340732505516,0.0005661253347651014,0.03126297240898044
276.5,232.61837979649474,0.0005875517700350528,0.032431572980525764
277.0,225.70508080026283,0.0005966828518007,0.03292958346826183
277.5,222.90762978326455,0.0005803797306640439,0.03204040937936484
278.0,222.54071625427898,0.0005332641151214509,0.029470717027785948
278.5,226.74293301629433,0.0004979313248008481,0.027543661077724997
279.0,232.7871512197736,0.0004744401188700212,0.02626244670556041
279.5,234.7617102391661,0.0004606503398896574,0.025510350596922776
280.0,231.8429897782703,0.0004628192369371956,0.02562864286134349
280.5,228.443764970346,0.0004922110875028079,0.027231678611374627
281.0,225.27973224019365,0.0005428462311074792,0.02999332681869723
281.5,222.379669971185,0.0005739022869485954,0.031687128088475666
282.0,220.61506329287036,0.000583129355435381,0.03219037343489522
282.5,219.67624705129333,0.0005605027033428961,0.03095631290341654
283.0,220.6594191821793,0.0005299623163836557,0.02929063669886496
283.5,227.83982074290583,0.0005032669081778281,0.027834664437873625
284.0,235.42841605676705,0.00048405307779332557,0.02678673915953032
284.5,235.77085381952327,0.00047927239933598164,0.026526000136965558
285.0,235.56407479001135,0.0004979490975425647,0.027544628110669662
285.5,231.08046501633285,0.0005488270616460648,0.030319519384876724
286.0,230.050144530647,0.0005958746725788873,0.032885504772266344
286.5,230.85055872539064,0.0006127497005323563,0.03380587208435596
287.0,227.55368706688313,0.000589674051550956,0.03254732299120696
287.5,223.89758615481853,0.0005464980654461368,0.030192498144093992
288.0,225.12567525486554,0.0005165481721133632,0.02855902722258229
288.5,231.12345718784505,0.0005025241109195606,0.027794152971217304
289.0,232.81610887527836,0.0004950683327839644,0.027387513368596884
289.5,228.7251980104435,0.00048714055500040105,0.026955130785780202
290.0,223.14275907930207,0.00047958731290283755,0.026543176286650347
290.5,223.56132976052658,0.0004873923528669768,0.026968864281557314
291.0,228.93765614456606,0.0005290769096806565,0.029242346448190595
291.5,229.8086955284382,0.0005817019047673435,0.03211252092500154
292.0,227.62684452479886,0.0006033248798723226,0.03329184130302572
292.5,227.03008953621082,0.0005980704681060859,0.033005264694168396
293.0,229.4166881714435,0.0005788693907049829,0.03195803576495258
293.5,234.86194878742626,0.0005435971482904484,0.030034282426147182
294.0,237.4230147272864,0.0005276614413511633,0.02916514600174792
294.5,228.704045434701,0.0005129186924959727,0.028361073782515317
295.0,225.31741854665023,0.0005113188528477281,0.02827381848375349
295.5,226.13220221678682,0.0005368626234797307,0.029666979964132586
296.0,225.71801370927417,0.0005680860695577698,0.03136991164819909
296.5,226.76753742982453,0.0005702985292492438,0.031490579642105256
297.0,230.84929515823333,0.0005702732068962351,0.03148919837674965
297.5,232.57366427759612,0.0005485064988433052,0.030302038156403005
298.0,229.7831049227728,0.0005128068485879282,0.02835497413231774
298.5,227.11101941097286,0.0004937740390364252,0.027316922496651574
299.0,229.9601207320366,0.00048759127564166027,0.02697971358618763
299.5,234.41407278006673,0.0004800885505742021,0.026570514138837525
300.0,234.55616222339464,0.00047097776895085907,0.026073610100241174
300.5,237.0137798485078,0.0004764011361400867,0.026369401400864245
301.0,237.76429618455433,0.000509858573036879,0.028194174133654815
301.5,237.39302615918,0.0005546080636629468,0.030634818362375544
302.0,236.6068578095886,0.0005872351929980111,0.03241430695446456
302.5,234.23005300255795,0.0005915957407882165,0.03265213184661649
303.0,229.1406130700794,0.0005678638901504465,0.03135779301661259
303.5,227.98047497043714,0.0005257471836841766,0.029060742064440464
304.0,225.411094805069,0.0004982496569041464,0.027561023114838653
304.5,225.23800372692907,0.0004752097929764279,0.026304424876361976
305.0,228.29531239302398,0.00047060039188363665,0.026053027700466972
305.5,231.49207208972652,0.00047725181692795203,0.026415797239493
306.0,230.30810164670442,0.0005048882785583067,0.027923093909703007
306.5,222.72055698935614,0.0005569481393193468,0.030762445556623746
307.0,216.74916758490522,0.0005912139798884097,0.03263131066890043
307.5,219.8351593378919,0.0005825109232199245,0.0321566450610407
308.0,228.54468762948048,0.000557971781718721,0.03081827635123412
308.5,235.08982561162017,0.0005272656519564542,0.029143558679907727
309.0,235.3716370678432,0.0005108392123656178,0.028247658580649745
309.5,232.45029983491543,0.0005187877445145758,0.02868117057111862
310.0,232.7074515292624,0.0005464528074824639,0.030190026406057946
310.5,232.5624180112626,0.0005547658459543567,0.030643422273710724
311.0,228.28700946787458,0.0005389111226552323,0.0297787049598064
311.5,222.879229409971,0.0005036310756029167,0.027854526474663622
312.0,223.43905007077166,0.00047815892582770406,0.026465271379400718
312.5,223.56337479793166,0.0004640127066818244,0.025693734895921937
313.0,222.9811744520936,0.00046526636322299756,0.02576210913364977
313.5,225.347281102574,0.00047829649128242193,0.026472774038107123
314.0,226.7810544200947,0.0005029129863536533,0.027815360121492466
314.5,226.98291290005872,0.0005312227769852056,0.029359381022318668
315.0,223.47797809038323,0.0005509362732049083,0.030434559111601266
315.5,224.9627758701119,0.0005522102586380702,0.03050404264411453
316.0,228.96184726702143,0.0005403033405616213,0.029854636843280463
316.5,229.74817437985917,0.0005213091427086702,0.02881868977409421
317.0,227.25524789365213,0.0005054644925216907,0.02795452048763274
317.5,226.94846178419587,0.0005024900670917406,0.02779229521342557
318.0,227.27310024817965,0.0005273940924721795,0.029150564345557513
318.5,226.95675770832085,0.0005472778825748954,0.03023502895103086
319.0,229.2343729239329,0.0005486907558758896,0.03031208790946755
319.5,232.30226033093228,0.0005333074977589528,0.029473082840710232
320.0,233.49071814244917,0.0005114872798446435,0.028283005209936218
320.5,232.91184961990012,0.0004934605565758456,0.027299825123361505
321.0,232.1970057593527,0.00048089508115486165,0.026614501883546415
321.5,229.82331333479672,0.0004703553098456864,0.026039661128729154
322.0,229.20958847003556,0.00046468847884875475,0.025730591261999933
322.5,228.51847570167737,0.00046787978348461923,0.025904645793478266
323.0,226.79241173726336,0.00047991036594798324,0.026560795470308013
323.5,222.8546670202459,0.0004973383921661854,0.027511322583880015
324.0,222.71183198218966,0.0005219988255878522,0.028856305764673056
324.5,224.13862716650604,0.0005487771576157127,0.030316800213241204
325.0,220.51594662259635,0.0005606253667866443,0.03096300345125327
325.5,223.97709225145024,0.000558614834185631,0.030853348904615625
326.0,228.5344270903085,0.0005527924653526143,0.03053579598243141
326.5,233.73761480031934,0.0005449583684391418,0.03010852254293331
327.0,239.76584652734326,0.0005282554949069342,0.029197546142686524
327.5,241.86743995297775,0.0005225289595679949,0.028885219561456753
328.0,236.83954221627428,0.0005287268143479644,0.029223250840751974
328.5,230.7260960762994,0.0005349804669038772,0.029564325965248935
329.0,227.54366793949876,0.0005353378467764477,0.029583818420502447
329.5,225.34935086948687,0.0005346442971083403,0.029545991860930192
330.0,228.2664555879652,0.0005457521156460401,0.03015181315185745
330.5,236.25043984416635,0.0005731530988573667,0.03164626546221091
331.0,241.44251623733092,0.0005974699132704797,0.0329725079150789
331.5,242.15571819136028,0.0006128938263289543,0.033813731042673836
332.0,240.16468161987848,0.0006088381064365198,0.033592532438665015
332.5,234.47345922077753,0.0005894549772458232,0.032535374544527054
333.0,229.75774131683536,0.0005617606669808667,0.03102492311299653
333.5,227.944565643168,0.0005433809311704984,0.030022489908442467
334.0,227.02361443819666,0.0005391907313669058,0.02979395558501063
334.5,227.87687565876533,0.0005410645820833914,0.029896155683760858
335.0,230.19798669081456,0.0005466207350616275,0.030199188878023694
335.5,233.13183526698833,0.0005582617234121606,0.030834089967887755
336.0,234.4875788330884,0.0005741625311107846,0.03170132181688408
336.5,232.54283760226642,0.0005914068099212405,0.03264182606057621
337.0,227.9637132486113,0.000594725442092424,0.03282282498415081
337.5,222.6842039065552,0.0005749332951170791,0.03174335909424826
338.0,218.5947475995092,0.0005394482585051742,0.02980800055111353
338.5,222.18503310038707,0.000512481665052606,0.028337238611565795
339.0,225.85164909382846,0.0004909101586148888,0.027160725953595418
339.5,229.73529035932856,0.0004857140822427974,0.026877330909596656
340.0,235.129575051361,0.0005098668374548977,0.028194625267385257
340.5,236.52480475198686,0.0005407007208765136,0.029876309515974486
341.0,233.89147594390198,0.0005788617666736141,0.031957618699356385
341.5,230.7097433776455,0.0006026976407753058,0.03325763101180797
342.0,227.80510188780846,0.0005973461767530147,0.032965761587309884
342.5,228.6629883986392,0.0005782401098758293,0.031923713356635325
343.0,231.5977589071515,0.0005510216724929481,0.030439214891553736
343.5,230.5784175208058,0.0005309182785417065,0.02934277158217223
344.0,228.99882073549978,0.0005185047333965269,0.028665734881919893
344.5,228.49694238691256,0.0005133521576812362,0.028384713957844743
345.0,226.26990843232898,0.0005243263295920484,0.028983247795083378
345.5,225.85096334829447,0.0005509161418132851,0.03043346065978454
346.0,226.29551623560818,0.0005706146996829624,0.03150782326302904
346.5,226.15285169764715,0.000581814459838399,0.032118659319643306
347.0,224.97088583448917,0.0005695526198772759,0.03144989646321787
347.5,221.90201917074842,0.0005295970697388287,0.029270715106196818
348.0,217.42449617526862,0.0004789869379471785,0.02651043083568172
348.5,218.40228674251296,0.0004401190391827654,0.02439057025162724
349.0,220.2096550849151,0.00045756417612445794,0.02534203090564633
349.5,221.26554043639277,0.0005015350599955865,0.02774020868938968
350.0,221.67961393067102,0.0005514566067719398,0.030462936571592936
350.5,218.79114630029866,0.0005907766947063416,0.03260745994504483
351.0,218.76489100220314,0.0006012638672332824,0.033179432944316335
351.5,218.69247195759294,0.0005884437717307183,0.03248022360865265
352.0,218.56617209770553,0.0005540180114441307,0.030602637591655362
352.5,218.4990323151298,0.0005154569247832244,0.028499509646389365
353.0,218.21595103175355,0.0005043978531706014,0.02789634673047504
353.5,221.3000057262377,0.0005095318294509344,0.02817635366256993
354.0,223.44492242046516,0.0005267701122741043,0.02911653183770017
354.5,222.79174556938767,0.0005497763061292445,0.030371292328659504
355.0,221.8939265714584,0.0005635380834676204,0.0311218622985603
355.5,225.24445541900536,0.0005767968813954843,0.03184499984379303
356.0,225.91272243232794,0.0005784434643450956,0.031934804957638785
356.5,229.8278883859391,0.0005566774100004962,0.030747680970617423
357.0,230.63273386756762,0.0005312758117110555,0.029362273915999944
357.5,227.70422012754184,0.0005082894830453618,0.028108594615810386
358.0,228.33669004956624,0.0005039671149799549,0.027872851508418988
358.5,229.14460414301493,0.0005063602760261725,0.028003373844787127
359.0,224.85635647870345,0.0005169752226555367,0.028582315058468925
359.5,220.9678863306134,0.0005441640519622122,0.03006519941791893
360.0,220.48209795010746,0.0005575151572899746,0.030793371668658264
360.5,219.96393549851132,0.0005635950454390135,0.031124970649341444
361.0,218.61495538720516,0.0005511863272250367,0.030448196794699855
361.5,218.88454883565228,0.0005378510578527381,0.029720889457257336
362.0,221.73686452917133,0.0005235666968175169,0.02894181835320503
362.5,226.16838656325456,0.0005096176302559148,0.02818103406011587
363.0,226.7173090419201,0.000509421031530668,0.02817030961363251
363.5,223.5776741541778,0.0005146402386837343,0.028454964243192955
364.0,223.84211977017162,0.0005310206071954937,0.029348352490097186
364.5,228.37278401820925,0.0005620460362542186,0.031040485821139493
365.0,232.54686587850253,0.0005872761824630104,0.032416542581295
365.5,233.59677793319798,0.0005932866301104195,0.03274435312671178
366.0,233.9967354678711,0.0005918260701472187,0.03266469353329784
366.5,229.24004322198985,0.0005714499476350084,0.03155337550451601
367.0,224.83950592325488,0.0005544979735014339,0.0306288098320245
367.5,227.53588260033723,0.000547858445612319,0.030266689144489524
368.0,226.1708017092141,0.0005634464099829404,0.03111686060383985
368.5,223.715086081081,0.0006005994057516353,0.03314319039268688
369.0,225.6556758543399,0.0006186564269846031,0.0341280243775719
369.5,222.5008259544157,0.0006020145254210098,0.033220373685196265
370.0,220.94154277418684,0.0005822044797798809,0.03213993152440159
370.5,227.05261149219453,0.000569687325729414,0.031457243914675095
371.0,229.74355160129508,0.0005562919300057254,0.030726657345816692
371.5,233.71782378008487,0.0005442785281689478,0.030071443980887225
372.0,236.1259809283341,0.000528402064034276,0.029205539215548464
372.5,235.8763763785461,0.0005171233316843973,0.02859039377659575
373.0,235.4589834322315,0.0005216582441331353,0.028837727376735685
373.5,231.37915291232636,0.0005566351208752278,0.030745373008888077
374.0,227.33385702900642,0.0005969328638533098,0.032943218970430434
374.5,230.31981271475956,0.0006007796979050872,0.03315302639255981
375.0,230.75501721367684,0.000592792858569332,0.03271742331135709
375.5,232.18260942627438,0.0005752720960618678,0.031761838678296586
376.0,228.7373573785785,0.0005486156766407915,0.030307993524640343
376.5,220.63877976446818,0.0005398530255604885,0.02983007612142147
377.0,217.80564831400187,0.0005439565226589279,0.03005388159471283
377.5,224.03281240577482,0.0005451861299198038,0.030120944822530048
378.0,234.01720513217688,0.0005404779385401833,0.02986416011812604
378.5,240.97307997582996,0.0005359897746074285,0.029619374746694835
379.0,241.30700799030672,0.0005392524626164489,0.029797321897535978
379.5,236.8151673395351,0.0005506044419424942,0.030416460009175444
380.0,230.67947456742894,0.0005580119199788292,0.030820464695432797
380.5,225.3009760406976,0.0005544790744012108,0.03062778374914472
381.0,227.01958454590417,0.0005465567242779556,0.030195697875061836
381.5,232.15223238121854,0.0005407050992711311,0.02987654915352899
382.0,231.43252326744093,0.0005315755251963274,0.029378620775771823
382.5,224.81393102975576,0.0005151476030255045,0.028482639549897285
383.0,223.6069696841155,0.0005084200176444044,0.02811571628700361
383.5,222.49274196005226,0.0005178533958788108,0.028630213838195123
384.0,222.7076247631747,0.0005353567369082606,0.029584847547644205
384.5,224.06023871069524,0.000546228750707834,0.03017780882589276
385.0,225.3867782832034,0.0005494336317119614,0.03035260407259785
385.5,232.23217069408386,0.0005524439033875472,0.030516785038091736
386.0,235.19842928024624,0.0005658505212621867,0.0312479836428617
386.5,235.09911703868184,0.0005837859487126591,0.032226183513939216
387.0,236.08093103382168,0.0005879164496035874,0.03245146142331918
387.5,236.09327905089694,0.0005661005362476255,0.0312616193531574
388.0,235.20800456578394,0.0005374084840706631,0.029696751559602486
388.5,228.72662914508544,0.0005238973029134184,0.02895984969993135
389.0,227.60002870649254,0.0005281636367693877,0.029192535676706453
389.5,223.40598916301383,0.0005443658361482357,0.030076206137903475
390.0,223.24863151256517,0.0005660122399514169,0.03125680484762236
390.5,224.73672824985348,0.0005690484513620386,0.03142239997773872
391.0,223.5490583746768,0.000552435565725933,0.030516330827027174
391.5,221.38036990317656,0.0005221125354913069,0.028862508152966163
392.0,225.83845153212746,0.000511549149183515,0.02828637820107322
392.5,231.4987878203094,0.0005107085344550164,0.028240530304415576
393.0,232.4369768981674,0.0005201504373066144,0.02875549345055089
393.5,228.41959432992826,0.0005343099507150744,0.02952775689845389
394.0,218.06327441776116,0.0005604000976791877,0.03095071717858095
394.5,213.81808769679304,0.0005729456976603497,0.03163495628703948
395.0,216.83024279816772,0.0005626216272064389,0.031071880296604164
395.5,221.9201431524214,0.0005268188106859363,0.029119188818073353
396.0,226.42942736880275,0.000501527314645883,0.027739786930335558
396.5,226.61144971599344,0.0004924774566879399,0.02724620618333173
397.0,224.0509530406357,0.0005129115589580574,0.028360684328263254
397.5,224.6758647761686,0.0005672966632662693,0.03132685542281356
398.0,229.57757420565136,0.0006099184457363118,0.03365145455624929
398.5,235.90793523850473,0.0006195034068464817,0.03417422064261427
399.0,233.56297796507002,0.0005984247693904566,0.033024589150884395
399.5,229.15914009745836,0.0005627380153373602,0.031078227879931846
400.0,223.4534256109676,0.000524366805918513,0.02898545637274176
400.5,224.0223597900812,0.0005081657050226502,0.02810184572407047
401.0,227.0929298127877,0.0004978641633818251,0.027539997533114553
401.5,224.0886115748131,0.0004994774620244376,0.02762798677843372
402.0,220.16641202635907,0.0005234879599560685,0.02893752341488196
402.5,221.08724140584852,0.0005483885732527887,0.030295607187312387
403.0,229.68909091822417,0.0005674531478309174,0.031335391837144747
403.5,232.98597329670517,0.0005733138111130062,0.03165503211265205
404.0,231.61275166002375,0.0005590399694796386,0.030876534920687652
404.5,226.72325320389152,0.0005467702166006688,0.03020734164299083
405.0,222.09818169559983,0.0005412880978125389,0.029908345876748368
405.5,226.91570513291407,0.0005394820432607187,0.029809843654983622
406.0,232.12264611951545,0.0005293834600578653,0.029259065141649217
406.5,227.76687294042657,0.0005076243955510609,0.028072322667906616
407.0,220.9995681844982,0.000496957454853322,0.027490546188093188
407.5,217.39972955418816,0.0005114199501256,0.0282793331317091
408.0,220.11371438730234,0.0005495393266980856,0.030358369214305445
408.5,222.312437337319,0.0005746094178998182,0.03172569575136697
409.0,222.4281781493731,0.0005803524625854838,0.03203892209908002
409.5,224.62472998329451,0.0005777571621328812,0.03189737307327327
410.0,223.7748462008091,0.0005777604496515383,0.031897553347414925
410.5,226.29356068716754,0.0005791961031034287,0.03197585442638905
411.0,229.8526338440342,0.0005791329131550957,0.03197240752272288
411.5,234.62668719933478,0.0005702429362982946,0.03148754346995362
412.0,233.56021716141285,0.0005876919337616775,0.032439215200108465
412.5,232.15261642926018,0.0006220446596956256,0.0343128198444972
413.0,233.6733447685321,0.000638235960921477,0.035195896298857325
413.5,236.236996764855,0.0006226112540322884,0.03434372281854254
414.0,238.81953545330379,0.0005821365966565955,0.0321362292555066
414.5,236.1070014294149,0.0005489083481115794,0.030323955682864785
415.0,230.14585635684938,0.0005331558978882042,0.02946481466078759
415.5,226.52702099873645,0.0005241901329159448,0.028975820881707873
416.0,227.58467218609,0.0005154655099851395,0.028499978300803926
416.5,223.8182857329758,0.0005085999282418573,0.02812552823470971
417.0,224.99399890665168,0.0005266592884543703,0.029110488357005148
417.5,226.3896336535989,0.0005713410555784044,0.03154743847879166
418.0,230.11833335016956,0.0005984006611932391,0.033023273871377455
418.5,232.44508811970357,0.0006007452641435935,0.03315114881630023
419.0,229.75480009550407,0.0005789735974111249,0.0319637188751657
419.5,228.2934533790713,0.0005477587765157869,0.03026125824143499
420.0,228.819307677213,0.0005353764424644367,0.0295859228001574
420.5,226.01930456767502,0.0005284913396868318,0.02921040807836848
421.0,228.32154442724465,0.0005195904854798758,0.028724954362229084
421.5,228.5001529973801,0.0005382939704205202,0.029745045440437337
422.0,227.48105928094955,0.0005815494379720349,0.03210420522761532
422.5,228.45845868912318,0.0006101028884601289,0.03366151479938897
423.0,227.69745851813363,0.0006050549570546418,0.033386199800068274
423.5,225.32721496716903,0.0005692268955387725,0.0314321318286523
424.0,222.72030728536484,0.0005320300623106081,0.029403410751946135
424.5,222.2658695808474,0.0005131270883025574,0.02837244041770509
425.0,222.98735649787758,0.0004988190890574429,0.027592079932857075
425.5,224.55248067951533,0.0004935629022039864,0.027305406532501315
426.0,222.81623923107398,0.0005102802176552226,0.02821717118688378
426.5,219.0888734260384,0.0005420345163244055,0.029949055967821377
427.0,215.8274559204812,0.000571028335504695,0.03153038309994133
427.5,214.88867393429317,0.0005796785159791476,0.032002165128528395
428.0,215.37558801857725,0.0005612828349791183,0.03099886184088371
428.5,215.52576046297324,0.0005311274586166313,0.029354182835350278
429.0,216.364217488901,0.0005030314348635467,0.02782182191771487
429.5,216.76694217521128,0.0004902641853754273,0.0271254945782985
430.0,219.8666484937695,0.0004868809573883696,0.026940973034544825
430.5,223.99134510696484,0.0005007152491675476,0.027695497047131874
431.0,221.15033675320183,0.0005443935627691237,0.030077718523018313
431.5,217.57550594638397,0.0005986349117277932,0.03303604969844066
432.0,218.77680795721434,0.0006169083660658555,0.03403268628019058
432.5,222.19425920475032,0.0006156277623094107,0.03396284245731208
433.0,223.9785936983534,0.0006148004886605795,0.0339177225610017
433.5,225.9022835483445,0.0006070149436366035,0.033493097351848626
434.0,226.4001234936974,0.0005885826106195911,0.03248779442097046
434.5,233.16785431102323,0.0005832141023627339,0.03219499357177382
435.0,236.8211408512592,0.0005729772212742926,0.03163667116710609
435.5,233.7084986277365,0.0005868887074992813,0.032395405303784465
436.0,227.24193942242533,0.0006398710037194405,0.035285069016035994
436.5,223.57731808299897,0.0006565218502099939,0.03619320925222885
437.0,223.15541845465856,0.000640751308731528,0.03533308280665728
437.5,225.1725096746223,0.0005986641258046816,0.033037642556692344
438.0,223.4713530975573,0.0005364841440663279,0.02964633731545316
438.5,221.30247091913245,0.000489612394126017,0.027089945211722925
439.0,223.73990152297054,0.00047331876421863366,0.026201287943305503
439.5,226.35767814592373,0.00047743743566323996,0.026425918997077302
440.0,231.04533894798888,0.0004957288697533921,0.027423535638137164
440.5,229.90819828518556,0.0005268152663880192,0.029118993939139644
441.0,227.6159075779783,0.0005652545627838448,0.031215479927357542
441.5,232.22314348746832,0.0006028060249158079,0.03326354100977913
442.0,231.52946511837155,0.0006134165316820236,0.03384223983461829
442.5,232.52764866048983,0.0006071907374260596,0.03350268463480988
443.0,230.70337777991855,0.0005880869024498408,0.03246075916836081
443.5,227.9010926375736,0.0005634765920038945,0.031118509116329195
444.0,225.99667336771725,0.0005449639947432543,0.030108827896556552
444.5,229.2894159485105,0.0005315500678629215,0.029377230464634054
445.0,234.52672637715733,0.0005112051728094023,0.02826761621153145
445.5,232.91133139715325,0.0005276649436949955,0.02916533417499626
446.0,228.63743209529625,0.0005922371411204075,0.032687111842544025
446.5,226.24151713988837,0.0006309677168725154,0.034799483692116794
447.0,231.67154991419983,0.0006305786480066827,0.034778264731518536
447.5,234.68370422918804,0.0006068928953162581,0.03348644109074578
448.0,226.3786481675367,0.0005649950545486628,0.031201326975714195
448.5,219.28559996169076,0.0005144336327991163,0.028443699092472966
449.0,223.11249791782453,0.0004937894427419088,0.027317761197164087
449.5,228.4988992562057,0.0004892916448636226,0.027072451450812145
450.0,230.90646593174606,0.0005133539069872743,0.028384808941487254
450.5,229.91786662111187,0.0005694289264616937,0.03144314776007127
451.0,230.50344252490078,0.0006262432404367398,0.03454180977932444
451.5,235.442880928574,0.000634951931704697,0.03501678440998503
452.0,236.38259757281648,0.0006273704844426168,0.03460329055985962
452.5,236.69784490078578,0.0006056668510801121,0.03341957214265716
453.0,228.15088689950588,0.0005465199961336434,0.03019369434536853
453.5,219.69574472290475,0.0004997509482538604,0.027642903590909994
454.0,227.30339248711604,0.0004909495897783828,0.02716287571025307
454.5,239.41271371166658,0.0004955329029369962,0.027412851119868464
455.0,240.47923148083913,0.0005055524861653249,0.027959319008263463
455.5,237.7215163483841,0.0005293943884847567,0.0292596583140069
456.0,240.5940730942357,0.000569216561174541,0.031431565343353396
456.5,241.74724232942233,0.00061601480324046,0.03398394988610613
457.0,236.22315260429423,0.0006361677824171788,0.035083096434969374
457.5,231.4350161580204,0.0006252714771059062,0.034488811105304426
458.0,227.0951489798376,0.0005878311598932172,0.03244681144003143
458.5,226.84773609587407,0.0005444342325174981,0.030079936641988287
459.0,234.67494742832122,0.000524898899069402,0.029014476190395593
459.5,242.90982168821978,0.0005231233893412105,0.028917639435956533
460.0,246.87997481875215,0.0005283583237042973,0.029203153096642766
460.5,248.31008307974912,0.0005437993692103261,0.03004530940313253
461.0,246.48097815234593,0.0005707402412160716,0.031514668570515735
461.5,241.30403049996553,0.0005977177590370027,0.03298602689036324
462.0,234.92269992934146,0.0006168753302017625,0.034030883893563485
462.5,227.86289848053863,0.0006232512442544922,0.034378628160552545
463.0,227.2515203077266,0.0006098345721249144,0.03364688113752616
463.5,228.63696363221706,0.0005968544110899806,0.03293894080624446
464.0,227.97227359530768,0.0005753501566312253,0.031766095840297194
464.5,230.9375737872289,0.0005499952622955905,0.030383235792793572
465.0,238.6801873167835,0.0005241990440604995,0.028976306428713593
465.5,243.04813880116683,0.0005123007243539763,0.028327369572695812
466.0,240.5110656369579,0.0005277159095570343,0.02916811483701659
466.5,235.9563999766832,0.0005654299246101493,0.031225041968755935
467.0,232.93687064571293,0.000620176186242615,0.034210912189869144
467.5,230.30622999588056,0.0006448665228117735,0.03555752759126652
468.0,229.70518062411242,0.000631911777758427,0.03485097447499811
468.5,227.32662672996517,0.0006054751468065769,0.033409117232499445
469.0,227.05805250268452,0.0005671507087555386,0.03131889661813782
469.5,226.81396669390892,0.0005279175198622938,0.029179112688959508
470.0,227.4761081259729,0.0005021066516087904,0.02777138386797993
470.5,234.50575044404985,0.0004841962887334102,0.026794549611261886
471.0,239.3362609144545,0.0004744334474453602,0.026262082608742264
471.5,235.9097884764975,0.00048274555705719516,0.02671542419953262
472.0,228.3634452433103,0.0005268948212717642,0.029123331358055428
472.5,222.97205163641837,0.0005941097440927479,0.032789243972858144
473.0,224.92259394908262,0.0006245849589311493,0.03445136867257369
473.5,225.78175935893472,0.0006104140080944144,0.03367848390530773
474.0,226.14825043165703,0.0005817281653667853,0.032113953314538424
474.5,225.36352794038342,0.0005554184160432908,0.03067901527356593
475.0,226.63011873099597,0.0005433949948150568,0.03002325425323566
475.5,230.17714913091444,0.0005489164754879398,0.03032439327211612
476.0,228.76104719349092,0.0005781756886603785,0.03192019580338416
476.5,224.6668261824511,0.0006076438855540577,0.03352739673135597
477.0,225.84107003459835,0.0006246071954490235,0.03445257999123706
477.5,230.3212087165069,0.0006102980168590322,0.033672156996040106
478.0,232.3338032082292,0.0005876738869577691,0.032438232281612286
478.5,232.4932908795519,0.0005833243744976037,0.032201002310572234
479.0,235.46072128888738,0.0005808828037439325,0.03206783831538902
479.5,231.95067615556263,0.0005694639171997435,0.03144505525114823
480.0,231.32149764810427,0.000554191426921406,0.030612094139020538
480.5,237.5334483068883,0.0005485006085916128,0.030301715387112283
481.0,238.93554471255197,0.0005685663325424145,0.03139610192765656
481.5,234.21819246255842,0.0005884235576750416,0.032479117871623664
482.0,232.43988665195957,0.0005986238802760601,0.03303544626636666
482.5,232.26894973315166,0.0005922307333926852,0.03268676318186619
483.0,235.58506643550993,0.000572116223022673,0.03158971480445529
483.5,239.92198644125588,0.0005434331662389158,0.030025336822954097
484.0,238.78426589395858,0.0005442622760308956,0.03007055583934398
484.5,236.16475339388663,0.0005681721924120863,0.03137460366960084
485.0,233.67135644245576,0.0005942353470233995,0.03279609126109442
485.5,233.03694453577927,0.0006104266182649495,0.03367916643978438
486.0,229.31392774831474,0.000599055834609899,0.03305900384968095
486.5,225.4774854158082,0.0005534310285353203,0.030570621247204336
487.0,223.74947221637626,0.0005095270206575709,0.028176090620961446
487.5,228.38288143357286,0.000485331238852301,0.026856450290835582
488.0,233.981925825665,0.0004761281270345286,0.02635451079765737
488.5,236.48633509697515,0.00047953073251715434,0.026540089062666288
489.0,237.2955913196056,0.0005009618772266536,0.02770894461303657
489.5,239.21734714294598,0.0005523396085637575,0.030511091393562426
490.0,239.45426194909018,0.000613574128621222,0.033850831249464905
490.5,238.18139937135876,0.0006251012850677018,0.03447952608878657
491.0,237.26210892932966,0.0006144418847619256,0.03389816177906539
491.5,235.72983746805502,0.0005745672193733865,0.03172339153950112
492.0,235.83942367463158,0.0005297948519230369,0.029281499480166395
492.5,239.56835976562516,0.0005067554971040908,0.02802493073336507
493.0,239.26830870827334,0.0004966923468654274,0.027476085990051052
493.5,235.53379544125465,0.0004982061199732699,0.02755864678595277
494.0,228.99360393318477,0.0005088239427495075,0.028137743982325155
494.5,225.0979689454431,0.0005157747992307693,0.028516844977006694
495.0,224.05653464005528,0.0005222411666533774,0.028869522581589906
495.5,225.38369059800766,0.0005313645646418293,0.029367114770499848
496.0,227.87040755136465,0.0005388344840079463,0.029774525675780244
496.5,228.04371371415408,0.0005489351749842599,0.03032541872954813
497.0,225.9863403007835,0.0005627951521526113,0.031081341435842624
497.5,220.5204824965698,0.0005750405854442961,0.031749208288629926
498.0,218.5762490954819,0.0005748048721577793,0.031736353758034234
498.5,226.59434121507687,0.0005583124502155405,0.03083685532703285
499.0,235.72019270576138,0.0005292430445094003,0.029251406790627762
499.5,239.58012380698779,0.0005024133210223514,0.02778810952604293
500.0,237.8432850111959,0.0004838784706899059,0.026777215928044072
500.5,235.65894348412417,0.0004797927601436296,0.02655438035241669
501.0,232.47490736501706,0.0004941020202412195,0.02733481000995703
501.5,227.91155313808991,0.0005388858199764404,0.029777324810363468
502.0,221.24822864877748,0.0005688961189305804,0.031414091305697195
502.5,221.37192587777864,0.0005724640039780878,0.031608684775300155
503.0,226.35320141083676,0.0005599001079803913,0.03092344812627128
503.5,227.5844647311315,0.0005315064332922297,0.029374852585168705
504.0,232.6725112731527,0.0004924036501716925,0.027242179823995856
504.5,231.00031743731583,0.0004805255969681514,0.026594348863346814
505.0,224.42114555853937,0.00048583556912728236,0.026883955963681518
505.5,220.86817959576592,0.0004948861853226326,0.027377578554206253
506.0,220.68943354817486,0.0005196051592832122,0.02872575513450759
506.5,225.15062268997295,0.0005293246516244291,0.029255858272601576
507.0,224.41828776469637,0.000526859960763572,0.029121433649630574
507.5,221.0147254254768,0.0005200134491044118,0.028748023519008428
508.0,221.60904386803526,0.0005152808019305063,0.02848990433353855
508.5,224.3902406248438,0.0005109730420278198,0.02825495856354733
509.0,227.74818767980483,0.0005075557540796334,0.028068578959520814
509.5,224.86360589158784,0.0005057347036453398,0.027969258806477097
510.0,219.38864222528602,0.000503861755689568,0.027867107877516954
510.5,216.3705624185512,0.000509347226762689,0.028166286458077193
511.0,217.3179901861117,0.0005322469111202709,0.02941523845317828
511.5,219.3915041479839,0.0005510509946671133,0.03044081601443744
512.0,222.58667253430727,0.000555059591080821,0.030659445465896055
512.5,221.38655495900386,0.0005493567625585807,0.030348412372696646
513.0,220.5872944751248,0.00054394284850786,0.03005313697965599
513.5,225.19389916260272,0.0005404995089595652,0.029865336277780187
514.0,227.33524309321234,0.0005425585071583131,0.02997763424680968
514.5,226.9937324780995,0.0005352468551644154,0.029578855292603453
515.0,222.70987230062883,0.0005288306272798225,0.0292289134701683
515.5,218.0071816138389,0.0005417596608773157,0.02993406534246762
516.0,213.7387512116697,0.0005625290027014998,0.031066828895228507
516.5,214.0175406065918,0.0005879050300585807,0.032450840735321944
517.0,221.06035804772827,0.0005979079012024774,0.032996397704699455
517.5,227.41583607426566,0.000583314602411906,0.03220047730527695
518.0,224.9969442839736,0.0005659325949715715,0.03125246007953991
518.5,215.905803375916,0.0005584565862472178,0.03084471747166815
519.0,211.24402165519624,0.0005515858098137306,0.030469984843361046
519.5,212.42578732774265,0.0005300056854475379,0.029293001712024952
520.0,216.16652905536586,0.0005057349774064514,0.027969273557817417
520.5,219.76022159225778,0.0004961067863272602,0.027444150299077635
521.0,223.06296279289728,0.00052471162570511,0.029004263135195652
521.5,224.9492169992619,0.0005794936505301204,0.03199208282265934
522.0,221.38673448963337,0.0006095807414680538,0.033633037111554784
522.5,220.55526901754715,0.0006160795921541653,0.03398748497770152
523.0,221.27777092045685,0.0006094655568519008,0.03362675434194577
523.5,222.8683372593204,0.0005934683909371948,0.032754266691649894
524.0,223.43610107543512,0.0005717033547022607,0.03156719880077005
524.5,224.87467432862377,0.0005560697991361948,0.030714541730216444
525.0,224.41736202986678,0.0005383931455919816,0.029750454937742643
525.5,223.08902660487865,0.000523425840972987,0.0289341359874586
526.0,221.54357484318072,0.0005309289553890998,0.029343357535544252
526.5,221.96379476428348,0.000541337473421268,0.02991103907636408
527.0,222.33522424145536,0.0005586800303533629,0.03085690424713342
527.5,223.79093332557994,0.0005823695006081987,0.03214893170012439
528.0,222.80969428403077,0.0005926879473325407,0.032711701282952636
528.5,223.10994135140848,0.0005848535480363023,0.03228441229666127
529.0,225.1077389437307,0.0005674111441654084,0.031333101120360966
529.5,226.810844870915,0.0005446431466594765,0.030091330954784654
530.0,225.90447934646494,0.0005247853702153964,0.029008284792962347
530.5,225.36935921026887,0.0005155464985120659,0.02850439519171605
531.0,225.30828774691358,0.0005282776604074062,0.02919875464320982
531.5,225.04551960061363,0.0005638235319006653,0.031137431927618423
532.0,222.37548832095513,0.000593572005852228,0.03275991832106979
532.5,222.03470724644865,0.000606816590046049,0.03348227997730007
533.0,220.37223821090993,0.0005967115997164245,0.03293115247892875
533.5,221.87161140551885,0.000582098051310881,0.03213412717720087
534.0,223.59344885008036,0.0005703011787190122,0.03149072385064174
534.5,226.44138312098616,0.0005675992526004406,0.03134336035328766
535.0,226.4639644059728,0.0005758679538753466,0.03179433642371625
535.5,226.9258676615309,0.0005770289785465548,0.03185765886665273
536.0,227.8896948435481,0.0005624855807289291,0.031064458261239176
536.5,227.02363272864125,0.0005666226108959226,0.0312900912053235
537.0,225.0442419979063,0.0005923574000085761,0.03269367199259311
537.5,224.47849966852755,0.0006174761551584087,0.0340636536884159
538.0,222.76475535650192,0.0006121693251834348,0.03377421894907683
538.5,221.69377240622825,0.0005902278922146513,0.03257753002258161
539.0,224.1436286392514,0.0005557895823567197,0.03069925919640986
539.5,229.067313344269,0.0005334093546788396,0.029478637567825546
540.0,229.4070423504631,0.0005241009216140164,0.028970954938732228
540.5,227.02332607115582,0.0005232757481541868,0.02892594981276639
541.0,224.42251903969304,0.0005368249941293516,0.0296649281951883
541.5,221.84859735952114,0.0005788159605232962,0.03195512140173484
542.0,223.04992958091353,0.0006275405540087777,0.03461256722580895
542.5,226.63031949379993,0.0006336070744817307,0.03494343639497351
543.0,222.1929075288125,0.0006069746281922308,0.0334908988957596
543.5,218.22112504286787,0.0005827156226491484,0.03216780928276355
544.0,222.33617558487177,0.0005724378090482402,0.03160725618804926
544.5,230.44027967696053,0.0005711396004530325,0.03153645184275147
545.0,236.1283368899534,0.0005618156925978309,0.03102792394739817
545.5,237.49213205592105,0.0005496849401644733,0.030366310335526298
546.0,238.3911300623334,0.0005757002267326133,0.0317851885158556
546.5,238.45065296359795,0.0006301611232210419,0.03475549219863369
547.0,237.99491523942538,0.0006600089513176373,0.03638339697294492
547.5,239.1489166624972,0.0006640757231072633,0.03660519945717694
548.0,242.27134032141907,0.0006562683075065928,0.03617938335285197
548.5,238.4826849255788,0.0006062420435742786,0.03345094369267307
549.0,230.8578572233291,0.000549414213551178,0.030351545955596013
549.5,227.3804631266749,0.000520604569056269,0.028780263373623233
550.0,231.17057467492324,0.0005104589800459323,0.028226921498906415
550.5,235.03668020393,0.0005032201313694548,0.027832112933313464
551.0,237.27279537001576,0.0004985175566283895,0.027575633639489654
551.5,234.12698393331797,0.000511378844763212,0.028277090610353925
552.0,228.28039691726258,0.0005409011207179703,0.029887239926976256
552.5,227.7525450053618,0.0005746527779278643,0.03172806099922674
553.0,234.32573363807654,0.000582120787950968,0.032135367211023474
553.5,238.4387801468701,0.0005713596328496243,0.03154845182305322
554.0,231.40470164567014,0.0005530558704129363,0.030550161205118078
554.5,227.05841451437593,0.0005403666792031909,0.02985809176073809
555.0,227.18400807912363,0.0005343099766132669,0.029527758101190835
555.5,235.70100449416196,0.000534800079093568,0.029554487643444174
556.0,235.17799200202984,0.0005419287601722398,0.02994328689137828
556.5,230.46399600055145,0.0005692069467537524,0.03143104320547453
557.0,229.54817871270205,0.0006117334460350764,0.03375044517489824
557.5,230.3896694951119,0.0006257881992539228,0.034516993938255705
558.0,235.62087257609443,0.0006245864450483884,0.03445145009496216
558.5,239.09528784322836,0.0006103924207393033,0.03367730576609317
559.0,237.51815690883836,0.0005741090681331977,0.031698406611997514
559.5,236.19883938801,0.0005527799759200663,0.030535114434637783
560.0,235.14682188839947,0.0005380562188028625,0.029732077525702876
560.5,233.38514930240802,0.0005225846976736636,0.028888258902294885
561.0,234.334100958773,0.0005087013604383454,0.028131059873533166
561.5,233.2871196552813,0.0005074110417095672,0.028060685836342622
562.0,230.48975311336994,0.0005188019301125983,0.028681946864051146
562.5,228.53808055313,0.000538368711820985,0.029749121892979288
563.0,227.41473764173685,0.0005536391614890749,0.030581974973311946
563.5,226.92289810006702,0.0005483565281210191,0.030293859219409993
564.0,229.0629919584004,0.0005294140617382527,0.02926073407774107
564.5,227.4786544843433,0.0005121778758482416,0.02832067039799509
565.0,222.3421706106007,0.0004968509059704105,0.02748473541700843
565.5,224.09815481359058,0.000493539428446587,0.0273041256718396
566.0,226.29552193294327,0.0005117976943241105,0.028299932562458864
566.5,228.13140294923744,0.0005543928138178029,0.030623075312533027
567.0,234.33797990378952,0.0005846886163062218,0.03227541364543741
567.5,239.56968981997085,0.0005954429949153966,0.03286195836651258
568.0,239.23636514500743,0.0005859590575097895,0.032344700015789526
568.5,237.1931831894738,0.000559255803842107,0.03088830012105273
569.0,232.9471428307428,0.0005423869457483524,0.029968270488421066
569.5,227.24844965957374,0.000538539170324483,0.029758414059832435
570.0,225.1053427701957,0.0005456272889380418,0.03014500284680387
570.5,226.78728064381286,0.0005466018929933112,0.030198158625418064
571.0,226.87693520853043,0.0005379243463429322,0.029724884860513244
571.5,227.24318416586414,0.0005183023727504015,0.028654699609310514
572.0,226.78395430581693,0.0005031666326929368,0.027829193614676603
572.5,226.89469198587994,0.0005000774837191152,0.0276607106644397
573.0,226.91174785029563,0.0005118036675909331,0.028300257725318023
573.5,227.24550150218857,0.0005333673447523459,0.029476344398615774
574.0,229.95875545157415,0.0005522724667432325,0.0305074339795162
574.5,232.36404976621736,0.0005640407893284567,0.03114928083209505
575.0,234.29977094069176,0.0005499839676872413,0.030382620418294152
575.5,234.08293440491272,0.0005177305809292732,0.028623514995450006
576.0,231.58670501997096,0.0004962694879026845,0.027453024021697373
576.5,228.3108367637048,0.0004855718964693901,0.02686957612815837
577.0,225.23364864615706,0.00047552060138338444,0.02632137736037313
577.5,225.1653139215904,0.0004790692910028876,0.026514922959906706
578.0,226.17644257441137,0.0005122562952776543,0.028324947392047974
578.5,225.8783505218962,0.0005506301925671977,0.03041786535560013
579.0,224.3975772678439,0.0005729189764853926,0.03163349749565462
579.5,223.36697633951184,0.000583183066752936,0.032193301041975604
580.0,220.31267991147973,0.0005815662485978207,0.032105118644551005
580.5,216.68605636274998,0.0005730642773436732,0.031641420491322576
581.0,217.2300467447251,0.0005567624517158387,0.030752318104813672
581.5,225.42068025507805,0.0005365575071218628,0.029650338033333282
582.0,232.09905843916295,0.0005096652215772149,0.028183629329912308
582.5,232.96640524340896,0.0005051769105648401,0.027938834658992745
583.0,232.88636989495475,0.0005359742113462038,0.029618522398043873
583.5,230.9819716368723,0.000577506663527999,0.03188370854386531
584.0,227.0517380985468,0.0005996576741243841,0.03309182858301719
584.5,222.88144182640696,0.0006029519669866585,0.033271498205183256
585.0,221.60130784071222,0.0005989214942982614,0.033051675799486174
585.5,220.86067522624526,0.0005859909044050116,0.032346440047519506
586.0,219.19372387626473,0.0005575273116496069,0.030794032261162733
586.5,220.43085138615032,0.0005191793038756474,0.02870252775970419
587.0,224.60754186635899,0.0004970153959534462,0.02749370342992876
587.5,229.21672068872027,0.0005011194330010011,0.027717536175278265
588.0,230.2537269518422,0.0005208374992385647,0.028792960785347918
588.5,229.2552887396102,0.0005425815759917242,0.02997888617457907
589.0,228.7677741867422,0.0005651878107367227,0.031211835801992795
589.5,229.31451641178157,0.0005720855438739108,0.031588040572120994
590.0,228.93472305388138,0.0005600042437336051,0.03092912568167729
590.5,227.57149038798224,0.0005371889402516862,0.02968477548829629
591.0,226.09825927038565,0.0004985799362520547,0.0275790341586821
591.5,223.69130000877246,0.000467266945448673,0.02587121898542951
592.0,220.65964697946671,0.0004553360468092356,0.02522050614152091
592.5,221.75738859982235,0.00045787366515025944,0.025358908444400585
593.0,225.05244440217658,0.00048572821652922787,0.026878098568468067
593.5,224.87741529371507,0.0005309025917428914,0.029341915183939866
594.0,224.3117305386139,0.0005712565694752782,0.03154282752957593
594.5,226.38310546835112,0.0005833204418427667,0.032200793851702464
595.0,227.1555953541067,0.0005738197170824229,0.031682624153863206
595.5,226.38457471359078,0.0005561666999338925,0.030719824916438116
596.0,228.33280111486502,0.0005452727265699516,0.030125663466216184
596.5,230.62304856300088,0.0005381775887377735,0.029738692627865635
597.0,226.92955761383388,0.0005330166433411913,0.02945721545614145
597.5,222.909204816964,0.000521731629921996,0.02884173001100803
598.0,222.07658674278346,0.0005136272170908186,0.028399715817413775
598.5,226.05130083273554,0.0005171437357546308,0.028591508030095518
599.0,230.52352369337675,0.0005239808269636735,0.02896440423526598
599.5,230.397605387917,0.0005358710022826535,0.029612894850982265
600.0,229.4523336722466,0.0005566533377204392,0.030746359270392
600.5,227.2688929120798,0.0005843974657412332,0.03225952076266378
601.0,222.30354828714968,0.0005973335393416785,0.03296506028305784
601.5,218.73215630081296,0.0005878919261382113,0.03245011997154471
602.0,218.87004863054997,0.0005485763584723029,0.030305846585181574
602.5,225.22074424087847,0.0004963693022540335,0.02745846685425673
603.0,229.78463464984526,0.0004757695889803511,0.026334954840248552
603.5,234.256738097542,0.0004884780679444642,0.027028076572068942
604.0,234.40557741975513,0.0005320788921871692,0.029406069052330733
604.5,232.79241047244514,0.0005798502971936294,0.032011528081700845
605.0,230.1306510631275,0.0005904139239136007,0.0325876715855663
605.5,229.32813884238715,0.0005802482952886705,0.03203323849919309
606.0,229.20609827507474,0.0005513746285795237,0.030458466343612205
606.5,224.90679085872532,0.0004993188920815479,0.027619338971503114
607.0,223.83719643540118,0.00045059463606754403,0.02496191050885782
607.5,229.28134354891495,0.0004363110263627535,0.024182879075447673
608.0,231.33392216384468,0.00045335210152254663,0.02511229633934718
608.5,225.97736352143954,0.0004919621791680256,0.027218094007295347
609.0,221.47031034837707,0.0005409637182981806,0.029890648721667013
609.5,221.32854791118297,0.0005667124580409762,0.03129499190955705
610.0,219.66401408286,0.0005709043504078694,0.031523619472331975
610.5,227.43169264569667,0.0005579064873965928,0.030814714096030402
611.0,236.42386265636475,0.0005425140825525246,0.029975210959537604
611.5,237.6083806159197,0.0005069573193747117,0.02803593853225481
612.0,237.19936413460692,0.0004926803465388685,0.02725726845683386
612.5,242.1245784789191,0.0004975165312099894,0.02752103601311296
613.0,243.29576270071715,0.0005157182867500144,0.028513763964163087
613.5,240.09902936161325,0.0005481854014019852,0.030284526009997956
614.0,235.56401534899584,0.0005817395989609814,0.0321145765311206
614.5,232.2153712461818,0.000598678965400202,0.033038452296124204
615.0,227.8107053658626,0.0006138738125184507,0.03386718088343046
615.5,223.87767995845238,0.000613094871728102,0.033824696771233696
616.0,225.6826548259576,0.0005915919201460385,0.03265192235563206
616.5,230.6578335028263,0.0005623431667643403,0.03105669212088573
617.0,229.7183624095067,0.0005317109794486001,0.029386008625600136
617.5,228.8677596039338,0.0005047133980872147,0.02791355601316335
618.0,231.554173779175,0.0004826711437585668,0.02671136770035218
618.5,235.7744268886367,0.00048405700088217186,0.026786950884673106
619.0,235.4701240346585,0.0005235669082341154,0.028941826026125224
619.5,233.196924311886,0.0005816189088435667,0.03210799024924144
620.0,231.99546050421824,0.0006205396580109542,0.034230735268742166
620.5,229.42224998552368,0.0006266620239830577,0.03456465012054748
621.0,225.5856203608386,0.0006176108547768377,0.03407099863511202
621.5,225.80025823464362,0.000583883378951843,0.03223149549727735
622.0,226.54596642278324,0.0005631255052029055,0.031099355997851852
622.5,227.16938611871055,0.0005673946536727697,0.03133219466071691
623.0,229.31983007231517,0.0005638909534434822,0.031141103416528104
623.5,233.05098313103213,0.0005499337575630263,0.030379878478433955
624.0,237.05631793332273,0.0005402893503568852,0.029853870650501012
624.5,239.7257968493209,0.0005451243955676317,0.030117572811789707
625.0,238.34151492426852,0.0005606477027789688,0.030964215809087814
625.5,233.17796567548868,0.0005673393825400178,0.03132918260674463
626.0,222.3063342286066,0.000558893048450833,0.03086851918575907
626.5,216.5482971327786,0.0005401290736823288,0.02984513022325429
627.0,217.43446748463094,0.0005204555130584236,0.02877213201694744
627.5,221.35180647751733,0.0005081810303349018,0.028102680754011913
628.0,229.07194969416193,0.0005033082735766357,0.027836920498397557
628.5,233.52780752680036,0.0005033588266054776,0.027839677170166676
629.0,233.85057227517083,0.0005088195813198105,0.028137507558677593
629.5,233.76029094545186,0.0004988860318528475,0.027595729697242784
630.0,232.28004953527997,0.0004883610097028109,0.027021693575075688
630.5,230.08608490261926,0.0004851006228668571,0.026843871264467207
631.0,226.53115758770988,0.00048587126180207624,0.026885902258558775
631.5,224.96743097884482,0.0005029588665547354,0.02781786286202526
632.0,234.22573199162426,0.000544176122282133,0.03006585785903616
632.5,243.46994411598365,0.0005799960732208891,0.03201948422939357
633.0,246.5131459927582,0.0005835941101555173,0.032215721864278506
633.5,245.00460288158592,0.0005682726553983572,0.0313800874204794
634.0,238.20989116152995,0.0005274334956456027,0.0291527132403032
634.5,229.48066815946464,0.0004933800569221498,0.02729543279038243
635.0,226.5597408450415,0.0004782327709407014,0.026469298225619116
635.5,230.33453384578002,0.00047226566784196416,0.0261438521013873
636.0,232.952282815115,0.0004761602702610392,0.02635626476554094
636.5,234.56547058148783,0.0004885539639664675,0.02703221831402696
637.0,233.31998690096594,0.0005042965827345386,0.027890822786500777
637.5,231.44488034678997,0.000511625641371026,0.028290550969433812
638.0,228.25070939019366,0.0005134929258255942,0.028392393095875445
638.5,225.0995961521751,0.0005070224975565954,0.02803949524500272
639.0,223.95937309308698,0.0005038361691465176,0.027865711489798942
639.5,225.078436537493,0.0005074367965255016,0.028062089764649453
640.0,227.80525740570718,0.0005077472961382279,0.028079025531122147
640.5,227.08422256126755,0.0005070843518380233,0.02804286865819975
641.0,227.24635166909604,0.0005167857947402051,0.028571987127620893
641.5,230.28161920240296,0.0005253723493264784,0.02904029849516583
642.0,234.5324208981204,0.000531388564253802,0.02936842409947473
642.5,233.33910508403562,0.00054670617576923,0.030203846159826
643.0,228.29449962382128,0.0005740457171690393,0.03169494772900629
643.5,222.9778755049067,0.0005841791675980291,0.03224762825058639
644.0,223.90021076763986,0.0005709937945664461,0.031528497931983694
644.5,224.71525609518784,0.000540673745501894,0.029874839320915378
645.0,230.13687108877704,0.0005055678992043562,0.027960160275544443
645.5,232.9751522920358,0.0005002581286938991,0.027670560836296456
646.0,230.62891808700084,0.0005200501454198013,0.028750020689997
646.5,223.75259099069817,0.0005545312166798916,0.030630623709744835
647.0,222.16339591701734,0.0005801351211350166,0.03202706569885735
647.5,222.3603123160943,0.0005900984987287623,0.03257047115137191
648.0,222.00812419927888,0.0005759815973082274,0.031800533822987385
648.5,222.25844685199363,0.0005382802545903672,0.029744297284812305
649.0,222.58840517671115,0.0005132366247325743,0.02837841404219399
649.5,223.39042081415968,0.0004904342676090506,0.027134769428961786
650.0,220.49498583318518,0.0004927837476643471,0.02726290790938949
650.5,222.0177971394619,0.0005067752293976013,0.02802600623086242
651.0,231.36700912270692,0.0005255531674671734,0.029050159550412236
651.5,237.48076100518804,0.0005409344489433944,0.029889057818783364
652.0,239.16716170209847,0.0005561444993444772,0.03071861524703977
652.5,236.2869812902325,0.0005781386341288672,0.03191817708605688
653.0,231.06527700271292,0.0005901630173545013,0.03257398760492526
653.5,235.37431428700114,0.0005892298663019345,0.03252309456694007
654.0,239.55064877155326,0.0005733075984578645,0.031654692640990315
654.5,237.65117952199796,0.0005499011804879166,0.030378103204438043
655.0,233.8070352256686,0.0005269124180206781,0.02912429342486145
655.5,229.779200502266,0.0005067091858147665,0.02802240718816091
656.0,230.64742753194255,0.0004923766076435212,0.027240705825461516
656.5,233.39540027374957,0.000504645235917125,0.02790983881654678
657.0,236.69798680210477,0.0005318665474615296,0.029394493544982372
657.5,239.3767421743169,0.0005531023799000515,0.03055269868031379
658.0,235.52593049878658,0.0005603130788919402,0.030945969919913142
658.5,232.36923228058745,0.0005653922809842245,0.031222989427237686
659.0,232.89612446743766,0.0005631890482400158,0.031102825809170422
659.5,231.6607901952708,0.0005380455206324192,0.029731494896538486
660.0,229.00694844414025,0.000504198275600866,0.027885461590960448
660.5,227.56994791162825,0.00048638816066041984,0.026914095803496164
661.0,229.03248090486306,0.00047922582209959636,0.026523460293310673
661.5,233.4684043481735,0.00047910561291296595,0.02651690409387194
662.0,232.1397662189874,0.0004984342341791772,0.027571089363503182
662.5,229.02253971032818,0.0005563409601891888,0.03072932944172778
663.0,227.77818165996612,0.0006113812679949361,0.03373123623081101
663.5,223.25736494512458,0.000608073494288886,0.0335508308617927
664.0,219.80792202054826,0.0005883432638630155,0.03247474176438366
664.5,225.350454011057,0.0005570564081954657,0.030768351863636228
665.0,235.22329824992102,0.0005129899105436477,0.028364958631275746
665.5,237.30823414953113,0.0004824716095435731,0.026700485817455086
666.0,232.01442173864336,0.00045929654355718406,0.025436514263328314
666.5,226.81976457563283,0.00045390231041511566,0.025142312494743024
667.0,223.66048193400988,0.00047933103885864357,0.026529198971435852
667.5,219.66980091904097,0.000521443990872134,0.028826045116052846
668.0,220.6486904313335,0.0005568860583394151,0.03075906117672236
668.5,223.9379072023497,0.0005592994913505585,0.030890690357369046
669.0,225.74755161827437,0.000537441274933331,0.029698539587374128
669.5,227.4113768904832,0.0005082982568943015,0.028109075004941794
670.0,224.11721833414646,0.0005078202759947154,0.028083003652886178
670.5,218.78731566704337,0.000530082211182378,0.029297172450527337
671.0,220.2978968157982,0.0005535376203551607,0.030576435172562057
671.5,229.05203910922148,0.0005718030378462142,0.03157263454923293
672.0,231.50731186064203,0.0005839585662444276,0.032235599247975665
672.5,230.46549982482375,0.0005751052556908893,0.03175273851520871
673.0,227.5494830220798,0.0005493591747803253,0.03034854285843558
673.5,228.6938325329043,0.0005206080554913724,0.028780452546358623
674.0,228.46280194150214,0.0005030576450821068,0.02782325134206627
674.5,226.3870275231136,0.0004924736716784649,0.027245999933255525
675.0,222.5383174834387,0.000489657353951611,0.027092397570016885
675.5,222.02140389721774,0.0004969991273750064,0.02749281844844086
676.0,221.7017055416928,0.000497085316842059,0.027497519714650722
676.5,222.59158742082496,0.0004906257350261213,0.027145213374609848
677.0,231.0544231460583,0.0004861790059277572,0.026902687646402603
677.5,230.83417352322533,0.0004774232650755828,0.0264251486230465
678.0,223.22531139768108,0.0004707443332207593,0.026060878510379425
678.5,220.91696303431405,0.00048624399422427525,0.02690623079174584
679.0,223.544955572669,0.000533670573859997,0.029492883328369017
679.5,228.66981456114607,0.0005874808352555954,0.032427703606377804
680.0,229.87719576231228,0.0006054047311971554,0.03340527609047507
680.5,230.80812578805237,0.0005867165362749598,0.03238601971603932
681.0,232.3067469093573,0.0005534999561916615,0.030574382333576736
681.5,231.7849416829585,0.0005159322783068775,0.02852543529662632
682.0,226.33268691447083,0.0005068263335639399,0.028028794606565766
682.5,221.7301721002045,0.0005242128374763075,0.02897705510724921
683.0,216.987013743361,0.0005592730787469771,0.0308892453672755
683.5,218.74160044131776,0.0005827138646829943,0.03216771105821108
684.0,226.14945302199976,0.0005854913131298657,0.032319195300030995
684.5,232.78103409788133,0.0005613411738498948,0.031002042732239464
685.0,234.0529435290751,0.000531816115271701,0.029391741535381453
685.5,231.10015092646034,0.0005037364567479953,0.027860272898517655
686.0,227.99370811002848,0.0004904685392082827,0.027136638563743407
686.5,224.36746006081432,0.0005000017230528393,0.027656579681854924
687.0,221.41822752474096,0.0005310007761452682,0.02934727250375414
687.5,220.18856699819872,0.0005609733227460968,0.03098198007807835
688.0,221.19044410145105,0.0005736549909889099,0.03167364072324085
688.5,225.80976808808623,0.0005636541949838753,0.031128196484890982
689.0,228.33404989315423,0.0005406483877723801,0.029873455899252995
689.5,225.90969418004175,0.0005154272701312491,0.028497891570482305
690.0,223.37391326596503,0.000509572208403492,0.028178555642669214
690.5,219.15122583600984,0.0005082893264227354,0.028108587892024556
691.0,216.01087959005392,0.000516341087969422,0.028547732295167254
691.5,219.88253447041154,0.0005250380929331045,0.029022067527873063
692.0,226.36932104119023,0.0005326620034681104,0.029437876321153387
692.5,230.34854078657054,0.0005395946771856704,0.029815986448763387
693.0,230.41272430323508,0.0005468382195553985,0.03021105005943507
693.5,227.71576914514142,0.0005514044885894617,0.03046009560873205
694.0,229.35802494418024,0.0005493131693095324,0.030346034356963328
694.5,233.526405357427,0.0005398003740899383,0.029827204852735434
695.0,235.7686016199868,0.0005291511010030945,0.029246389728184663
695.5,235.47321837195847,0.0005279924914252182,0.029183197521489027
696.0,228.5560445435263,0.0005376001627690672,0.029707200974628336
696.5,220.9575400461193,0.0005641897727437147,0.03115740147860978
697.0,218.00790644746294,0.000594535721136131,0.032812474647306036
697.5,222.09342164004514,0.0006069920905796955,0.033491849400109595
698.0,223.29813757482756,0.0005877023165851524,0.0324397841617332
698.5,224.5217926953884,0.0005562901522146892,0.030726560514622407
699.0,222.56550991933346,0.0005189411006740462,0.028689537885423323
699.5,222.06660501592762,0.0004950117149803512,0.0273844256219801
700.0,225.88031023089212,0.0004885032529291222,0.027029452505895696
700.5,229.59973779721352,0.00047991555085239297,0.0265610764146652
701.0,228.11008331154173,0.0004897372392882468,0.027096748951394987
701.5,225.58393808377548,0.0005463420103863154,0.030183981905401013
702.0,225.17170142039586,0.0006197884717548146,0.03418976394204398
702.5,226.33397916499533,0.00063742608500027,0.035151722450972894
703.0,228.70043382144826,0.0006277617557414404,0.03462462966386233
703.5,232.7103125810059,0.0005982135763090562,0.03301306937251235
704.0,230.54568785586062,0.0005442348142308845,0.030069059507500332
704.5,230.96110191861294,0.0004853548021895973,0.026857734987520965
705.0,231.9655346616846,0.00044996682198748507,0.024927668273177897
705.5,229.11777597206495,0.00046003207613299615,0.02547662827334248
706.0,229.87662549112704,0.0004831986261954933,0.02674013643077212
706.5,231.75314185351604,0.0005247442901415722,0.0290060436303723
707.0,233.3647849675283,0.0005556940526432245,0.03069404819629772
707.5,236.72116167981758,0.0005607602791877804,0.030970359822871205
708.0,240.65119634467388,0.0005513144943118934,0.03045518513687699
708.5,240.58841335945257,0.0005430474972198986,0.030004303285190076
709.0,239.37746693526364,0.0005289988368364007,0.029238087673898624
709.5,239.69214204632885,0.0005164940700463294,0.028556075705087926
710.0,237.81005506897603,0.0005111974646210957,0.028267197771044448
710.5,236.09467466617602,0.0005121152929689591,0.02831725599812684
711.0,235.4740785787854,0.0005187156613164431,0.028677241732330976
711.5,234.25638092083975,0.0005344935458671719,0.029537770190008295
712.0,236.07873642012925,0.0005601023646030123,0.03093447896337937
712.5,232.86876754078705,0.0005772184756888524,0.031867994874012734
713.0,230.17098868233006,0.00056380135740735,0.03113622319953129
713.5,232.35742973540627,0.0005341086451345397,0.02951677772436625
714.0,234.997289894129,0.0005084179475220688,0.028115602912335468
714.5,234.72445790449916,0.0004884299224645659,0.02702545326324541
715.0,233.54115853860364,0.0004770134264110572,0.026402796013309228
715.5,234.9697041936175,0.000481597943344526,0.0266528358596785
716.0,238.383224599916,0.0005072738174360755,0.028053201621204494
716.5,239.14842679960728,0.0005489134580859006,0.0303242349401422
717.0,233.75996671922127,0.0005705351013966951,0.03150348086031331
717.5,231.12942294721407,0.0005797679309530792,0.03200703938123167
718.0,233.66543595049646,0.0005643418850224182,0.03116570112764299
718.5,232.7268787998179,0.0005465480227515496,0.03019522260571956
719.0,230.88003872742138,0.0005303997619259206,0.029314494651855125
719.5,226.50331787629932,0.0005116033691594253,0.028289336761905853
720.0,225.33320826332854,0.0004961602330599624,0.027447066060299445
720.5,230.93516514110613,0.0004931384324577638,0.027282256488057027
721.0,234.9616054864752,0.0005012068926012746,0.027722310771803257
721.5,237.66393455262667,0.0005212874807784023,0.028817509245218732
722.0,235.73927490835618,0.0005392439534698501,0.029796856293431213
722.5,235.29070489504622,0.0005465689139438996,0.030196360347870925
723.0,235.0746157239052,0.0005433350226774065,0.030019984268596384
723.5,229.76179558171594,0.0005343676723690166,0.029530904657273004
724.0,230.12911936765886,0.000530406552107389,0.02931486495014143
724.5,232.2746537771831,0.0005327247762941088,0.029441299560495852
725.0,235.15962968340835,0.0005378304763248565,0.029719764977535968
725.5,239.0165220517376,0.0005406899511994416,0.029875721445149293
726.0,240.52822981547035,0.0005538526937956347,0.030593619511289978
726.5,241.02479755697638,0.000577672462270795,0.03189275308631898
727.0,237.12025890036637,0.0005786220605653845,0.03194454408473491
727.5,228.75901971098645,0.0005679671261481775,0.03136342385451105
728.0,220.9359636702576,0.0005587467020486226,0.030860540303918466
728.5,219.94682523735776,0.0005466528791653758,0.030200941239321693
729.0,218.47342679173158,0.0005301171537114598,0.029299080780680133
729.5,220.50734468198627,0.0005158039123589181,0.02851843485827557
730.0,226.09995861710152,0.0005030466230661281,0.027822650103350156
730.5,228.89419907837964,0.0004965625621348215,0.027469008191355736
731.0,225.6506013747737,0.0005023403758032789,0.027784130039137836
731.5,222.2008945634508,0.0005366503177559129,0.029655398411690213
732.0,220.3256846027354,0.0005943058274752651,0.03279993928478897
732.5,222.76956714752984,0.0006147340373931693,0.03391409780102917
733.0,224.61567693980868,0.000601720650020627,0.033204346047628015
733.5,227.8601793255001,0.0005706251069772757,0.031508390592164655
734.0,230.09858901652112,0.000528076836617423,0.02918780220346271
734.5,231.10738451834854,0.0004930568263036228,0.02727780549150771
735.0,229.4413288686167,0.00047925237262962225,0.02652490833281158
735.5,227.81071638359134,0.00047596098663034057,0.026345395138575853
736.0,224.69085181612544,0.0005010090482259505,0.027711519377906883
736.5,222.51981569590947,0.000558124758990105,0.030826617437350004
737.0,221.56028895839864,0.0006004503057164016,0.033135059054824265
737.5,222.20806533376154,0.0006043911185400347,0.033349992998631735
738.0,225.2049765205225,0.0005959199515860724,0.032887974852481856
738.5,227.63496400338465,0.0005773568071572121,0.03187553794671247
739.0,228.32319977023707,0.0005322416285487092,0.029414948906151032
739.5,228.91712077312738,0.0005025567553017164,0.027795930156649586
740.0,230.78406874629917,0.0005149084961996229,0.028469593377902953
740.5,226.65954809933717,0.0005579890624697694,0.030819211977704965
741.0,221.16728658839315,0.0006027979796722734,0.033263099733930886
741.5,228.08377479509025,0.0006158879813985938,0.03397703268283228
742.0,233.6291705167868,0.0006001800125038072,0.03312031867564908
742.5,232.89062341489364,0.000581280159489362,0.03208951556808512
743.0,227.75270104272087,0.0005630652946368413,0.031096072229360158
743.5,223.7147055814338,0.0005508928896179324,0.0304321886177463
744.0,225.88378319481657,0.0005500104711569038,0.030384062315244972
744.5,234.75151346896763,0.0005408503903672786,0.029884471863722523
745.0,243.2013671265059,0.0005130193116451036,0.02836656087379267
745.5,244.03618515788324,0.0004987402964331709,0.027587779256249775
746.0,237.22200438338402,0.0005174594887373547,0.02860872320344563
746.5,231.84281300643852,0.0005653927809359727,0.031223010888955148
747.0,231.13115964824595,0.0006077933900577673,0.033535548708937525
747.5,232.83171932195214,0.0006067178112809289,0.03347688821752357
748.0,232.49381411834784,0.0005812919304011095,0.03209015727124688
748.5,233.10166134542277,0.0005428793860253774,0.02999513320594882
749.0,228.31477854844476,0.0005088583977699604,0.028139624576210245
749.5,226.3487265289402,0.0004943789045349999,0.027349911342318733
750.0,229.31500544240217,0.0004969260007957165,0.02748883036152173
750.5,232.33233065340977,0.0005077290604854382,0.028078029526171996
751.0,232.529793059743,0.0005168975680842394,0.028578080037130745
751.5,230.16510355368422,0.0005115746314834286,0.028287766897698994
752.0,228.73662981020493,0.0005065435069504003,0.028013369604622945
752.5,230.01185314508893,0.000509458114170959,0.02817233312338257
753.0,229.40945464197472,0.0005233941905923077,0.028932407133583277
753.5,224.65417504125838,0.0005451769498097918,0.03012044129384624
754.0,221.28728603261817,0.0005641061183956312,0.03115284144669984
754.5,222.36971368181807,0.0005704135239669419,0.03149684959999999
755.0,226.83951467806352,0.000546339542423026,0.030183851756426044
755.5,230.55881912873457,0.0005147628943947901,0.02846165652314066
756.0,229.88029142116963,0.000497923897074061,0.02754325118935148
756.5,225.9353413443774,0.000493648554395118,0.027310072187292082
757.0,222.96429695883646,0.0004969284038095997,0.027488956772250488
757.5,227.40004115182361,0.0005086688203840381,0.02812928374333934
758.0,233.42350320784968,0.0005283719894007373,0.029203898149182006
758.5,233.3706247361892,0.0005499807150650784,0.030382439526776068
759.0,232.6573327849079,0.0005787118099156133,0.031949431564304444
759.5,227.58557348773775,0.0005948445809450212,0.03282931285127201
760.0,220.77888602982398,0.0005899292196402428,0.03256123295724964
760.5,219.12451536366743,0.0005582009193191928,0.03083076975601646
761.0,222.2472310330294,0.0005099417702505823,0.028198708987146756
761.5,227.95008644937334,0.0004699076408197458,0.0260152417397603
762.0,227.77564737882375,0.00045563308343495463,0.02523670656696178
762.5,227.03423489229576,0.0004516090380223725,0.025017234997494555
763.0,228.8293719138059,0.00045630340597050057,0.025273265751456272
763.5,229.42409431058604,0.00048330773894340987,0.026746085982235268
764.0,228.7678606111332,0.0005309886273760897,0.029346606873859322
764.5,231.6873933964547,0.0005581140256243365,0.03082603021292083
765.0,233.39229991119313,0.0005651871798645472,0.031211803147373676
765.5,231.3672267922013,0.0005684963308288702,0.03139228219412961
766.0,227.38325057162962,0.0005757185656363529,0.03178618250954806
766.5,222.2136704385714,0.0005623452525657939,0.031056800892786608
767.0,224.54053876761677,0.0005251487928969454,0.029028100981942168
767.5,230.45302520360738,0.0004955794658344318,0.027415384681259532
768.0,237.98727935468332,0.0004756314110334812,0.02632741638949461
768.5,246.09171527151685,0.00047355301750563446,0.026214059499969546
769.0,247.60997323527923,0.0004900228226411173,0.02711231775725892
769.5,237.37323150736313,0.000524400962967697,0.028987301397957296
770.0,224.82922982117248,0.0005632063096899811,0.03110375905773196
770.5,221.71966593879472,0.0005736711374198063,0.03167451804946733
771.0,223.18997990684298,0.0005495726105329694,0.03036018261036357
771.5,223.6073104098176,0.0005185687768560208,0.028669229489966586
772.0,225.57576704050476,0.0004880021871366084,0.027002123143521566
772.5,233.5264041825852,0.00046483366063722006,0.025738508864353294
773.0,239.30931055910312,0.0004566808947699736,0.02529385568891338
773.5,235.06889346925672,0.00045908053367856673,0.025424728303226684
774.0,228.9255989295639,0.0004921201333667611,0.027226710286375376
774.5,223.43394105804623,0.0005526829462289665,0.03052981779054314
775.0,220.00989280415843,0.0005672593550286569,0.031324819999214375
775.5,223.92359543813214,0.0005525206457723262,0.030520970519496444
776.0,228.1887468569585,0.00053060027997971,0.02932543056020472
776.5,230.0739350162908,0.0005059315726271982,0.02797999383632581
777.0,223.64952410913412,0.0004898725109514632,0.027104127107911415
777.5,217.30517718977399,0.00048159824473109045,0.02665284789423211
778.0,219.04452527584635,0.000466423444496144,0.02582521482650094
778.5,219.66298038855436,0.00044731819176833915,0.024783212642576446
779.0,226.65704522157526,0.000454875636125492,0.025195395963545232
779.5,232.65245586084114,0.0004777859531298299,0.02644492844679894
780.0,234.6550641782075,0.000503782455491211,0.02786278216882327
780.5,233.11949318329465,0.0005114619634271119,0.028281622565540704
781.0,231.27675029603435,0.0004909213782082691,0.027161336009265475
781.5,230.7627021876718,0.0004709914192477641,0.026074353925509546
782.0,230.34916685513264,0.0004589790603467936,0.025419198905858628
782.5,225.75354996731028,0.00044978811920298907,0.024917923510896653
783.0,223.6947856009682,0.0004473131905768619,0.024782940660165412
783.5,226.9822784097616,0.0004602136583389937,0.025486533440161295
784.0,225.82729754377536,0.0004856141756216516,0.026871880748761578
784.5,223.0161374279716,0.0005134070593838358,0.028387708832725927
785.0,225.26397277277954,0.0005314264578442905,0.02937049025801218
785.5,228.37295085417273,0.0005366589696174926,0.029655872516168743
786.0,231.63082828567283,0.0005276856854087292,0.029166468501078086
786.5,234.14888068269536,0.0004970477259192247,0.027495468918345495
787.0,229.90067540120071,0.0004708693533674096,0.026067695904797312
787.5,224.1571319095319,0.0004555916308691113,0.02523444740098874
788.0,224.69680417980143,0.000457831124402799,0.025356590375940954
788.5,227.76381145478678,0.0004771759047191792,0.02641165710175642
789.0,227.01309867460643,0.0005028043015470895,0.027809433618008923
789.5,225.73055163059738,0.0005236022772027545,0.028943758169630303
790.0,220.52490283275375,0.0005253236728082193,0.029037643849212844
790.5,218.28916484078206,0.0005099739076271805,0.02820046570594811
791.0,219.91111972523737,0.000494153136743091,0.027337598248369028
791.5,222.4586156229535,0.00047612331912750714,0.026354248925609877
792.0,220.50899921432682,0.00046464169578957603,0.0257280397540473
792.5,221.45694387130013,0.0004623938040859806,0.025605438847717654
793.0,223.81557292433357,0.0004730947766131365,0.02618907198212889
793.5,224.83082039390652,0.000506142037063428,0.027991473800943273
794.0,226.11520592033608,0.0005346114721875063,0.029544201863469104
794.5,228.27738174054696,0.0005447685217829846,0.030098169051616202
795.0,231.07231914550752,0.0005338058428989067,0.029500262216930112
795.5,231.62437493051038,0.0005187683863457334,0.028680116919185063
796.0,229.8946325406696,0.0005203366893092578,0.028765651964504712
796.5,226.9952636408231,0.0005336668046558793,0.029492678225445768
797.0,225.63067887845307,0.0005567538643566186,0.030751850735726446
797.5,228.80302686719202,0.0005647279830393254,0.03118676058689307
798.0,231.51503920288462,0.0005528391771041847,0.030538343538234747
798.5,233.0810548897908,0.0005267189325400909,0.02911374222424601
799.0,229.66002297747823,0.0004974677089063067,0.027518375340942394
799.5,225.44116288295825,0.00048551789736895213,0.02686663073970665
800.0,221.79716136352545,0.0004918682573079607,0.02721298018783067
800.5,217.23498489518423,0.000500596773946033,0.027689035144328297
801.0,222.87235828283215,0.0005186204498062391,0.028672048138565335
801.5,229.17444117735297,0.0005590010890295584,0.030874412834281557
802.0,231.48748721492467,0.0005941933172547375,0.03279380159674884
802.5,233.64059066382094,0.0006049525731927175,0.033380613197730315
803.0,230.80436794884457,0.0005858293789369763,0.03233763244945602
803.5,229.94311539275762,0.0005486243878105814,0.03030846714846778
804.0,233.20386269184723,0.0005204630338751954,0.02877254373809071
804.5,235.93547937573075,0.0005068276006874006,0.028028865532659115
805.0,232.4643714960801,0.0005110952876410966,0.028261625093797368
805.5,226.24946224280626,0.000533580849651756,0.029487990700891132
806.0,224.24424980118692,0.000564787542479965,0.031190006678780153
806.5,226.1963194778003,0.0006034961915498114,0.03330118168654167
807.0,227.26189493168673,0.0006290467401822698,0.034694710890191605
807.5,226.33601082563288,0.0006254696108321036,0.034499614271029634
808.0,228.90394340044588,0.0006033681299414827,0.033294198854899516
808.5,226.12119990908678,0.0005580481685515202,0.030822442138437302
809.0,226.91916191900506,0.000504890586267469,0.027923220414289282
809.5,234.10934441549446,0.0004907242089267772,0.027150583355663675
810.0,234.7024788109655,0.000506727015293773,0.028023377982030768
810.5,234.97514538172115,0.0005439854690228561,0.030055459811224743
811.0,234.105111632479,0.0006007825057001927,0.033153178198257534
811.5,230.99017776314204,0.0006346746445573826,0.03500165866104641
812.0,227.04325530792414,0.0006493180384953299,0.03580031031952676
812.5,229.6990007973333,0.0006485107997653334,0.035756284575733335
813.0,233.9724220452465,0.0006290953184750521,0.03469736154145244
813.5,235.38906652171426,0.0005842608567534291,0.032252081252857175
814.0,236.74161037872148,0.0005438099056910613,0.030045881974466213
814.5,237.61759284252665,0.0005331553102833689,0.029464779979254552
815.0,236.35220446938285,0.000547236707875814,0.03023278145465971
815.5,243.7025451316324,0.0005682376756784128,0.031378178149250736
816.0,249.85467167618845,0.0005650033906686288,0.031201780454766122
816.5,249.92570374547427,0.0005382179513634534,0.02974089851489165
817.0,244.6928426336503,0.0005189159125333643,0.028688161745427074
817.5,236.57088195937447,0.0005203889166161276,0.028768498656820834
818.0,233.79041191159845,0.0005519647339039879,0.030490649496674342
818.5,233.4623308537949,0.0005831884177170257,0.03219359521454442
819.0,232.8321807960485,0.0005868872384471441,0.032395329564379585
819.5,231.05962554138986,0.0005652997578366135,0.031217945745068334
820.0,226.9995347635934,0.0005365758204037938,0.029651337504280294
820.5,223.4610731359019,0.0005321620231223779,0.02941060822745087
821.0,223.33247769622682,0.0005414692397461391,0.02991822525216132
821.5,229.98564842017038,0.0005607430234469821,0.03096941953237378
822.0,241.18775742223303,0.0005697308725344959,0.03145961803712844
822.5,243.4323816375047,0.0005594916403846145,0.030901169148554352
823.0,239.41243270559235,0.0005532501475876408,0.03056075694938265
823.5,236.9188580561413,0.0005642978003373747,0.03116329820295203
824.0,234.80064968518653,0.0005753538723773068,0.031766298220221735
824.5,237.12391844817628,0.0005795335749363354,0.031994259267310074
825.0,240.4802879810868,0.0005709937138858803,0.03152849379002942
825.5,239.76339505819266,0.0005596386816567784,0.030909189174349653
826.0,236.92308842898032,0.0005490869798373346,0.03033369802417202
826.5,236.2469544848453,0.0005575545109287375,0.030795518471464535
827.0,236.76654752541629,0.0005772371723938042,0.031869013342523865
827.5,235.6276873456704,0.0005868831343885195,0.0323951054226808
828.0,234.88378704965947,0.0005864348411863162,0.032370656069563394
828.5,233.5104165082399,0.0005859376404862952,0.032343538174013385
829.0,230.3676988169333,0.000581725151846273,0.03211378843040599
829.5,226.1347621234637,0.0005649112171812146,0.031196754191035292
830.0,225.89644003475595,0.0005393727149992682,0.029803880396272596
830.5,225.97940483647108,0.0005216148034230481,0.028835360847016794
831.0,227.74327943560667,0.0005156147784383809,0.028508119030351293
831.5,227.22837425936982,0.0005171099381038143,0.02858966532515202
832.0,221.92919300336075,0.0005337540555750079,0.029497437654384367
832.5,216.9500564030972,0.0005509291645154355,0.030434169881710507
833.0,218.54795643358506,0.0005576082365265114,0.03079844791751248
833.5,220.7474221491229,0.0005530337403571426,0.03054895446679197
834.0,222.00499636472708,0.0005403622085527893,0.029857846367951395
834.5,218.17366070919104,0.0005463890473205263,0.030186550679661136
835.0,214.03541905840277,0.0005593489900274224,0.03089338763167363
835.5,213.51070233803242,0.0005646921308053386,0.03118480301349728
836.0,214.40459980437862,0.0005651482777717413,0.03120968106391648
836.5,217.5945623627836,0.0005654853317092228,0.03122806371636713
837.0,217.2399071262601,0.0005597694784646175,0.030916321566498615
837.5,216.0940367204676,0.0005418669563916513,0.02993991635815931
838.0,218.79394904084987,0.0005092683758911778,0.02816198551780083
838.5,220.71648350927703,0.0004853986987131386,0.026860129994910695
839.0,219.8403155387852,0.00047170377676622347,0.026113206838199697
839.5,222.26904320719282,0.00047764308196899613,0.026437137623040754
840.0,224.8675372894311,0.0005144853052960042,0.028446516655579436
840.5,226.61871972602307,0.0005674614918110765,0.03133584386284819
841.0,228.51499240380357,0.0006011968462335489,0.03317577482403115
841.5,229.4470149086949,0.0006062383462730991,0.033450739908396164
842.0,229.19082566068454,0.0005907928631954959,0.032608341373446245
842.5,231.63699520627824,0.000550590423396221,0.03041569506333924
843.0,231.99844591462363,0.0005164945473468711,0.028556101678059907
843.5,231.6255042580965,0.0004963818746245288,0.027459153458587487
844.0,228.03434658958528,0.0004842456054716808,0.026797239072541935
844.5,223.91077638336637,0.0004775590407488402,0.02643255247349237
845.0,219.8090944327544,0.0005127183158596706,0.028350144333386767
845.5,220.08185286703502,0.0005664556330677737,0.03128098533053418
846.0,227.9587486357124,0.0005980415233961923,0.03300368474911588
846.5,231.13941100652818,0.0005940050009592325,0.03278353296695976
847.0,232.92782217335775,0.000583560594005279,0.03221389429884201
847.5,229.0583690317159,0.0005637451674093452,0.031133158037496205
848.0,225.56833361466474,0.0005319674883897756,0.02939999835924749
848.5,225.3115149479988,0.0005069282751928729,0.028034356281744152
849.0,231.2622365657204,0.0004922957949481947,0.02723629864451563
849.5,232.66089990265078,0.0004986618335888215,0.027583503243963838
850.0,233.5008427868532,0.0005475907083253177,0.030252090513027474
850.5,235.42620820197936,0.0006128531971310914,0.03381151427930797
851.0,232.82890616648993,0.0006416814592584199,0.035383810814054485
851.5,229.89951260207894,0.0006408876424639166,0.03534051586376289
852.0,225.36835099160672,0.0006327334193382981,0.034895784945458884
852.5,225.79558446410786,0.0006072252600829509,0.03350456791240113
853.0,231.1622491660235,0.000563924794602607,0.0311429542030198
853.5,235.00297068788717,0.0005264121805931783,0.02909701127677704
854.0,231.5589674881249,0.0005071051423593312,0.028044001831852995
854.5,227.83691834500615,0.0005128215190107918,0.028355771910029647
855.0,225.26263941198206,0.0005347192000865402,0.02955007405803449
855.5,225.63955875493474,0.0005694419190646093,0.03144385787471681
856.0,230.27655555572352,0.0005956068992872254,0.0328709006775899
856.5,235.00576476960083,0.0006074050303095421,0.033514373324926065
857.0,237.4478764180004,0.0005998840846194512,0.03310418004651168
857.5,235.2011299081526,0.0005826636620828741,0.03216497537026129
858.0,229.7147542574541,0.0005515874944789182,0.03047007653060539
858.5,225.76505922387125,0.000536215259067526,0.029631672277200274
859.0,228.61711739066362,0.0005260829531384408,0.029079054479627563
859.5,237.52406987606827,0.0005188467835668882,0.02868439355660743
860.0,239.1371502912193,0.0005126288744912023,0.02834526817876247
860.5,240.88024934823665,0.0005131956745490618,0.028376181364978527
861.0,241.07575130302706,0.0005281666848379872,0.029192702055318674
861.5,239.71149272751072,0.0005479673967724103,0.03027263495945885
862.0,236.94591019345546,0.0005513319815508421,0.030456140458246933
862.5,233.21031678365182,0.0005410918549479672,0.029897642491201894
863.0,228.32341954584044,0.0005283782325299583,0.029204239943816483
863.5,228.17053149664744,0.000522867339987597,0.028903675387359
864.0,234.11199183229164,0.0005239090599037229,0.028960491115297773
864.5,240.87517905119094,0.0005349718331508145,0.02956385602717614
865.0,241.47637036810045,0.0005469984321418974,0.030219788382525575
865.5,239.8920205312899,0.0005732069375433309,0.031649203581806784
866.0,238.1686170295974,0.0005983274742560464,0.03301928088381489
866.5,234.02565125803497,0.0006019201093015433,0.03321522418113532
867.0,229.98907043381007,0.0005776130670391706,0.03188951433209261
867.5,234.58786603927695,0.0005552075255839137,0.030667512030643787
868.0,236.90832996412476,0.0005422688617004865,0.02996183527581336
868.5,235.07201656063305,0.0005310659372090948,0.029350826922469896
869.0,235.8556566745554,0.0005169618756912503,0.028581590426245643
869.5,236.06638717621968,0.0005241326085826478,0.02897268313034429
870.0,231.53419501906598,0.0005607926058055274,0.030972124364632897
870.5,227.4475227281486,0.0005915686557756534,0.0326506555604158
871.0,227.2247742358146,0.0005994879046338698,0.03308257199152944
871.5,226.99629561866405,0.0005942807689664749,0.032798574370251986
872.0,229.5904478693698,0.0005591981448762169,0.030885162644633053
872.5,237.8458217402345,0.0005288222312392923,0.029228455379329346
873.0,244.42974047292824,0.000513195151781347,0.028376152092319227
873.5,243.54126632377472,0.0005032172876967325,0.02783195771298261
874.0,239.92886710918881,0.0005006230542668025,0.027690468236122544
874.5,235.51043773817455,0.0005114157424842617,0.028279103472394044
875.0,229.99495153583626,0.0005507235568791456,0.030422957310049067
875.5,224.92216678425473,0.0005805571214816349,0.032050083919641315
876.0,221.69265912560905,0.0005954120182086462,0.03286027276519344
876.5,229.88204374400996,0.0005887435453666017,0.03249657293011555
877.0,236.2472713485294,0.0005600266401836215,0.030930348027700585
877.5,231.68947689745968,0.0005400353701456915,0.02984002131246871
878.0,231.8236305374398,0.000518061801046065,0.02864157974149596
878.5,236.99011162437088,0.000509873216030234,0.028194973239874094
879.0,236.10811346419752,0.0005302255855143486,0.02930499448075792
879.5,234.30868476923072,0.0005652154984687966,0.03121334932104506
880.0,237.07901674711115,0.0005780360557433657,0.03191258432666322
880.5,236.4150897265964,0.0005756173643067575,0.031780668750529956
881.0,232.80438619232515,0.0005515768440593505,0.030469495747478915
881.5,229.4479976826463,0.0005219248017822514,0.028852268512450662
882.0,224.59879860762015,0.00050805701537482,0.02809591678856694
882.5,222.80148481497207,0.0005088418592124765,0.028138723604828927
883.0,225.86962940848213,0.0005083379162276786,0.02811123846830357
883.5,230.23979070119321,0.0005043159861356463,0.0278918823162787
884.0,233.9624733824045,0.0005023412284529614,0.02778417750836236
884.5,234.05813292950742,0.0005075769818668918,0.028069736676889476
885.0,232.62401870125797,0.0005168162072602811,0.028573645743070246
885.5,228.48269442425783,0.0005247526351535314,0.02900649942528148
886.0,226.05606269239752,0.0005301549964721691,0.029301144853501687
886.5,225.40086330103,0.0005314774464237027,0.02937327150942965
887.0,228.7137032117858,0.0005211691683004497,0.02881105653912418
887.5,229.82240274429165,0.0005087243710198989,0.02813231574783661
888.0,228.1715336620239,0.0004975995601841171,0.027525566554968163
888.5,228.0537377546491,0.00048279932556496416,0.02671835950411088
889.0,234.28651224419937,0.0004892196189838953,0.027068523027022902
889.5,232.59174222207545,0.0005272879115232288,0.029144772901594306
890.0,227.98796302952957,0.0005651649688718658,0.031210591859750187
890.5,224.88745593958822,0.0005961079710428163,0.03289822629150928
891.0,222.2758517186831,0.0006292191173834986,0.03470411254638742
891.5,224.74713428556134,0.0006386497887677879,0.03521846561155558
892.0,225.84889536579527,0.0006188208422297895,0.03413699291463592
892.5,225.0260118896964,0.0005719786752574333,0.03158221414084148
893.0,224.2174113318676,0.000519929764454696,0.02874345936973496
893.5,223.3507275099758,0.0004958261415916451,0.0274288445934669
894.0,224.61615920158198,0.0004967305560703599,0.027478170999053326
894.5,229.831884024902,0.0005132123600927376,0.02837709020848745
895.0,230.9636242679486,0.0005495729790946451,0.03036020217094191
895.5,226.5895847295793,0.0005894686395037312,0.032536116226563494
896.0,223.86879691326706,0.0006128476987439202,0.03381121449818041
896.5,224.8280889535935,0.0006049945570682921,0.03338290472120161
897.0,226.44571234912206,0.0005878211532976881,0.03244626573363945
897.5,226.0670371581883,0.0005700518045331624,0.03147712280431934
898.0,224.80665385343642,0.0005492458364886473,0.030342362593137245
898.5,226.22764602057788,0.0005382244598952937,0.029741254697546345
899.0,227.4507556084337,0.0005275060124936318,0.029156666917831336
899.5,226.4390763283214,0.0005082486960442547,0.02810636942108692
900.0,224.42195403894735,0.0005099588030393646,0.028199639290290467
900.5,219.1472286889922,0.0005649519662468788,0.031198974219273028
901.0,215.65956679431886,0.0006027696103336071,0.033261554048298836
901.5,218.13582004265862,0.000607257066926485,0.0335063014218536
902.0,224.3426535518959,0.000592696414889771,0.03271216171180942
902.5,224.53537789081236,0.000566299727737374,0.031272483573774705
903.0,222.91509236851968,0.000529814386494963,0.029282567942329606
903.5,223.70586815370984,0.000498613490157213,0.027580866565038872
904.0,227.556389558498,0.0004889258235288964,0.027052498494262923
904.5,231.5731792913249,0.0004905955635940344,0.02714356455959699
905.0,235.4209188617642,0.0005152816380026583,0.028489948014181636
905.5,234.1944256141467,0.0005718993031838043,0.0315778832265187
906.0,233.6249704841977,0.0006112145233671013,0.03372213923338749
906.5,234.06721945889132,0.0006301650966433939,0.03475570626681625
907.0,233.7730338613183,0.0006365377754092735,0.035103273073476444
907.5,236.223207391404,0.0006233813925125901,0.034385724923204776
908.0,230.22276452329297,0.0005842081605858075,0.03224921221691234
908.5,226.98087934446156,0.0005111479398588136,0.028264496948326195
909.0,233.58806069727413,0.0004479346850024598,0.02481683723778567
909.5,237.76506280619836,0.00043262443805548186,0.02398181400403677
910.0,238.79546551501815,0.0004378863974096038,0.02426880165833173
910.5,237.59413347181,0.0004689487219189545,0.02596294539278609
911.0,236.4282453922901,0.0005215737472704212,0.02883312114638407
911.5,234.3123522493304,0.0005776194086360242,0.031889860232657344
912.0,232.80896965363314,0.0006017056676572033,0.033203528548008385
912.5,239.04416518200594,0.0005834390035963002,0.03220726279133194
913.0,240.6621947370796,0.0005407444344388578,0.029878695001461203
913.5,238.73232391970848,0.0005124586038679651,0.028335980800275874
914.0,235.26652808538248,0.0005036810371520165,0.027857249558375916
914.5,235.80969599195743,0.0005047631222474222,0.027916266636706582
915.0,235.95501951878927,0.000500018551106303,0.027657498146632518
915.5,232.05893809639682,0.0005119155740246362,0.028306362568112867
916.0,235.95401608712467,0.0005551562098008569,0.03066471394173965
916.5,241.66222680575805,0.0005952554711570682,0.03285173447052313
917.0,243.82209909909412,0.0006086392826841435,0.0335816897005194
917.5,245.30569931044207,0.0006134942110384557,0.03384647761882753
918.0,241.75156901057696,0.0005847739104810675,0.03228006642664636
918.5,239.39694196065054,0.0005668993375821678,0.03130518438278556
919.0,235.3459548463659,0.0005578675174390223,0.03081258865236287
919.5,232.28055128166713,0.0005553038250553348,0.030672764790889633
920.0,232.07038670814913,0.0005435053308838365,0.030029273780868115
920.5,233.17637851349727,0.0005299333011894424,0.0292890533465051
921.0,234.89318917602054,0.000521503672700281,0.02882930036335659
921.5,234.00009309616613,0.0005092777325636341,0.028162495292793546
922.0,230.2094903200464,0.0005000202045839,0.027657588109838583
922.5,226.0824877565095,0.0005136042993954383,0.02839846600725711
923.0,225.78479026840384,0.0005611434376399762,0.030991255979754426
923.5,228.88036062513785,0.0006057554308971531,0.03342440223908405
924.0,225.0154029204222,0.0006070802557361531,0.033496660163079915
924.5,229.80501571627852,0.0005827950653914658,0.03217214196678587
925.0,233.96760236037792,0.0005470231698168139,0.030221137951809713
925.5,234.69152578912988,0.0005063761233687001,0.02800424148836219
926.0,235.20906079678286,0.0004775646790750956,0.026432860999968083
926.5,234.05046738104195,0.000470763744001085,0.026061937055782084
927.0,230.04393714770904,0.0004842319595493537,0.02679649549956599
927.5,224.3637259788494,0.0005164260382719151,0.028552365976044682
928.0,220.80983921566556,0.0005419172912098583,0.029942662668269084
928.5,225.6499779808692,0.0005537847048615684,0.030589913224295166
929.0,227.93181874030142,0.0005359100023528621,0.02961502410397026
929.5,227.64389711460268,0.0004958556069050938,0.027430451425012294
930.0,227.8220231304459,0.00046167003104199055,0.025565964921834713
930.5,226.31970070668297,0.0004527024672301248,0.025076873108360563
931.0,226.4921508204692,0.0004513734136064368,0.02500438547189698
931.5,231.20685583275232,0.0004491340213868069,0.024882248798927042
932.0,233.3818797413702,0.00046323710991969837,0.02565143245505259
932.5,232.04756381759367,0.0005094790072068993,0.028173471726467277
933.0,228.1888572665035,0.0005702012447295344,0.03148527236144873
933.5,218.46501251218888,0.0005972403284987197,0.032959987342362745
934.0,220.6022293266306,0.000597691533485975,0.03298459593680298
934.5,219.07654878296918,0.0005899774787936046,0.032563870856512904
935.0,220.49244987743677,0.0005613577229619455,0.03100294490918633
935.5,226.71034872331546,0.0005081743452530931,0.028102314396984435
936.0,234.78594164094855,0.00047226514644739233,0.026143818625752043
936.5,244.0092482176285,0.00046151304162371634,0.02555739728542857
937.0,244.50838166753437,0.0004703753568785242,0.026040748299334497
937.5,240.34184583957466,0.0004936118667107457,0.02730806624336425
938.0,234.36764913522535,0.0005343396379504947,0.029529363724871537
938.5,229.13492212556358,0.0005626761444366445,0.031074844810030887
939.0,226.6621197139388,0.0005566579329558881,0.03074661438413911
939.5,223.38836667029446,0.0005373332854790928,0.0296926479176992
940.0,221.3579149226911,0.0005204196393583742,0.02877017471718198
940.5,221.046876742604,0.0005114230491468293,0.028279499240728697
941.0,225.18953141567826,0.000515985825921237,0.02852835368538607
941.5,229.73116190218025,0.000527261134225477,0.02914331074767886
942.0,234.75874522578727,0.0005431391257633131,0.03000929922278369
942.5,237.78790225310524,0.0005548396032342914,0.03064744499488554
943.0,236.90482653464431,0.0005465062303582148,0.030192940457825897
943.5,233.63594698479884,0.0005212424557379459,0.02881504966331799
944.0,231.95669778403553,0.000499716553311617,0.027641023746529457
944.5,229.05784651402362,0.0004949555191699728,0.027381356587421926
945.0,225.92811323922055,0.0005081810231659243,0.02810267820526202
945.5,226.4498975697966,0.0005329299751401477,0.02945249056309923
946.0,228.31866090167708,0.0005420051838252547,0.029947455465036233
946.5,230.61789897411782,0.0005373704309636671,0.029694676038292064
947.0,232.3741605495488,0.000516557556941273,0.02855953847298849
947.5,231.2185059275782,0.00048818252860204455,0.027011960678054222
948.0,228.23773696577354,0.00046327655756550466,0.025653585263026024
948.5,226.0276367741443,0.0004567284276044342,0.025296448390995784
949.0,224.20345440527274,0.00047742230065275353,0.026425095483746185
949.5,220.67185814334906,0.0005167191756030155,0.028568353571214733
950.0,216.88641305670345,0.0005390995268901639,0.029788981361184613
950.5,217.7811274573336,0.0005413393725773925,0.029911142415690883
951.0,221.88738766645614,0.0005394551421228907,0.02980837527766617
951.5,226.0213435305936,0.0005279329452409784,0.029179951944351946
952.0,226.6469682831101,0.0005112939092203451,0.028272456146311683
952.5,222.86964091646573,0.0005010620155169552,0.02771440587899514
953.0,219.54227901417144,0.0005003091078800091,0.027673340929844477
953.5,221.89537642386534,0.0005065449636822841,0.028013447699853592
954.0,223.1684529438498,0.0005218904417089257,0.028850394860991915
954.5,219.53361201134388,0.0005257440103839441,0.029060569899650956
955.0,220.1803138688264,0.0005261699158591038,0.029083798326095835
955.5,223.45687412548799,0.0005327297326372017,0.029441571209870947
956.0,225.5065080745214,0.0005462019894044053,0.030176349286595232
956.5,225.6034270299119,0.0005513708113973876,0.03045825629732048
957.0,224.01480041031851,0.0005390768416343485,0.029787741357600386
957.5,223.0612654757333,0.0005159349115471468,0.02852557813349625
958.0,223.48003944868466,0.0004873176392923934,0.0269647889105762
958.5,226.87075722571964,0.00046013960165360094,0.025482494843726396
959.0,231.20747191062037,0.00044790387602413044,0.024815154207237324
959.5,233.95317462251182,0.0004632782889548693,0.02565367439677259
960.0,233.1993267762621,0.000508285201076222,0.028108357721429306
960.5,229.59612486092678,0.0005622027460365868,0.031049030468062178
961.0,227.31048712444928,0.0005910852128009879,0.03262428637454772
961.5,226.60539523754247,0.0005924786020495699,0.032700283021683416
962.0,223.29508067469638,0.0005692828924934924,0.03143518600852604
962.5,217.93057733916513,0.000514451813454597,0.02844469114028516
963.0,217.88297138424642,0.0004666540297761973,0.02583779247064391
963.5,220.37783036082777,0.00045422261719060814,0.025159781907498933
964.0,226.30200287395883,0.0004506826828228873,0.024966712676417473
964.5,232.8542768525956,0.00046843384682491475,0.02593486313959473
965.0,230.83674011385506,0.000533012377846332,0.029456984633814045
965.5,232.199460778392,0.0005935253490245521,0.032757371170535704
966.0,236.54896715802198,0.0006049214305640079,0.03337891319039682
966.5,239.9564388799145,0.0006111332146395418,0.033717702814949325
967.0,242.62123013524044,0.0006199593968623347,0.03419908237829857
967.5,238.64337512769458,0.0006225134514474198,0.03433837879523187
968.0,231.04284138739936,0.0006101140527482937,0.03366211705218741
968.5,229.14528945675812,0.000588606925424961,0.03248911892798549
969.0,232.33236120341786,0.0005576559844555158,0.030801050178777864
969.5,236.15423357935086,0.0005141224606018624,0.028426724133736828
970.0,243.96160914113022,0.0004823616580864555,0.026694483139305236
970.5,246.4229538461692,0.00046668849751857483,0.025839658501647763
971.0,241.85471778401364,0.00046291693068596705,0.025633949997832944
971.5,235.08792064262576,0.0004965728831670942,0.027469559916243988
972.0,231.03004382320532,0.0005353686507755778,0.029585493035756465
972.5,228.23714028742359,0.0005385469848008577,0.029758844103386757
973.0,231.93551837813365,0.000523716861638932,0.028950007183484377
973.5,233.06206170706167,0.0005105873782254525,0.028233923552993895
974.0,230.02757757438502,0.00048553358038995047,0.026867484375869423
974.5,229.47457836743996,0.0004860178898898094,0.02689389744150787
975.0,232.02250543023465,0.0005151048180122873,0.028480301355228166
975.5,234.54926526333892,0.0005633647749523188,0.031112406573889695
976.0,234.31557664776494,0.0005855067271941961,0.032320032192613556
976.5,232.90217444202491,0.0005823075233880719,0.03214554763013696
977.0,233.2148752133777,0.0005729269040254246,0.03163392790829302
977.5,232.90160831587335,0.0005513514452857974,0.030457198820556166
978.0,229.6905428755466,0.0005245279093257092,0.02899423916196286
978.5,227.04975169120567,0.0005107111698141678,0.02824067387850452
979.0,227.55863771676027,0.000495728934415831,0.027423541260342826
979.5,231.27790532498344,0.0004863382011295579,0.026911367965196657
980.0,232.9093792072367,0.0004939948605318194,0.02732896230746973
980.5,233.85168030510803,0.0005258064308600108,0.029063971465334338
981.0,235.63439117773896,0.0005661554211745257,0.03126461267789188
981.5,237.08600610797296,0.0005967105415823793,0.03293109426407001
982.0,239.3877356838287,0.0006091387443846254,0.03360893019562949
982.5,239.76541451034063,0.0006068008867871044,0.033481420592376306
983.0,237.3329973528372,0.0005792588850149438,0.031979275142719595
983.5,235.2476961529499,0.0005456607159967927,0.030146826832441898
984.0,235.24357182823127,0.0005201177719746575,0.02875371271744135
984.5,234.9219490268551,0.0005032306184312029,0.027832685416310173
985.0,232.1253460304551,0.0004896127113668613,0.02708996229263916
985.5,226.99737495787687,0.0004874697224021345,0.02697308376671257
986.0,229.9215785616739,0.0005120589867630078,0.028314185840137174
986.5,233.66075646615354,0.0005497958434070218,0.030372359793865183
987.0,238.20509341133624,0.0005675569059319032,0.03134105076550647
987.5,240.24813351362118,0.0005552275174870945,0.030668602864222037
988.0,240.59135830340583,0.0005303943089080872,0.029314195277867248
988.5,234.65715450657385,0.0005139716413167452,0.02841850053230362
989.0,229.3450193773444,0.0005157228131084397,0.02851400911084224
989.5,229.03435826221974,0.0005220149577435878,0.02885718459527747
990.0,229.18801027151557,0.0005214972850520246,0.02882895199512019
990.5,227.60708014997695,0.0005109963610488806,0.0282562302367063
991.0,227.32151485685418,0.0004965054078647721,0.02746589124529758
991.5,227.11433243229382,0.0004887256621707019,0.02704158153487896
992.0,229.9933680354946,0.0004886295655487817,0.0270363412660961
992.5,231.32925173276072,0.0005006388551622789,0.027691329985540324
993.0,229.2217052185064,0.000532535810390116,0.02943099426842133
993.5,223.2272413869766,0.0005653663970963364,0.0312215794456197
994.0,222.6126574995603,0.0005883621758136485,0.03247577243973865
994.5,227.3658919360904,0.0005895428416817846,0.03254016458314886
995.0,230.31173337677615,0.0005677901930003083,0.03135377273096605
995.5,230.409958630552,0.0005344193777243507,0.029533723846633806
996.0,229.90381683149272,0.0005101715312469696,0.028211242004542402
996.5,229.33417786380818,0.0005118830780341084,0.028304588693720923
997.0,227.25825887260015,0.00055285344303505,0.030539118387860605
997.5,223.76946942945722,0.0006054883525087175,0.03340983505729077
998.0,222.56465378935712,0.0006266956231455146,0.034566483174480606
998.5,223.65656596830388,0.0006195982822355059,0.03417939394938066
999.0,225.14709255980455,0.0006114393587705255,0.033734405242941724
999.5,226.13273330076424,0.0006017651758639866,0.033206773280943215
1000.0,225.24972309876054,0.0005879217723239662,0.03245175156595469
1000.5,221.45961317834764,0.0005720821983936959,0.03158785916425214
1001.0,216.9765308175057,0.0005475510865410238,0.030249929908165354
1001.5,214.88408586922495,0.0005163439857282726,0.02854789007126094
1002.0,216.61018508222412,0.0004896724505990584,0.02709322092717296
1002.5,217.58559907382025,0.00047859782388192664,0.026489208793029174
1003.0,218.54539198512137,0.00048214052769185575,0.026682427756754102
1003.5,222.05214308759665,0.000493194903631794,0.027285335511649085
1004.0,227.1980020598877,0.0005020872795819941,0.027770327168408385
1004.5,228.58843504342073,0.0005098593384651686,0.028194216419199527
1005.0,226.3004915386066,0.0005186577026996419,0.028674079547574133
1005.5,228.9514409060024,0.0005262434586466594,0.02908780587259345
1006.0,230.88708540305825,0.00053721708146026,0.029686307599867824
1006.5,230.41654121424057,0.0005591767006121184,0.0308839889040809
1007.0,223.8231384015903,0.0005835778271282312,0.0322148305547714
1007.5,219.83814486748986,0.000598301248334006,0.03301785014727889
1008.0,223.58208198407078,0.0005870409913097345,0.03240371484495576
1008.5,227.31339025423756,0.000564217073411763,0.031158895839481462
1009.0,230.5377000311606,0.0005466795559358399,0.030202397269615863
1009.5,233.81667926702107,0.0005354592499489368,0.029590439579361742
1010.0,237.99128286442598,0.0005283742106542673,0.029204019415596676
1010.5,242.26918640139112,0.0005201787160741474,0.028757034838117035
1011.0,241.25385373134338,0.0005147080747945343,0.028458665241035113
1011.5,236.8439220880191,0.0005168453818340439,0.02857523513474213
1012.0,231.5542396790872,0.0005225254667241004,0.028885028914494917
1012.5,229.2235642208061,0.000527926816706414,0.02917961993297695
1013.0,228.85706798114202,0.0005408879553242873,0.029886522533486136
1013.5,230.0898303567367,0.0005581290889226825,0.030826856417851004
1014.0,230.65601502396004,0.0005757357065548544,0.031787123117353246
1014.5,228.32291341985086,0.0005947148618661387,0.03282224759264604
1015.0,224.64247233216273,0.00060260485948868,0.033252569587041335
1015.5,220.7988117675485,0.0005910533265951176,0.03262254829928793
1016.0,221.6108784163034,0.0005622703891299039,0.03105272274481254
1016.5,224.1098716627672,0.0005378303497477096,0.029719759568565537
1017.0,228.76257168665498,0.0005269949438006979,0.02912879495377236
1017.5,234.00539959057937,0.000529551675786356,0.02926823937836806
1018.0,235.3702580782575,0.0005471390840940629,0.030227458062451792
1018.5,234.82890718322489,0.0005780613907064393,0.03191396100852225
1019.0,237.19705576338663,0.0006069131116776955,0.03348753666063691
1019.5,237.93769899167273,0.0006282877314482267,0.03465331260861699
1020.0,238.5241040137799,0.0006316878530657815,0.03483875900935425
1020.5,241.56618742354405,0.0006123955262955603,0.0337865546872644
1021.0,238.49098677611806,0.0005757052738462992,0.0317854636040023
1021.5,229.08747090062985,0.0005275997421755458,0.02916178085201364
1022.0,225.4362534275835,0.0005027089505614328,0.027804233336655854
1022.5,228.52117375000026,0.0004955065955882349,0.027411415749999977
1023.0,233.99829921004942,0.000498571049267122,0.027578550785150428
1023.5,237.0297583336455,0.0005184577635912323,0.028663174563506914
1024.0,237.59744350087217,0.0005682949179502773,0.03138129990143883
1024.5,236.04347311120102,0.0006061245993914878,0.03344453653060471
1025.0,235.16351710737538,0.0006218317525770048,0.034301207843926165
1025.5,233.3552079610418,0.0006180849215231017,0.03409685580197733
1026.0,228.151561031553,0.0006012874691582512,0.033180720076310614
1026.5,227.5076540750103,0.0005695581456531129,0.031450198303652324
1027.0,225.3847782000617,0.0005352067058997079,0.029576665593994873
1027.5,222.73620059184717,0.0005205686075882347,0.028778301185139285
1028.0,225.70346787661234,0.0005300663783310407,0.02929631067171111
1028.5,229.1529003704087,0.0005390572310297156,0.029786672882274056
1029.0,229.45492425232197,0.0005391556409442725,0.029792040618575853
1029.5,225.50923856170047,0.0005379907773772183,0.029728509350804788
1030.0,226.17268997403568,0.0005404060449814543,0.029860238640207724
1030.5,230.6468260842854,0.0005531781235112214,0.030556829105463645
1031.0,233.07532320341159,0.000566187311769595,0.031266351674152384
1031.5,233.84221743701644,0.00057013703411643,0.031481769622278236
1032.0,235.96000453474653,0.0005574542661032604,0.0307900490231646
1032.5,238.10570791519464,0.000539204803749114,0.02979472060353342
1033.0,238.14128400119617,0.0005326417662081333,0.029436771766746375
1033.5,233.10839115865713,0.0005177922747815712,0.028626879095412946
1034.0,231.44280289175765,0.0004966746741708035,0.02747512296395229
1034.5,236.62897895082008,0.00047799138610710255,0.026456133644043648
1035.0,237.7255372843345,0.00048659510160099594,0.026925382367348965
1035.5,230.28063142857258,0.0005116432183046433,0.02829151024268482
1036.0,226.54329047374975,0.0005495494054099626,0.030358919239280847
1036.5,229.35257272888987,0.0005730858737521075,0.03164260144252019
1037.0,231.63349726312603,0.0005899111750573318,0.03256025540525041
1037.5,229.83560902035975,0.0005895867800071615,0.03254256371812971
1038.0,226.3504934713935,0.0005608850515404423,0.030977166558448337
1038.5,224.16645686252295,0.0005303417093373089,0.0293113276730807
1039.0,230.4182935655476,0.0005037686454558586,0.0278620286296565
1039.5,234.45466770991277,0.00047524920213794876,0.026306574918680842
1040.0,236.15008000668857,0.0004498461919901222,0.024921090894011157
1040.5,234.7042062570532,0.0004548859063248686,0.025195957547308964
1041.0,233.10343729691195,0.000490305470670731,0.027127745673780457
1041.5,234.51909979047815,0.0005401965166250276,0.029848810601711753
1042.0,231.23278864625385,0.000569243148714621,0.0314330182845179
1042.5,224.8960625284463,0.000571993624772423,0.03158303023125836
1043.0,227.88571937015067,0.0005479559528849752,0.030272012031988003
1043.5,235.01602847972313,0.0005196430036995641,0.028727819245706526
1044.0,237.94172430409395,0.0004973322731690329,0.027510988187442968
1044.5,236.0461667907238,0.0004891510326154854,0.027064782758462688
1045.0,235.52407105263157,0.0004910866107894739,0.02717034910526317
1045.5,236.71347151610388,0.0004933075483228597,0.027291479212882972
1046.0,239.26005820220004,0.0004963314744923862,0.02745640511886635
1046.5,234.595797720017,0.0005080763319206518,0.028096971687466322
1047.0,224.13567651117359,0.0005325930394159832,0.029434116354944227
1047.5,222.6084726919561,0.0005606640121206537,0.030965110872943086
1048.0,227.46457993621667,0.000573556318362163,0.03166825844021626
1048.5,234.55430059217363,0.0005565101421081344,0.03073855851658076
1049.0,241.72996418763452,0.0005215002444672726,0.028829113293788258
1049.5,242.42386433998436,0.000499684874648119,0.027639299725869666
1050.0,239.36109916497074,0.00050041955907185,0.027679369252696918
1050.5,234.3227561070962,0.0005208386915712398,0.02879303061695132
1051.0,231.10581520039426,0.000553819013919185,0.030591783368593937
1051.5,226.25354484609568,0.0005641178010932816,0.03115348151811191
1052.0,227.67641650741533,0.0005493285039468723,0.030346871326543904
1052.5,229.1240962450725,0.0005248918616250504,0.02901409328843603
1053.0,229.12421182733672,0.00051164221117325,0.02829145426300352
1053.5,230.13624293076919,0.0004994514681855208,0.027626569460362013
1054.0,226.8246021152477,0.0005003644658446665,0.027676363243020728
1054.5,224.0173502455002,0.0005279581315595008,0.029181326445832823
1055.0,222.69745162912756,0.0005651330560894842,0.031208853188748574
1055.5,223.62094806421996,0.0005778467309999985,0.031902259408256806
1056.0,225.4499746369197,0.0005652007806220129,0.03121254739184018
1056.5,225.6413428035357,0.0005303862872481689,0.029313760294863437
1057.0,221.87510279744185,0.0005101984407561124,0.028212711654929404
1057.5,220.37280138601014,0.0005052438121901151,0.02794248558310081
1058.0,221.45663877589095,0.0005148617061184781,0.02846704667937048
1058.5,221.92840899160973,0.0005286326036140484,0.029218112495960357
1059.0,224.51656745443296,0.0005421945807321896,0.02995778521261405
1059.5,225.7614993946771,0.0005556530329763902,0.03069181129981372
1060.0,225.01036225190833,0.000564780359047578,0.031189617920468732
1060.5,223.26387356148481,0.0005718130823781904,0.03157318351972159
1061.0,224.0280130015909,0.0005698371975372834,0.03146541846500296
1061.5,224.49435438379004,0.0005570293858952418,0.03076687821655258
1062.0,226.05743854021873,0.000548363710188678,0.030294250789473617
1062.5,226.71291286984012,0.0005534790449654368,0.03057324125202456
1063.0,223.03886242306874,0.0005543974180792745,0.030623329487874464
1063.5,219.33478645506437,0.0005425647258131247,0.029977972904422286
1064.0,219.76372236496147,0.0005299560585110044,0.029290294504076504
1064.5,223.97205967597358,0.0005253642678398202,0.029039858237314017
1065.0,228.40636118402276,0.0005238134938231098,0.02895527871112696
1065.5,230.18907961679542,0.0005220057893477378,0.028856686447819014
1066.0,233.5055707845939,0.0005209107296902383,0.028796961812003252
1066.5,233.5387491490858,0.0005221005700703234,0.028861855604078758
1067.0,228.0103198267566,0.0005290343467305898,0.029240024546599897
1067.5,227.21365628809156,0.00055545900405771,0.030681229418630072
1068.0,230.82950676625947,0.0005854190376968722,0.032315254373170475
1068.5,231.35498942607003,0.0006158565634630345,0.033975321571984414
1069.0,227.797928211558,0.0006114232512713035,0.03373352816297752
1069.5,228.04160035616837,0.000585889275723056,0.03234090107893199
1070.0,224.68853126582226,0.000542500447626576,0.029974468136075606
1070.5,218.8384682580625,0.0004957684357220206,0.027425697307330788
1071.0,221.5495876126574,0.00047139542777588887,0.026096389241237875
1071.5,225.00408994594537,0.0004900874079729699,0.02711585170540524
1072.0,228.11862908336738,0.0005168910213759638,0.028577724111088776
1072.5,228.63874682891975,0.0005619115134254094,0.03103314796599325
1073.0,230.4333743941501,0.0006023111313300765,0.03323654938231158
1073.5,234.11130882028561,0.0006197053986213241,0.03418523408347754
1074.0,237.4996994503895,0.0006221644128917582,0.03431934887327557
1074.5,236.55037020012097,0.0006156958788872028,0.033966554884879645
1075.0,229.9426998806109,0.0006010243227625485,0.03316636300011062
1075.5,223.95838401718328,0.0006000697550303252,0.03311429697573975
1076.0,224.38932115829132,0.000597784481151759,0.03298966138954775
1076.5,228.27553891552208,0.0005932221811505862,0.032740836514432825
1077.0,231.74157979501993,0.0005855266876207038,0.032321124691061284
1077.5,228.7855061800889,0.0005802548902982839,0.03203359883519756
1078.0,227.1544782603737,0.0005745915009460591,0.03172471614066395
1078.5,230.06358538692896,0.00056452179117635,0.031175513752178505
1079.0,233.50855478115398,0.0005462411344619277,0.03017848498544039
1079.5,232.96714490942824,0.0005292091121693588,0.029249555223701464
1080.0,231.6357917738762,0.0005206335403770464,0.028781842896105275
1080.5,233.40843726307364,0.0005153357391879343,0.0284929005373014
1081.0,238.39501731184936,0.0005147142379176014,0.028459003894452377
1081.5,241.78203895748376,0.0005248313953435974,0.029010794799449447
1082.0,243.12124528650298,0.0005394598456510568,0.02980863158899678
1082.5,242.01938521238912,0.0005579450385044278,0.03081681511150459
1083.0,237.3974035476633,0.0005870276143900466,0.032402983158093666
1083.5,234.08708502310765,0.0006090274794070766,0.03360286094060947
1084.0,231.98192741363653,0.0006157805438036359,0.03397117510509089
1084.5,232.67510184994518,0.0005946150911927728,0.03281680816933196
1085.0,230.64542143869713,0.0005545394664006788,0.030631077759106427
1085.5,228.66489237903207,0.0005257618037514907,0.02906153989784931
1086.0,231.7084268296043,0.0005178831916480171,0.0286318385654276
1086.5,236.67790013632333,0.0005246671930914607,0.029001838223006657
1087.0,236.35920082645535,0.0005385866152780182,0.02976100527769326
1087.5,230.98502249262833,0.0005631295594424979,0.031099581434574204
1088.0,225.67918615435167,0.0005873643861558731,0.03242135362510135
1088.5,226.7328587323947,0.0005995643019718333,0.03308673880985928
1089.0,230.60304140026992,0.0006005694324538497,0.033141558083070684
1089.5,232.15490407148374,0.0005899165926721972,0.032560551026529015
1090.0,235.8815078900901,0.0005616185379700753,0.031017171028464265
1090.5,237.797421971412,0.000541057144328474,0.029895749592862696
1091.0,237.92786991272902,0.0005345122200173571,0.029538788483895823
1091.5,235.52769710701378,0.0005316836451720204,0.029384517658715067
1092.0,232.17394909236265,0.0005285017817073167,0.029210977609955995
1092.5,230.59176755998655,0.0005226490748544762,0.028891770264941094
1093.0,231.747728015267,0.0005160803526035996,0.028533510979280315
1093.5,232.8682093712893,0.0005113562162743846,0.02827585590680659
1094.0,231.95097923664125,0.0005068650297423666,0.028030905218511457
1094.5,230.7124260431409,0.0005031880077859675,0.027830360424233525
1095.0,230.69300742231925,0.0005039168478158003,0.027870112037063372
1095.5,230.1822540579932,0.0005133113322669093,0.028382487439874
1096.0,228.54481659704953,0.000535364782342693,0.029585286942232402
1096.5,229.9381306364826,0.0005701959059536243,0.031484981986876284
1097.0,234.3393973753683,0.0005940819835782816,0.03278773258991849
1097.5,235.3677474407583,0.000600785249763033,0.03315332997156398
1098.0,233.76454961495855,0.0005886659846759013,0.03249234282603883
1098.5,235.1282246817107,0.0005422740771510064,0.02996212132669075
1099.0,234.5213347501078,0.0005011627349009089,0.027719902604696478
1099.5,233.91914858521056,0.0004899515976144772,0.027108445870661087
1100.0,232.25058042115452,0.0004875553988647133,0.026977757008509257
1100.5,228.46964828947367,0.0004873525777700831,0.02696669464819945
1101.0,223.46892421304986,0.0004886012004133167,0.027034794736755297
1101.5,222.4952624170274,0.0004981153148124101,0.027553695632756153
1102.0,224.09817934672404,0.0005246582150019528,0.029001349259750533
1102.5,226.14808184092223,0.0005485148309762083,0.030302493044500896
1103.0,229.07547451618234,0.000555748390904221,0.03069701235950146
1103.5,231.58338506885943,0.000553823086836237,0.03059200335769156
1104.0,233.06827057183492,0.0005440935380537923,0.03006135135053566
1104.5,231.92346440415986,0.0005403052961364069,0.029854740297732843
1105.0,233.56474095615604,0.000537281219191996,0.029689808361032115
1105.5,231.63373848276214,0.0005256779821219803,0.02905696768877656
1106.0,231.1903308297414,0.000515175940344829,0.028484184323275936
1106.5,229.0254389680808,0.0005463935974584554,0.03018679839593324
1107.0,230.22840699352392,0.0006048641658061026,0.03337579165725851
1107.5,234.7482023929919,0.0006411555204637004,0.035355128605958824
1108.0,234.90666765602055,0.0006371888445264308,0.03513878617694561
1108.5,232.9446181940251,0.0006094492506970396,0.033625863795714965
1109.0,234.28035404241098,0.0005542890825857522,0.030617420092216362
1109.5,237.3667691214855,0.0005143215988994471,0.028437587641715195
1110.0,235.69137691747542,0.0005041665658687288,0.027883730637237
1110.5,233.5972389999996,0.000501976018823529,0.02776425801764704
1111.0,226.45403141664855,0.0005236139396290985,0.028944391244900232
1111.5,219.02776312499938,0.0005781113668582463,0.03191668537746478
1112.0,217.77483606280194,0.0006316701735909844,0.03483779315378434
1112.5,223.9930449546531,0.0006309833537736593,0.03480033708280757
1113.0,230.32970546086202,0.000606882174882776,0.033485856143978095
1113.5,231.04473799363058,0.000573165367237986,0.03164693709785762
1114.0,224.98425513308086,0.0005385795543821344,0.029760622000000278
1114.5,223.34781338466817,0.000530720884753594,0.029332008572895307
1115.0,225.28011340351722,0.0005439435288079858,0.030053173432699674
1115.5,227.5193032255975,0.0005523094278733017,0.030509449539431077
1116.0,230.04185820655198,0.0005565831577919676,0.030742539978808072
1116.5,231.61532118622208,0.0005596362124042091,0.030909054320925167
1117.0,234.1025746587979,0.0005635087257510723,0.031120260813090092
1117.5,233.88452620838345,0.0005623516265764139,0.031057151554352187
1118.0,231.380400446851,0.0005415211321628542,0.029921054449593455
1118.5,227.1071873463875,0.0005205053670510157,0.028774852247392436
1119.0,223.95037110052826,0.0005118058492887023,0.028300379594472548
1119.5,225.75461567141218,0.0005218858705877265,0.028850144244324766
1120.0,234.91486123722476,0.0005531107840975086,0.03055315471974666
1120.5,243.25586869823977,0.0005870763543896119,0.03240563793359772
1121.0,242.97771293014995,0.0006306319235240773,0.03478116209707997
1121.5,240.72317705779625,0.0006535578852482591,0.03603154928937186
1122.0,244.54691447656205,0.0006440582538593761,0.03551344222460944
1122.5,244.97591294453855,0.0006213327255376774,0.03427399095681612
1123.0,241.8669799015609,0.0005927380625040863,0.032714432290872994
1123.5,236.96537129049324,0.0005576247993192878,0.030799349178276474
1124.0,233.02142556414123,0.0005452319586155819,0.030123442311600437
1124.5,228.47017823578366,0.0005432881202335356,0.030017425661520443
1125.0,226.06030398075208,0.0005512329709273853,0.03045073955030628
1125.5,226.1350566899645,0.0005524556360588359,0.030517424438347596
1126.0,230.3667204161053,0.0005480735985481322,0.030278427796783573
1126.5,231.04457930161948,0.0005452305625708501,0.030123368663967604
1127.0,231.06287554990757,0.0005357591805341944,0.029606797673937073
1127.5,232.96483237689395,0.0005244484769065655,0.028989910585858578
1128.0,234.68939586240757,0.0005136118815133,0.02839888112341903
1128.5,235.61234239696208,0.0005086194130413933,0.028126590907443624
1129.0,233.57698444694566,0.000522194115903535,0.02886695672186484
1129.5,226.86451065650294,0.0005576382140779914,0.030800082031010124
1130.0,221.6471442360154,0.0005827504151432514,0.03216970576983069
1130.5,225.28079428585355,0.0005867988998246298,0.032390511383476234
1131.0,229.2003266479394,0.0005704489698938859,0.03149878388389531
1131.5,230.00411412060294,0.0005474029742462336,0.030241851592964955
1132.0,229.83292995652175,0.0005246938665951683,0.029003292600579666
1132.5,226.72336271984875,0.0005148226688790093,0.028464915659740953
1133.0,224.67458660514131,0.0005155996131706607,0.028507290560591397
1133.5,226.36590230978214,0.0005346607691304305,0.029546889592391067
1134.0,229.05589723404296,0.0005635757030851105,0.03112391484574491
1134.5,229.96589652853817,0.0006006798969997815,0.03314758289090101
1135.0,228.04120007882187,0.0006193271310232028,0.03416460576531839
1135.5,225.14063680511364,0.0006178712577317851,0.034085202477898494
1136.0,227.9120157546453,0.0005940329194311726,0.03278505605887377
1136.5,227.73647689610655,0.0005582592766309141,0.030833955857767416
1137.0,226.85597926262733,0.000516725667487253,0.028568705931301924
1137.5,230.4693763721692,0.0005015348418087011,0.027740194342371887
1138.0,235.53186319605715,0.0005159620288621193,0.028527054081032066
1138.5,232.5949804144212,0.0005589901656361464,0.030873815907791615
1139.0,231.70910438720796,0.0006106829090042129,0.03369314651034086
1139.5,236.2362817496031,0.0006277826580848521,0.03462576573354475
1140.0,237.08501768238065,0.0006272522425298632,0.03459683199957336
1140.5,235.58626916186017,0.0006299937616204036,0.034746355308759906
1141.0,233.7803121669709,0.000638566348093065,0.0352139067846715
1141.5,234.85664098455578,0.0006356211765611891,0.03505327891640091
1142.0,232.13806044520567,0.0006002627639077168,0.033124825140951816
1142.5,233.1269113378966,0.0005717419808666487,0.03156930049980277
1143.0,238.8523336000542,0.0005436365095583438,0.03003642622110149
1143.5,240.52164032777787,0.0005416044336656569,0.02992559582666668
1144.0,237.81506962280358,0.0005598333036578463,0.03091979916077557
1144.5,237.75743867575764,0.0005832945357697005,0.032199379067878973
1145.0,243.24008588365987,0.0005901563815320138,0.03257362754797011
1145.5,246.89425245894537,0.0005733924738051003,0.031659323035328486
1146.0,243.16875428609978,0.0005500505915813616,0.0303862537117459
1146.5,234.99192212115258,0.0005276671092483839,0.029165455616086154
1147.0,232.71195586260342,0.0005142503153832655,0.028433701735950462
1147.5,235.07873363298214,0.0005130074944792313,0.028365917965282084
1148.0,236.70999541582944,0.0005145007832282038,0.028447362036159086
1148.5,238.16829786349305,0.0005121350824458235,0.02831833644665681
1149.0,238.93634609079447,0.0005017760815889031,0.027753354176860034
1149.5,237.36370576739748,0.0004889060839285031,0.027051422713918003
1150.0,235.9483407252501,0.00048363152153837547,0.026763746635261376
1150.5,237.53332916205937,0.0004975158877673998,0.027521002394661702
1151.0,238.66908460152544,0.0005259647781773169,0.029072609295710483
1151.5,234.18418504782085,0.0005587070774521764,0.030858379691169745
1152.0,231.47003293694186,0.0005686937346802368,0.03140305291588869
1152.5,235.31101047058846,0.0005546887671764698,0.030639219917647013
1153.0,239.86669841550776,0.0005363967000077241,0.02964156799856623
1153.5,242.8127699655333,0.0005281875638097421,0.029193840570312473
1154.0,245.65763457930547,0.0005197955447021113,0.028736138757249972
1154.5,243.97905448976448,0.0005196318616038895,0.028727211737871034
1155.0,241.96070726683905,0.0005439327913730617,0.03005258558031114
1155.5,242.8792537894014,0.000583434970788027,0.03220703797327524
1156.0,240.7014974645613,0.0006038743785743763,0.03332180832989412
1156.5,235.83151109639857,0.0005957763427318379,0.03288014196566871
1157.0,231.90010711900803,0.0005584054694557287,0.03084192964622166
1157.5,231.80058162077296,0.0005166203202656992,0.028562961336231815
1158.0,232.06789087476974,0.0004880958926887703,0.027007234919889732
1158.5,231.6342845859212,0.0004706681107039308,0.026056720315044704
1159.0,228.5600481866998,0.0004795590947999991,0.026541634321083692
1159.5,227.30007412825057,0.000506231140482665,0.027996332113869267
1160.0,224.9259498224278,0.0005393043213667682,0.029800149742789554
1160.5,232.2186061992494,0.0005641258086766959,0.031153917993233308
1161.0,237.9162670526311,0.0005692021810902253,0.031430784212781934
1161.5,238.98396925000003,0.0005505440042894725,0.030413164192105196
1162.0,236.65545988345815,0.0005263966356992433,0.029096161076691468
1162.5,235.41634643540658,0.0005130757480621995,0.028369638449760686
1163.0,231.91583885964906,0.0005129108760526317,0.028360647201754383
1163.5,226.2339912849328,0.000520863432666528,0.028794381197415505
1164.0,226.1067260353199,0.0005257247735967255,0.029059519886329044
1164.5,231.53296989618133,0.0005214020029769035,0.028823755125916006
1165.0,229.8107638271133,0.0005107709566584148,0.028243936524752426
1165.5,224.1471421582902,0.0005047820814011039,0.027917302198172456
1166.0,225.78449686083977,0.0005083904023156378,0.028114100218902722
1166.5,231.32022679754442,0.0005201902994003431,0.028757668845516865
1167.0,234.25343396011803,0.0005289987971635257,0.0292380859100514
1167.5,231.85677573194383,0.0005389447210522337,0.02978053729148743
1168.0,224.9948989083097,0.0005685612905691768,0.03139582897282193
1168.5,221.70997583390215,0.0006022007078657565,0.03323052821808873
1169.0,224.9126169542466,0.0006051534176981731,0.03339156963442098
1169.5,226.65625939638917,0.000595368241318148,0.03285788320049555
1170.0,227.9776870489339,0.0005859168124503367,0.03234240111180971
1170.5,228.49684206538467,0.0005673849284857107,0.031331670419560254
1171.0,227.14271373910336,0.0005439571603255648,0.030053915230741853
1171.5,226.53484177184464,0.00052574505330097,0.029060623999999948
1172.0,227.79395312331695,0.000536624830437613,0.029654009191876156
1172.5,222.444655686993,0.0005675022952296435,0.031338069774122096
1173.0,221.9470375242509,0.0006051573578217345,0.03339178340989468
1173.5,227.67766612947236,0.000605655668457418,0.033418961736426375
1174.0,230.82171824572126,0.0005894175180128919,0.03253333131462548
1174.5,226.50340172266343,0.0005744417566520855,0.03171655105526828
1175.0,221.1308511913805,0.0005605277578244816,0.030957679048063944
1175.5,221.08456146066828,0.000539696200721258,0.02982152283644689
1176.0,226.79179275251983,0.0005116262708384975,0.028290584991774535
1176.5,224.23618419802753,0.00048303007611994175,0.026730945057456122
1177.0,221.36410470238093,0.0004996235714215688,0.02763595648709485
1177.5,222.49648268445304,0.0005577507178458433,0.03080621938515555
1178.0,225.16932749423685,0.0005992669659748279,0.03307052097368373
1178.5,230.40407497754393,0.00061289414052894,0.03381374906437114
1179.0,230.98741850820906,0.0006089686612757133,0.03359965336186078
1179.5,224.55127172685155,0.0005956243001910535,0.032871850654314375
1180.0,219.89775132648637,0.0005676474005372965,0.03134598670108104
1180.5,223.37315485997067,0.0005438155113722891,0.03004619203117979
1181.0,228.29249540294208,0.0005347361274098025,0.029551000949803848
1181.5,231.5461312462464,0.0005245605823830969,0.028996024657657635
1182.0,228.7655351636665,0.0005107803098772522,0.028244445887070476
1182.5,225.27500267158314,0.0005011014313244486,0.027716558411420015
1183.0,221.58506903510542,0.0005069191282978936,0.02803385695105315
1183.5,219.82025968810103,0.0005273760630581048,0.029149581374065238
1184.0,224.20676636559168,0.0005540646043883862,0.030605178894799256
1184.5,228.74362114772566,0.0005841616101741135,0.032246673342128045
1185.0,225.0066420460216,0.0005957666911518588,0.032879616648833807
1185.5,224.5910032207596,0.0005899019386706945,0.03255975273047042
1186.0,228.47957755508517,0.0005781213229576259,0.031917235687288076
1186.5,229.61362847260293,0.00056549416547945,0.031228548982191667
1187.0,228.15435249332307,0.0005591844761636776,0.030884416927127036
1187.5,226.27014250000002,0.00056512089,0.031208187999999998
1188.0,227.4944605083936,0.000590524156882866,0.03259368637848133
1188.5,228.61096307527202,0.000613974515469379,0.033872673190898844
1189.0,229.95781195493456,0.0006180921846098481,0.03409725239463804
1189.5,229.59966233220584,0.0005999644312649125,0.03310856224274537
1190.0,226.34832874844517,0.0005635618936007449,0.031123162793843213
1190.5,225.91884300688363,0.0005423591084751741,0.029966758801209675
1191.0,229.3522280842303,0.0005338656372820116,0.02950352357489566
1191.5,228.5727095235968,0.0005268838476170907,0.029122736047372234
1192.0,223.07474058187705,0.0005196046025349337,0.028725724927510875
1192.5,219.53331316391294,0.0005321144227927056,0.029408012554728774
1193.0,218.861045965251,0.000563085181027702,0.031097162513626726
1193.5,222.98390037482304,0.0005717213645978984,0.03156818076732672
1194.0,224.45691295404066,0.0005707010204464645,0.031512530647676756
1194.5,221.90455558609023,0.0005652400871371396,0.031214690798025597
1195.0,219.97084685240094,0.0005542181561236768,0.030613553245874166
1195.5,220.8617417686512,0.0005523015409119792,0.03050902051282654
1196.0,224.6920089313965,0.0005496684089019688,0.030365408827479765
1196.5,227.24263577416536,0.000545560381549296,0.030141356945012562
1197.0,226.7698917467613,0.0005622795906080251,0.03105322495424163
1197.5,222.27980483435104,0.000607645631067998,0.03352749574760214
1198.0,223.29308858557528,0.0006423149128550014,0.03541836249813121
1198.5,228.7535359024673,0.0006500934027130053,0.035842603269058346
1199.0,235.1928951564941,0.0006380242742618383,0.03518435177855076
1199.5,236.15363181678987,0.0006025045565492665,0.0332471010230587
1200.0,233.60554006609894,0.0005479620693759783,0.030272345718350777
1200.5,231.28402589071837,0.0005307746523413163,0.029334940908383175
1201.0,235.10166381449162,0.0005315967029572144,0.029379775533661896
1201.5,240.46486996866625,0.0005261204735094,0.0290811012891674
1202.0,240.85904823692988,0.0005138885858398197,0.02841397182536139
1202.5,237.11570429933195,0.0005197268440848439,0.028732391674451924
1203.0,236.1989467429442,0.0005569518280415781,0.030762647980358875
1203.5,233.11199154282593,0.0006015285418620615,0.03319386877530548
1204.0,230.19054577502425,0.0006201122430867465,0.03420742689942788
1204.5,227.56630256865034,0.0006195436436670484,0.03417641559725402
1205.0,225.34441583422998,0.0006056117277018273,0.03341656699386422
1205.5,224.835883389601,0.0005693901603285794,0.03144103683634231
1206.0,230.15441292846265,0.0005504068815279897,0.03040568584644488
1206.5,240.5608021042669,0.0005485207545354215,0.03030281570254362
1207.0,242.42366657952846,0.0005454071536800447,0.030132999414580294
1207.5,238.64888856314508,0.000542879994424399,0.02999516751632305
1208.0,232.69659808449862,0.0005477969227006633,0.030263337554860117
1208.5,228.67254686090186,0.0005541258335112789,0.03060851769172936
1209.0,231.70330207658316,0.00054017329193299,0.029847544009480868
1209.5,233.9656065233032,0.0005107442579564013,0.028242480517504342
1210.0,232.9297993570198,0.0004920322764729606,0.027221925993383366
1210.5,233.94139600867697,0.0004960383606399142,0.027440418382764793
1211.0,233.4819240443456,0.0005189239093958132,0.028688599538342158
1211.5,235.11933461071862,0.0005630830038928184,0.031097043383981334
1212.0,237.70466816974923,0.0005896812024143938,0.03254771317780631
1212.5,237.96841650822475,0.0006029078175785081,0.03326909439179657
1213.0,235.11657777142096,0.0005894856850366178,0.032537049543848465
1213.5,234.54702624385817,0.0005524874771758238,0.030519161990600657
1214.0,234.99156356921605,0.0005230914695278734,0.028915899670582924
1214.5,236.8610502357199,0.0005077976608266173,0.028081772763822618
1215.0,238.16575472717136,0.0004979316162502541,0.027543676860093194
1215.5,234.2990027060573,0.0005028763649948497,0.02781336464537406
1216.0,231.17854249587853,0.0005142699246558842,0.028434770971461017
1216.5,231.51407569511227,0.0005195729174719559,0.028723996980769273
1217.0,231.9448018084353,0.0005152896241024271,0.028490385876218285
1217.5,231.49751333995627,0.0005087767566232862,0.028135172938406516
1218.0,229.72152386650768,0.0005060344447330154,0.027985607217401662
1218.5,228.34394192586936,0.0005070264179021781,0.028039709694688577
1219.0,228.308767582617,0.0005053520236150908,0.02794838720066858
1219.5,229.3806944555873,0.0004990923266217771,0.027606982951575956
1220.0,232.8347282995323,0.0004987782184087364,0.02758985119344774
1220.5,231.22689983285568,0.0005171527723686736,0.028592001663801398
1221.0,227.88059291316398,0.0005528292183960639,0.030537800125811983
1221.5,223.24472174114038,0.0005917940808457822,0.03266294985157151
1222.0,223.17312251069708,0.0005977047879506144,0.03298532099055086
1222.5,224.20608761395889,0.0005869346877451355,0.032397917682637646
1223.0,225.2191282665878,0.0005635534311434434,0.03112270001385031
1223.5,232.45614801086197,0.00054943799502349,0.030352842266294887
1224.0,235.54768125513763,0.0005405087976277169,0.029865842192014158
1224.5,232.52457819974603,0.0005284441253787449,0.029207833605206585
1225.0,226.8019702808856,0.0005167448520404194,0.028569753835122124
1225.5,225.3342724867879,0.0005278427330387562,0.029175033712859715
1226.0,224.59838926502246,0.0005642072451546331,0.03115835862889041
1226.5,224.62259104227837,0.0005995933237257823,0.03308832040497185
1227.0,223.42210233952676,0.0006138987052618269,0.03386853830489879
1227.5,223.90288681233142,0.0005978363898609065,0.03299249799865046
1228.0,224.0626388364127,0.0005651598319202809,0.03121031398993141
1228.5,223.42593830948726,0.0005290483959275984,0.029240791294699493
1229.0,224.03993805225056,0.0005039897247679984,0.02787408723349214
1229.5,226.24706754908794,0.00048684447867611893,0.0269389831475604
1230.0,225.30142925327252,0.0004834761325981753,0.02675527304690599
1230.5,223.9307243000925,0.0005039964183294781,0.027874451806339715
1231.0,227.07357033667157,0.0005505275205374795,0.030412265181475304
1231.5,228.71974349494386,0.000600786169521129,0.03315337832034562
1232.0,226.05198278262577,0.0006165734456981364,0.03401441829135268
1232.5,224.71001797482387,0.0006115723846853005,0.03374166057589775
1233.0,224.3981484353312,0.0005971219428990504,0.03295353151955818
1233.5,223.38385347307332,0.0005766699163509747,0.03183807515431754
1234.0,222.56674514953835,0.0005610448942472905,0.030985883884383794
1234.5,226.33910659574465,0.0005545321459835407,0.030630677296668005
1235.0,229.76446684210526,0.0005563474923505799,0.030729687202943803
1235.5,225.5111493576642,0.0005597428441240876,0.03091487054817518
1236.0,221.27204796519135,0.0005774636031754273,0.031881362264317446
1236.5,220.99483992283947,0.0006041291121679465,0.03333570388739904
1237.0,228.10839678389263,0.0006106047559253281,0.03368888613616265
1237.5,231.1918564734434,0.0006118183622662352,0.03375507563055121
1238.0,231.00156326578704,0.000617709864589066,0.03407639803864274
1238.5,235.5395666699943,0.00061770687447882,0.03407623547504989
1239.0,238.21014633732892,0.0006113932273873516,0.03373188525816461
1239.5,239.4870755445006,0.0006074246175416068,0.033515435009225776
1240.0,245.23091946828487,0.0006104831256065408,0.03368224569078294
1240.5,246.2793654609735,0.0006099639231539134,0.033653928213111146
1241.0,241.19054037399025,0.0005885212405882371,0.032484444571321276
1241.5,234.63808585836347,0.0005461168639333419,0.030171705853979058
1242.0,232.3909498722047,0.0005223893498881813,0.028877602617929092
1242.5,234.75843384138335,0.000515192937973125,0.02848510982710015
1243.0,237.82521050043815,0.0005266116541109389,0.029107888059855203
1243.5,238.78955953703712,0.0005484799781481501,0.03030058888888899
1244.0,240.48770730615914,0.0005638566780635844,0.031139236636236828
1244.5,244.07206349511654,0.0005777756354086105,0.03189838062666931
1245.0,247.8839699207851,0.0005790458977540853,0.031967662003088884
1245.5,247.31834449755343,0.0005637318081424421,0.031132428678687887
1246.0,244.44649089497287,0.0005436116716561058,0.0300350716771555
1246.5,244.79097895586426,0.0005261017354822246,0.029080077298937558
1247.0,243.6023099361463,0.0005186788950715161,0.028675234482836126
1247.5,236.1377872002813,0.0005452428318690223,0.030124035804177853
1248.0,229.34277273021834,0.0005887396905958617,0.032496361094602536
1248.5,228.00402809575684,0.0006083999397215373,0.033568634801666934
1249.0,231.90907206354862,0.0005872590076672029,0.03241560618145066
1249.5,234.560052772727,0.0005371216595818237,0.02968110805454575
1250.0,234.86007049861792,0.00048679149584095394,0.026936093059855486
1250.5,237.71572584239115,0.00044742046329805695,0.024788790561022234
1251.0,239.14576549571015,0.0004493434022020971,0.02489366791897044
1251.5,241.57572200778665,0.0004806398003782007,0.026600578724138083
1252.0,237.54889867439562,0.0005152178383719721,0.02848647001058447
1252.5,235.5173189565782,0.000550425072110914,0.03040667816165281
1253.0,235.87447910579974,0.0005716041413170634,0.03156178725045954
1253.5,237.8409365521227,0.0005673231465195462,0.03132830104350568
1254.0,234.49979927989216,0.0005328616937771816,0.02944876813315259
1254.5,228.82751738868015,0.0005119479374981164,0.028308129195471873
1255.0,228.86562375366884,0.000500324155174003,0.027674166262893016
1255.5,235.83068137093971,0.0004975856001775251,0.027524804034706186
1256.0,244.67348785671615,0.0004998675411202575,0.027649261946671427
1256.5,243.47186050545454,0.0005250713086145457,0.029023879248727288
1257.0,236.76899954497094,0.0005717143980462552,0.031567800935511786
1257.5,229.1143187426389,0.0006097896765025415,0.033644431768528105
1258.0,227.18609297858302,0.000618056582997361,0.034095309624441746
1258.5,227.94292418331256,0.000584367846821643,0.03225792138801518
1259.0,230.7372310560521,0.0005329636181965863,0.029454327571892668
1259.5,238.45844445566343,0.0005015725118656698,0.027742252055750555
1260.0,243.34698329513395,0.0004999679702038325,0.027654738682228067
1260.5,242.37773975223368,0.0005171390350436668,0.028591249746344607
1261.0,236.48391360774923,0.0005624712826029681,0.031063676644251473
1261.5,232.0321252485499,0.0006061684874044788,0.0334469296990397
1262.0,228.98924316037727,0.0006148960566114525,0.033922934021829755
1262.5,227.86125414988925,0.0005998708978389374,0.03310346027355012
1263.0,231.5706521168456,0.0005741595833913899,0.03170116186890453
1263.5,232.87507490890695,0.000544225021475707,0.03006852642469627
1264.0,229.0884744695039,0.0005114490965819524,0.028280922232528344
1264.5,225.14311808416483,0.0004926719786077767,0.027256815575615788
1265.0,226.26740661255857,0.000484566222206391,0.026814726406472613
1265.5,233.0741937533061,0.0004827320396356607,0.02671469020272747
1266.0,234.55741706900056,0.00048352333350905753,0.026757847451862403
1266.5,235.5203452391305,0.00048668096141304365,0.026930064573913056
1267.0,234.72751785605587,0.0005004223580584316,0.027679521069081052
1267.5,232.3190508704683,0.0005244741728946376,0.028991310789086108
1268.0,231.3219559510639,0.0005391241990042545,0.029790326345744633
1268.5,231.07980007700613,0.0005358745211781448,0.029613088509613538
1269.0,229.34547876269724,0.0005308615749078247,0.029339680129420575
1269.5,233.2044822317869,0.0005332602017980904,0.029470502615504258
1270.0,235.45623449819163,0.0005295167076039784,0.029266332128390603
1270.5,231.10984074721637,0.000518066493353115,0.028641835754610292
1271.0,229.33341308340368,0.0005062158249364115,0.0279954975563797
1271.5,227.4047284736059,0.0005071179549978802,0.028044698958342176
1272.0,225.04446632047427,0.0005164885309532662,0.028555772194176668
1272.5,225.8382040578637,0.000525925861780417,0.02907048673887249
1273.0,228.66909176395922,0.0005306100813197966,0.02932596540609135
1273.5,229.0758550486606,0.0005394770617479271,0.029809571644343738
1274.0,230.71469903323674,0.0005518651825683989,0.0304852202561656
1274.5,232.19943806375102,0.0005665369824109556,0.03128542095900931
1275.0,229.27640860646648,0.0005757029326625777,0.03178533348420655
1275.5,224.46053429765922,0.0005736657891137126,0.03167422885284282
1276.0,222.88303274386845,0.000557515348236715,0.0307933824997213
1276.5,225.7107039358977,0.000536312226512819,0.029636960779487093
1277.0,230.88487230215733,0.0005386010080335727,0.02976178854316544
1277.5,232.66562462702487,0.0005786898790154832,0.031948234126846775
1278.0,230.87458141696388,0.0006278899675990566,0.03463161375790248
1278.5,231.65600113816322,0.0006347381494220118,0.035005121201603366
1279.0,232.12517659043465,0.0006179923358749281,0.034091804697096176
1279.5,233.37821229896912,0.0005891955421190245,0.03252122419287719
1280.0,234.52259249219253,0.0005530941451290813,0.030552248970330792
1280.5,230.93059120133324,0.0005250357189704397,0.02902193886248203
1281.0,226.5568755030836,0.0005363656240516591,0.0296398729974943
1281.5,222.19321509748312,0.000578650451453713,0.03194609263410905
1282.0,224.64481624556458,0.0006269371106529496,0.034579653409510525
1282.5,230.24480387821018,0.0006278869213759011,0.034631457260395494
1283.0,240.40180095570867,0.0006195233303386367,0.03417530611481401
1283.5,248.7750162325356,0.0006171448700267943,0.03404557933205742
1284.0,247.37420566590143,0.0006025717533065453,0.03325075722847307
1284.5,242.09169505528374,0.0005816196457303844,0.03210803127131616
1285.0,242.844875991412,0.0005610855997175608,0.030988103478339888
1285.5,239.24174970293492,0.0005459405970345128,0.030162093528931684
1286.0,233.9252129446356,0.000560849280904571,0.03097521559409066
1286.5,226.91735048755191,0.000593246533838174,0.03274216701970953
1287.0,225.86586767733664,0.0006089265361361371,0.0335973568767041
1287.5,234.60608784466413,0.0005978438443771361,0.032992905426889464
1288.0,237.15394225037687,0.0005649316113847011,0.03119786711906549
1288.5,234.71520129562032,0.0005403760792677912,0.029858600291742657
1289.0,231.72436462267868,0.0005332632678426203,0.02947066347106553
1289.5,234.78621682404756,0.0005329442584486804,0.02945326753489736
1290.0,240.89744507845197,0.0005543349076728668,0.030619918647509407
1290.5,243.43020984601813,0.0005947570344628761,0.03282454835275806
1291.0,238.50976348434494,0.0006217958042390667,0.03429924605919573
1291.5,238.00228825523536,0.000619393851999793,0.03416824514130211
1292.0,240.40053953815087,0.0006082421012222667,0.03356002644443284
1292.5,239.32823678662632,0.0005788812223107045,0.03195867923636169
1293.0,236.8552582054452,0.0005405987979979011,0.02987074508511019
1293.5,232.67702668252508,0.0005271401130842425,0.029136702406822944
1294.0,232.225800722265,0.0005540677719741926,0.030605344342835215
1294.5,236.34101240658768,0.0005893691307646429,0.03253068915755035
1295.0,243.73166671610036,0.000605588210450691,0.033415282120762585
1295.5,250.76440174943755,0.0006090270060764044,0.0336028333624719
1296.0,251.9953862200639,0.0006320084392655678,0.03485623932650351
1296.5,243.70326319573968,0.0006585088766193304,0.03630157797022044
1297.0,238.00804988901976,0.0006408128009389114,0.03533643550500882
1297.5,239.91535222996882,0.0005838791828868763,0.03223126856775307
1298.0,238.93349351283229,0.0005265567288221817,0.029104894529789198
1298.5,244.08649389854654,0.0005044497262639949,0.027899173031133352
1299.0,249.62320561967502,0.0005166302588100318,0.028563498636522123
1299.5,250.38603248489903,0.0005525425196157078,0.030522158495001197
1300.0,248.04668749702424,0.0005974974790952299,0.03297400965297574
1300.5,244.5243047730051,0.0006086461525508951,0.033582061598127
1301.0,240.76398962962932,0.0005991033707118048,0.033061597280671255
1301.5,234.90714009414523,0.0005682778249571166,0.031380367268456104
1302.0,232.27873873178942,0.0005453557719895619,0.03013019594031305
1302.5,234.0577372011738,0.0005391291714487731,0.02979059593916758
1303.0,235.01860645156003,0.0005272218304091222,0.029141166685577216
1303.5,235.52453885993143,0.0005095133715057881,0.028175345488631307
1304.0,233.75834775973985,0.0004956362767914409,0.027418488789915808
1304.5,231.4668525400996,0.000497066945811533,0.02749651768579338
1305.0,232.79390866922913,0.0005192331630213917,0.028705466463458177
1305.5,234.69550024202812,0.00053701653006397,0.029675372907580794
1306.0,236.56809095588264,0.0005407697758403365,0.029880075402979395
1306.5,237.36659871300378,0.0005303050555308357,0.0293093284882565
1307.0,236.37120380124782,0.000516989293097148,0.028583085028186277
1307.5,235.98526590653046,0.0005075827371118956,0.02807005011170515
1308.0,234.24739273391833,0.0005021352397660824,0.027772942432748568
1308.5,230.5447373936605,0.0005031846631800686,0.027830178172979534
1309.0,226.17229560360576,0.0005098012275481055,0.028191047196475562
1309.5,225.64308478497549,0.0005198308623489393,0.028738065254218886
1310.0,226.12312502365936,0.0005299605053526372,0.029290537254844574
1310.5,225.7237077197219,0.000534831999467838,0.0295562290365076
1311.0,225.19131703939738,0.0005387620598319821,0.029770574013905014
1311.5,227.66179847660413,0.0005402652253992271,0.02985255705666451
1312.0,227.2942978124411,0.0005286442856437631,0.029218750006890826
1312.5,226.16136226229182,0.0005009620568366531,0.027708958006501496
1313.0,225.72474930774757,0.00047479862478479705,0.02628200055667173
1313.5,225.87116396627562,0.0004607595030645185,0.02551630424046934
1314.0,227.25267582763803,0.00047317732168731586,0.02619357388979084
1314.5,227.04200718972533,0.0005099934800061051,0.02820153235483222
1315.0,229.51349433977583,0.0005701520945055864,0.031482592016683145
1315.5,229.9196227192269,0.0006109421552075333,0.033707286954628976
1316.0,230.75879044216703,0.0006224695216551191,0.03433599179436103
1316.5,230.7164182343204,0.0006075722451167912,0.03352349189010478
1317.0,226.00828247592534,0.0005575586459982859,0.030795741075005236
1317.5,222.46017233540735,0.0005186156072611386,0.02867178259795255
1318.0,223.6646984976773,0.0004919836908554336,0.027219275572479464
1318.5,223.86835325285466,0.00047054835643313425,0.02605019015502231
1319.0,221.77463978945593,0.00047698910337886616,0.0264014694190562
1319.5,220.94582314983307,0.000516738177848117,0.02856939024285141
1320.0,220.5664239638477,0.0005645016620819788,0.031174417350225424
1320.5,226.53796221409726,0.0005901531642027227,0.03257345415244773
1321.0,233.33173835806176,0.0005944156480731951,0.03280593084915926
1321.5,230.78992154424006,0.0005827799711491359,0.03217131830050075
1322.0,222.44190506852087,0.0005479575208600929,0.030272096612190567
1322.5,221.51058685109433,0.0005183434404632874,0.028656939886991344
1323.0,227.45010136252162,0.0005009959315302752,0.02771080494599001
1323.5,229.73133303589708,0.0005169807440693408,0.02858261801124982
1324.0,225.05427332325127,0.0005600256371751678,0.03093029268700667
1324.5,214.32061841975212,0.0006071686526902718,0.03350147950011487
1325.0,214.13328869466343,0.0006111389798605217,0.03371802330634729
1325.5,224.53896828633614,0.0006148828848938754,0.033922215494744314
1326.0,231.52408903524443,0.0006190763307454368,0.0341509258212475
1326.5,233.36466395387163,0.0006145898214050353,0.033906231301717986
1327.0,225.68527808283017,0.0005914434303266552,0.03264382464223202
1327.5,222.83445279171536,0.0005459228136153264,0.03016112335365625
1328.0,222.4693889257243,0.0005062119407301238,0.027995286465973452
1328.5,226.72004291288638,0.00048108707911977876,0.02662497324591633
1329.0,226.4646192659926,0.0004830520087254522,0.026732140367975898
1329.5,224.21857564953666,0.0005115853543105115,0.028288351657131398
1330.0,223.93109970121031,0.0005620485631240438,0.03104062277685267
1330.5,225.95636360006517,0.0006013990170942351,0.03318680341138997
1331.0,230.39699274561144,0.0006030605673421423,0.03327742428908614
1331.5,232.03679420452457,0.000585961902058827,0.032344858670226434
1332.0,232.07330448218374,0.0005646998958689281,0.03118522658512174
1332.5,226.9125237778699,0.000552358579990622,0.030512130815169774
1333.0,225.55443666527728,0.0005566221379699871,0.03074466620560649
1333.5,226.8431519388469,0.0005554942079409415,0.030683148896847562
1334.0,232.93032902614365,0.0005379318201366959,0.02972529362183179
1334.5,234.48063467677557,0.0005232314557182778,0.02892353129848373
1335.0,232.1496657558365,0.0005304404848871018,0.029316709810753867
1335.5,228.75760379206295,0.0005528175760730194,0.030537158951111306
1336.0,224.69159512697263,0.0005602991127861419,0.030945204051695995
1336.5,222.86682072910077,0.0005459765640529129,0.030164051269206505
1337.0,221.07260652956637,0.0005362997567014324,0.029636277684019552
1337.5,220.03407020332716,0.0005415464427957488,0.029922434172365998
1338.0,222.15440826054095,0.000559500953414366,0.03090167661226562
1338.5,228.3467001765059,0.0005738245044283209,0.03168288608344782
1339.0,239.0502717963872,0.0005761109522086255,0.03180758955015043
1339.5,237.303178647491,0.0005857029507032058,0.03233073548589574
1340.0,231.61813841458917,0.0005939961612932633,0.03278304775455895
1340.5,224.60795448545284,0.0005748350947481518,0.031738001343247786
1341.0,228.3980180321914,0.0005443016028582113,0.030072702042426777
1341.5,227.7678933011289,0.0005209988444724265,0.0288017674476769
1342.0,227.44371147655372,0.0005021149577167815,0.02777183684536642
1342.5,231.58185771380505,0.000496233453448014,0.02745105846396788
1343.0,233.8210605762521,0.0005254104900330281,0.02904237808744694
1343.5,232.94788025802404,0.0005771505848772766,0.03186429113687829
1344.0,230.79244690121624,0.0006178905479163211,0.03408625403754216
1344.5,227.35176242481822,0.000628622379518841,0.034671568996373685
1345.0,225.46324193046527,0.0006207106960548206,0.03424006456155927
1345.5,225.71458527323801,0.0005907668111542376,0.032606921057711874
1346.0,225.16831636196528,0.0005466139955765414,0.030198820347092467
1346.5,222.9302707891682,0.0005162032934053968,0.02854021675732239
1347.0,220.37617920406765,0.0005084946113955128,0.02811978422861155
1347.5,221.29299341959677,0.0005047811137425926,0.027917250035262783
1348.0,223.1410857857142,0.0004997012490031285,0.027640192765276343
1348.5,222.6180123613139,0.0004942974247080295,0.02734546691386863
1349.0,221.02004961600008,0.0004964786277359999,0.02746443035039999
1349.5,221.40519126631278,0.0005257120630778589,0.029058826326255255
1350.0,223.3502543952137,0.0005618587092914494,0.031030270233033834
1350.5,228.4811457653494,0.0005820256419665072,0.03213017789051084
1351.0,231.8775149956848,0.0005772758037622255,0.0318711200542666
1351.5,229.71227875543832,0.0005705811892222616,0.031505991634699
1352.0,225.8941440240456,0.0005433988686527607,0.030023462887906787
1352.5,229.55163476699855,0.0005136052395076225,0.028398515669109156
1353.0,231.40681222421364,0.0005065850888809233,0.028015636044703272
1353.5,228.02716981083282,0.0005375358697948981,0.02970369455475883
1354.0,223.20293184760217,0.0005931495714181331,0.03273687344904453
1354.5,222.06689040708608,0.0006148198944951934,0.033918778833716606
1355.0,225.70312528202564,0.0005911080307200355,0.03262553192975174
1355.5,225.086141703659,0.0005605663943675712,0.030959786970932428
1356.0,224.3360347149969,0.0005151212512019886,0.02848120226132884
1356.5,225.42909335317054,0.0004527906544038274,0.025081682074573054
1357.0,227.67786428550806,0.00042287808596098785,0.023450246218527978
1357.5,226.46573075131798,0.0004303987603954315,0.023860422012302332
1358.0,229.82235761628962,0.0004711612219375299,0.026083610557622622
1358.5,236.2608401561041,0.0005215607092572208,0.02883240900288899
1359.0,242.4369301604537,0.0005865268767263333,0.032375674762656445
1359.5,243.89353830544138,0.0006167365229486631,0.03402331104784383
1360.0,238.91316852658144,0.0006207003321597027,0.03423949805699217
1360.5,232.58943305979312,0.0006191852321476252,0.034156863731069985
1361.0,224.48679970000072,0.0005879421241454573,0.03245286070181833
1361.5,227.8146970126687,0.0005501715073539016,0.030392845864323594
1362.0,234.34434957317202,0.0005289879417073131,0.029237490457316856
1362.5,235.82316378310344,0.0005408893643280798,0.029886595554497658
1363.0,233.43190512380374,0.0005902166602757542,0.03257691346595433
1363.5,228.26888207747135,0.0006173060991615084,0.034054375017632726
1364.0,229.34706712035057,0.0006127279279113766,0.03380468238555789
1364.5,240.4040927809046,0.0005965561852532352,0.03292267203010689
1365.0,247.60993528446264,0.0005956545562472645,0.03287349192013128
1365.5,249.3775438263723,0.000584313667074595,0.0322549581647821
1366.0,251.31618442013115,0.0005639929751422333,0.031146667078774688
1366.5,252.33575824512525,0.0005671538732033418,0.03131906291086347
1367.0,249.41689258504124,0.0005987773058305106,0.033043809383528695
1367.5,242.9930082282145,0.0006340245810982826,0.034966199623656644
1368.0,234.93661564452123,0.0006386795476019495,0.03522008086184605
1368.5,228.90257121794875,0.0006231341469871796,0.03437223426282052
1369.0,224.95917477211006,0.0006044661393868662,0.03335408058328795
1369.5,224.7581551028263,0.0005556830605296441,0.030693446090533223
1370.0,232.21143514395087,0.0004953329233390314,0.02740193997201496
1370.5,238.49072616065922,0.00045272633260620845,0.025078169332998196
1371.0,240.34092034477547,0.0004540748515059391,0.025151717980068447
1371.5,240.1280177874096,0.00048754151547747546,0.02697699784257396
1372.0,239.8231772699615,0.0005262599652561991,0.0290887087393258
1372.5,237.39195278538133,0.0005563568707804329,0.030730198616191133
1373.0,239.30846427989124,0.0005734929043633535,0.03166479985326084
1373.5,240.21242269550748,0.0005724006183749306,0.03160522507432057
1374.0,237.36875633206216,0.0005704243668519692,0.03149743733216856
1374.5,232.61418683516874,0.0005780778158162177,0.031914856103959305
1375.0,229.46097909621724,0.0005818506213877626,0.03212062733410537
1375.5,229.36002478950405,0.0005723505344088811,0.03160249369300268
1376.0,228.97091269472352,0.0005473521548423889,0.03023907994369549
1376.5,227.77147456000372,0.0005281024649794413,0.029189198858946597
1377.0,233.5141108018621,0.0005285414525050176,0.029213140699781072
1377.5,243.06197858097323,0.0005390477108901464,0.029786151882332912
1378.0,240.10876378799372,0.0005345003763328306,0.02953813982065324
1378.5,233.7875200998417,0.0005285462250159758,0.02921339727236429
1379.0,232.69589419987273,0.0005567476371153082,0.030751507009962126
1379.5,233.96915313613002,0.0005980602113494326,0.03300469958903874
1380.0,237.9871769975383,0.0006069605877563564,0.033490128347005675
1380.5,243.09769559000287,0.0006078381349689983,0.03353799050532843
1381.0,244.13157876552935,0.0006033700838262565,0.03329429852938997
1381.5,241.27933413377772,0.0005798696846169428,0.032012578763783855
1382.0,232.05259041301716,0.0005609079410742611,0.03097840480997088
1382.5,224.94747770672302,0.0005469404943044817,0.030216622113118204
1383.0,225.31879885759358,0.0005220287268048657,0.02885793140603868
1383.5,232.59888629659926,0.0004935392283252891,0.027304109177129835
1384.0,236.49556385432774,0.00047811895503863957,0.026463085268160727
1384.5,233.5699288058883,0.00048686786916903084,0.026940254443402475
1385.0,229.3139550699074,0.0005287794587616449,0.029226119526630824
1385.5,234.1833787643109,0.0005760888363749173,0.031806380558606094
1386.0,239.1126087466798,0.0005865142028102472,0.03237498172827328
1386.5,243.00404935891615,0.0005827198964017305,0.032168040125370057
1387.0,244.2888489411764,0.0005690901652941181,0.03142467357058826
1387.5,238.2004294320565,0.0005508420857193045,0.03042941802723493
1388.0,227.93584055253638,0.0005430719228124369,0.03000562707767295
1388.5,222.5123152764712,0.0005539477116395704,0.030598794346203113
1389.0,228.44077398514798,0.0005523169743811883,0.030509859056930703
1389.5,231.48662372459884,0.0005113814611443863,0.0282772328732621
1390.0,232.2050733279846,0.0004739309470089866,0.026234676374197723
1390.5,232.39779890007523,0.00047601086624952916,0.02634811435622881
1391.0,233.68452508933606,0.0005061992675638049,0.027994593378048414
1391.5,234.8192502417225,0.0005449324264391626,0.03010710434602882
1392.0,238.70608441893614,0.0005653781915969148,0.03122221951381569
1392.5,237.9313253845304,0.0005502450866378584,0.030396859848626095
1393.0,234.21676946260337,0.0005226591037035974,0.028892317396952704
1393.5,229.99432727397473,0.0005012101298989969,0.02772248790929579
1394.0,228.1878105912375,0.0004943355652381956,0.02734754789089744
1394.5,229.1356102517058,0.0004992249046516447,0.027614212867583268
1395.0,225.88727084622002,0.0004999794026029384,0.027655363143630398
1395.5,224.71565238785746,0.0004953896942884753,0.027405039873936523
1396.0,227.33558339826192,0.000490606398387034,0.02714415804774459
1396.5,224.80363391299423,0.00048357025958062924,0.026760406763587485
1397.0,222.5922635386971,0.00048455333998646957,0.026814022807865788
1397.5,219.19360972702262,0.0004964068416429462,0.027460514414599544
1398.0,216.87712923358077,0.0005128549773368304,0.02835759911395907
1398.5,225.64700778890483,0.0005276282944260383,0.029163338374614694
1399.0,234.33705169410752,0.0005529250530377433,0.030543027026189107
1399.5,239.0526380479448,0.000576484027925634,0.031827936332680905
1400.0,239.84652734630353,0.0005845189198035026,0.032266159345525326
1400.5,239.15358893175494,0.0005771867543537611,0.03186626180835659
1401.0,235.46704496698615,0.000565280743812616,0.031216907232354395
1401.5,233.34241763089554,0.0005378019742748808,0.029718212509869123
1402.0,228.43440473013945,0.0005076406841521226,0.028073210793373868
1402.5,227.10565887157105,0.0004825122413528681,0.026702702250000012
1403.0,226.68949862559728,0.00047651127882609534,0.02637540814128399
1403.5,232.3284243407097,0.0004903246162998728,0.027128789087905097
1404.0,238.06106273508334,0.000504405106456809,0.0278967418199464
1404.5,238.85891240128845,0.0005180098047236059,0.02863874426433906
1405.0,233.48864479218625,0.000532585110363674,0.029433684197215287
1405.5,227.40611861953414,0.0005370677457863189,0.029678167402503543
1406.0,224.45593266550915,0.0005278196744508366,0.029173775971347998
1406.5,224.27030504880926,0.0005136138331602639,0.02839898727633543
1407.0,225.2453276222875,0.0005065654828815747,0.028014568608863588
1407.5,225.40233317245816,0.0005072487850772203,0.028051835959459474
1408.0,230.3615340205964,0.0005214844437127225,0.02882825149849817
1408.5,240.18765348168094,0.0005493287070871225,0.03034688198217788
1409.0,240.6386912976744,0.0005856807342976722,0.0323295261696743
1409.5,238.08222013180352,0.0006235581973696192,0.034395367344206354
1410.0,233.90845892999306,0.0006274111651094888,0.034605509234571986
1410.5,228.01587107860723,0.0005868404052911001,0.03239277488327298
1411.0,220.9261836661709,0.000540922211525215,0.029888390158159823
1411.5,218.4824661344283,0.0005120209587915663,0.028312111866788375
1412.0,218.56017833190666,0.0004976789555360596,0.027529897236892864
1412.5,219.37445667534874,0.000490579776284655,0.02714270681061276
1413.0,219.17913351135564,0.00048535664435770136,0.026857836424769386
1413.5,219.2373710918757,0.0004927486101317702,0.027260995523355144
1414.0,219.93318271470298,0.0005198292588977599,0.028737977883933757
1414.5,223.7982991195179,0.0005548339227470999,0.030647137229947576
1415.0,225.88128935296956,0.0005850862198403078,0.032297101871567466
1415.5,224.5000955476191,0.0005962119030084029,0.0329038973123249
1416.0,223.75741238873306,0.0005927480371641949,0.03271497709342427
1416.5,224.8702635803386,0.0005681279109523422,0.031372192715323335
1417.0,226.68323498703742,0.0005226900142363905,0.028894003703983092
1417.5,228.2619378095796,0.0004897625345084443,0.02709813425871659
1418.0,226.19449406374525,0.000470540566334663,0.026049764424302874
1418.5,222.16398246592541,0.0004899872833025814,0.02711039135070257
1419.0,220.41759871828492,0.0005427280061532751,0.029986878791884733
1419.5,221.2767411349748,0.0005743506816714589,0.031711584679367334
1420.0,223.42776270588203,0.0005784326562941176,0.03193421617058824
1420.5,225.91519404761854,0.0005615038878571466,0.03101091773809544
1421.0,225.91282238748744,0.000527599326412721,0.029161757350454443
1421.5,222.08737934382373,0.0004882744819358621,0.027016974145783586
1422.0,224.86070077619902,0.0004892209377695816,0.027068591412236952
1422.5,231.82456973916624,0.0005273904472717097,0.029150360876882848
1423.0,235.02370517498946,0.0005971732669046133,0.03295632535691442
1423.5,231.22499730272287,0.0006473669334296651,0.03569389499043174
1424.0,226.38952018934816,0.0006467725048875734,0.035661476196449673
1424.5,225.83239481965055,0.000627115549892916,0.03458938490644365
1425.0,230.0982703841191,0.0006084367424015481,0.033570638811814
1425.5,231.93330419490758,0.0006018262165537031,0.03321009470459029
1426.0,227.9426548068649,0.0005813923899311396,0.0320956307460728
1426.5,222.91351063976438,0.0005620083777066951,0.031038427622047365
1427.0,221.42272412617967,0.0005356290738456179,0.029599699032122312
1427.5,219.75769746537563,0.0005036412358992426,0.027855079015857383
1428.0,218.84635065498912,0.0004915715614997008,0.027196797506123378
1428.5,221.14601218898056,0.000496076146220378,0.02744247873400468
1429.0,230.24029847130828,0.0005022493086027149,0.02777916237385015
1429.5,239.75408258627658,0.0005066985085719959,0.028021821719754102
1430.0,239.30897378267142,0.0005175082217441848,0.028611383712903823
1430.5,236.00655331848176,0.0005374485519788808,0.029698931862262516
1431.0,234.7108068287488,0.0005631732412485416,0.03110195924854678
1431.5,236.20009582962055,0.0005782891332235589,0.03192638199670682
1432.0,236.60274263754363,0.0005844520678622635,0.032262507492251104
1432.5,235.96503448913035,0.0005930776554434789,0.03273294812510873
1433.0,233.06792853343913,0.0005922578724990687,0.03268823833094263
1433.5,226.20436704837087,0.0005787189319250026,0.03194982290054363
1434.0,221.96033197187003,0.0005430685207591256,0.03000544673789106
1434.5,223.13940982010877,0.0005056662822282595,0.027965525652065143
1435.0,225.57513207098899,0.00047567765923421385,0.026329942271939893
1435.5,227.19319993370974,0.00045077521967616245,0.024971759995327376
1436.0,225.93234648639836,0.00045612932653065033,0.02526377380156512
1436.5,222.53937245979134,0.000492586621593132,0.027252159506846348
1437.0,218.65207991662086,0.0005399383422116546,0.029834729373858258
1437.5,217.496578457632,0.0005686652517991886,0.0314014993821823
1438.0,218.8458079859842,0.0005682112043915231,0.03137673571034644
1438.5,220.732727692507,0.0005496325529373627,0.030363453039280328
1439.0,223.84150489361696,0.0005153862721322853,0.02849565652913971
1439.5,225.40088062365095,0.0004963130287644712,0.027455398557997834
1440.0,226.3633954821232,0.0004954632263180808,0.027409048658206744
1440.5,227.11920104009084,0.0005093761874994615,0.02816786329219807
1441.0,227.25458718686306,0.0005192693531369283,0.028707438547526425
1441.5,223.86848552917814,0.0005088906923781641,0.02814138565216485
1442.0,218.69265543757638,0.000499707916854345,0.027640554909424714
1442.5,216.9004680773233,0.0005156920064376324,0.02851232899810726
1443.0,216.74415994699646,0.0005405849496819812,0.029869994357773988
1443.5,216.54618618209346,0.0005484466838254794,0.03029877461262548
1444.0,216.457129642181,0.0005387679613385097,0.029770896549981152
1444.5,213.49245279612637,0.0004905789745575937,0.0271426625460754
1445.0,210.32113104467783,0.000451855062105779,0.025030654671156217
1445.5,209.0931457285657,0.00044906072412245263,0.02487824910765089
1446.0,207.32127363677895,0.00046653022660337224,0.025831037316307932
1446.5,205.34989101015242,0.0004939573117817236,0.02732691587208109
1447.0,209.86395464155245,0.0005203286041003297,0.028765210439480354
1447.5,218.1977420298539,0.0005240380305869212,0.02896752439662876
1448.0,224.2725625441618,0.0005045605170324897,0.0279052178798986
1448.5,220.0449604621411,0.0004818021179643172,0.026663970563881655
1449.0,212.9647412883257,0.00047671598304263975,0.02638657039177666
1449.5,209.26216884341963,0.0004898831690485395,0.027104711029447698
1450.0,207.22239454165833,0.0005018489305020642,0.027757326294655188
1450.5,207.7910130425643,0.0004957953884358961,0.027427165899384546
1451.0,210.11561540983644,0.00047495485844261976,0.02629052095901622
1451.5,212.84547360774803,0.0004425122676590378,0.024521097579463018
1452.0,213.59126018584905,0.0004265083998509436,0.02364824376113209
1452.5,213.49444173326722,0.000427315438770366,0.023692259525759603
1453.0,210.58534856179298,0.00045545003219339095,0.025226723006037448
1453.5,207.41416674009486,0.0005043535906405578,0.02789392991358445
1454.0,205.94083162868776,0.0005448998207056375,0.03010532771125061
1454.5,210.8808496886797,0.0005510389685660381,0.030440158624245307
1455.0,215.36048858755942,0.0005310606901129058,0.029350541116638026
1455.5,216.55824797490172,0.0004922627668503889,0.0272344969537399
1456.0,214.62966806758217,0.0004532487304275034,0.025106665042386615
1456.5,210.602889167031,0.00042587247665502425,0.023613559414410616
1457.0,208.10956484918313,0.000422640873608069,0.023437307870701238
1457.5,206.84300416107044,0.00043258332176231146,0.023979570973443207
1458.0,205.57764937690766,0.0004605658508646937,0.025505742884129875
1458.5,205.06843245522998,0.00048773325150997134,0.02698745650244199
1459.0,208.63987626373546,0.000510396991721607,0.028223540434065678
1459.5,213.11641838217344,0.0005084433812250713,0.028116989882987383
1460.0,214.41878022791997,0.0004772642868783136,0.02641647711355348
1460.5,211.313393617021,0.00045169895599999786,0.02502214025531903
1461.0,206.7773729716979,0.0004385916570255267,0.024307266261098755
1461.5,205.34423056394306,0.0004380219819738013,0.02427619644427177
1462.0,204.2801315094339,0.00044852543364594973,0.02484905664733634
1462.5,204.83896531416534,0.0004713576970204303,0.026094331592584594
1463.0,208.99783507075514,0.00048159283740566134,0.026652557759434013
1463.5,215.84841492007246,0.00048681940787411284,0.026937615521314434
1464.0,215.957024309101,0.00048820563490566056,0.02701322001498336
1464.5,211.36245033581375,0.0004853798230883667,0.02685909788132775
1465.0,206.96988498890073,0.0004893409350527196,0.027075137085460624
1465.5,208.48990490081894,0.0005037769810254779,0.027862482262875358
1466.0,206.2271828506559,0.000505227721246216,0.027941607251765893
1466.5,206.34171664575388,0.0004848276959959697,0.026828987487116446
1467.0,210.77331241167366,0.00045107485711214014,0.024988102621352034
1467.5,211.5574648818897,0.00042073893820050533,0.023333577221048913
1468.0,211.66383428052993,0.00040285635742050925,0.022358258064516256
1468.5,212.0881847436635,0.0004045748102496156,0.02245198269345236
1469.0,212.46229505780354,0.0004216262301445118,0.023381969960260287
1469.5,210.26857563155,0.0004478206013789292,0.02481061507859897
1470.0,204.32201753539374,0.00048562862320891567,0.026872670566494658
1470.5,200.14988652573518,0.0005071620107205888,0.028047104130147087
1471.0,204.7682832165113,0.0005166039561370722,0.028562069140186944
1471.5,212.18055915230852,0.0005095808447447345,0.02817902700521162
1472.0,214.9953949920231,0.0004822071885130805,0.02668606428079122
1472.5,211.9538833615495,0.00045475539133132503,0.025188839525970615
1473.0,206.8082467864739,0.0004287126587048066,0.023768464957890267
1473.5,204.69429475542432,0.00041733575498934563,0.023147966975881465
1474.0,204.4182640950012,0.0004180614404702676,0.023187545866145458
1474.5,202.76650710027621,0.00042475083010856744,0.02355238558586659
1475.0,201.96269157224614,0.0004330909597808939,0.024007257856691763
1475.5,202.71081556553486,0.00044006772468416824,0.024387771680221042
1476.0,204.28499571047965,0.0004416982904558911,0.024476703320899944
1476.5,203.00303704204475,0.00043679085220489443,0.024209050440584235
1477.0,203.1617442350967,0.0004295105745242803,0.023811983258093212
1477.5,202.3282580527043,0.00042903969273884717,0.02378630110600079
1478.0,201.3841262213777,0.0004378473194729581,0.02426667056938419
1478.5,201.00538051322548,0.0004504354145864567,0.024953227044314928
1479.0,201.81949473302402,0.0004752075785955367,0.026304304172029096
1479.5,203.67268215900128,0.0005049558371367957,0.027926777805665298
1480.0,204.6975437657917,0.0005288102553809752,0.029227801753059827
1480.5,204.82940718358105,0.0005329381852148165,0.029452940069321875
1481.0,204.73512295352592,0.0005119116585797592,0.028306150382020435
1481.5,204.74725860465117,0.0004729836003488412,0.026183008581395564
1482.0,202.4887050637,0.00044560130049973095,0.0246895735986004
1482.5,199.93893351819983,0.0004284784315442625,0.02375569031068287
1483.0,198.41037890826857,0.0004253683833074933,0.02358606781438414
1483.5,194.87766823569046,0.0004284575380549071,0.02375455035860396
1484.0,191.56621959625292,0.00043474216112080166,0.02409731463953492
1484.5,196.39997713020145,0.0004480077600356346,0.02482082157954561
1485.0,200.13432377199084,0.00047272958597760636,0.02616915406287471
1485.5,199.16059259196328,0.0005011072399960001,0.027716876218012713
1486.0,198.07703246501393,0.0005120450201869257,0.0283134241170532
1486.5,198.34726010195928,0.0005075728702179119,0.02806951274860051
1487.0,197.3985120476811,0.0004965607662035204,0.027468910971511492
1487.5,199.65486354058348,0.0004752016682467037,0.026303982408136875
1488.0,202.31238473460616,0.0004528300284476211,0.025083829568272698
1488.5,200.60986315423807,0.0004387973000099948,0.02431848260405831
1489.0,201.09997271241522,0.000425133719148338,0.023573268450119807
1489.5,200.28420663284697,0.0004109399856667348,0.022799140717812957
1490.0,196.72910206967236,0.00041251250610655713,0.022884905426229497
1490.5,193.46514185875637,0.000445802988183728,0.024700572577868937
1491.0,191.5072826214512,0.0004940938092213186,0.027334361167033572
1491.5,194.45981506997146,0.0005101333166213497,0.02820915912365044
1492.0,195.7157123387646,0.0004997216623500768,0.027641306190993302
1492.5,195.0456520066729,0.00047578772703050023,0.026335945500476368
1493.0,199.12185107376152,0.00044276483275355004,0.02453487160257376
1493.5,206.09192656739594,0.0004109986926958644,0.02280234194154293
1494.0,208.72014007112844,0.000395717404994272,0.02196889803398895
1494.5,206.88950937463176,0.00041637814931125717,0.02309573717252885
1495.0,204.8997143926998,0.00045425277223306085,0.02516142456219846
1495.5,200.8985656420505,0.000491399932299293,0.027187436915821993
1496.0,198.1778440793062,0.0005157394955436487,0.028514921226227643
1496.5,201.36751010163985,0.0005207492303934429,0.0287881530169399
1497.0,203.8942327786889,0.0005002904099999964,0.027672326268852264
1497.5,203.79500961530042,0.0004628913232262214,0.02563257387890666
1498.0,196.31827046229682,0.00043739685194754604,0.024242101474535795
1498.5,190.63371641938448,0.0004358824589601546,0.024159506423924008
1499.0,190.5011797260867,0.00044156943760869413,0.024469674844347745
1499.5,194.10470921170307,0.00045273595576296536,0.025078698777369412
1500.0,196.332173374653,0.0004535214916392229,0.0251215421359852
1500.5,195.38793615427315,0.0004463259040510553,0.024729093576026685
1501.0,194.82493348579044,0.00044595519501332146,0.024708875051953814
1501.5,196.1749967303421,0.000454887821056428,0.025196062012303354
1502.0,201.91067124528305,0.0004750148369245284,0.026293793024528302
1502.5,206.6963470823307,0.0004902687744986108,0.027125744386586412
1503.0,208.52695370170957,0.0005022870129851242,0.027781219922402303
1503.5,206.964661773955,0.0005035993007759896,0.027852790230207175
1504.0,202.81407384880097,0.0004947302810546178,0.027369071100577257
1504.5,193.6178700226605,0.0004904709932824642,0.027136769104790986
1505.0,188.9045042884101,0.0004884941574034191,0.027028952947269088
1505.5,188.6610768917669,0.0004654084834930637,0.025769859315818773
1506.0,188.0159460044396,0.000426880959454316,0.023668562755457225
1506.5,191.09103000222004,0.00039151649238010865,0.02173977985568395
1507.0,197.24486517252438,0.0003818005523210004,0.021209871850971396
1507.5,201.02681078967802,0.0003907743682885679,0.021699304425305196
1508.0,200.38617515124895,0.00042113041528954237,0.023354927139500225
1508.5,194.17313953773584,0.0004575446325094341,0.025340964569811324
1509.0,187.09404590703136,0.000481684661408878,0.026657565525809293
1509.5,188.45440610179836,0.00048776219294182943,0.026989035299844578
1510.0,195.56615449650815,0.0004789222117552823,0.02650690153768356
1510.5,200.8369621895003,0.00046226416839996465,0.025598368937318258
1511.0,201.72928286678763,0.00043215084591898077,0.02395598337363947
1511.5,196.28131016581008,0.0004133626580709942,0.02293127236454924
1512.0,190.80562024328452,0.00041480851115609213,0.023010129469638006
1512.5,189.01134091298388,0.0004194430691940831,0.02326289914999032
1513.0,188.4785732152589,0.00041980378061989094,0.023282572931198908
1513.5,189.47330284643826,0.00041056375769560186,0.022778620938205554
1514.0,193.62426714230102,0.00039758410583025096,0.022070708693887473
1514.5,194.01540472752038,0.00039329536209809234,0.021836799810626684
1515.0,190.92476188682565,0.00039820751487736484,0.02210470902452697
1515.5,188.98182789509525,0.0004065376923841967,0.02255903849250684
1516.0,189.93086210636454,0.0004155429543304803,0.023050186984916392
1516.5,191.34719526961294,0.00042209513435468313,0.02340754334455916
1517.0,191.37049044959127,0.00042524012776566736,0.02357907173841961
1517.5,190.84037258369017,0.0004231756449318802,0.023466475021214486
1518.0,191.94522874737186,0.0004164794286124751,0.023101262102663
1518.5,191.98689222752046,0.00040751453855488595,0.02261231590687042
1519.0,189.6762366455819,0.0003996473372537951,0.02218323739061891
1519.5,187.99645544383873,0.0004021023100895467,0.022317132038057245
1520.0,187.38782799134734,0.00042107624360321463,0.023351972966625504
1520.5,183.9692371849216,0.0004475147171305298,0.024793930814703522
1521.0,183.29583772324358,0.00047324335352922,0.026197174537097905
1521.5,184.88819443998744,0.0004756080650458429,0.02632614639706189
1522.0,186.34403264141417,0.0004501238525151508,0.024936234245454502
1522.5,186.61393651258678,0.0004145003680707498,0.02299332371473542
1523.0,187.36379133137441,0.0003908067669439395,0.021701071466998047
1523.5,185.20493154956577,0.0003754125737613558,0.020861470151726177
1524.0,183.58254649940514,0.00037356999328837763,0.020760975110472035
1524.5,185.06824046698355,0.0003905468076323576,0.021686892304282945
1525.0,185.85015737431644,0.00043171078492007276,0.023931980680269544
1525.5,186.43433976440895,0.00047199632431426525,0.026129160135044367
1526.0,187.6786219473133,0.0004840933815767855,0.02678893639921603
1526.5,187.79452016252392,0.0004700212587858513,0.026021441590822203
1527.0,187.60875186553466,0.00044929507897888956,0.024891032899036266
1527.5,187.58319850497227,0.0004158198833945266,0.02306529041633178
1528.0,185.89463909608057,0.00039354858955258407,0.021850609775047953
1528.5,183.75261808643762,0.00038684090638450066,0.02148477178141465
1529.0,181.40340818992513,0.0003949664758114299,0.02192794121193152
1529.5,182.25524535356698,0.0004192276983103885,0.02325115240206511
1530.0,184.69643631883642,0.0004385982615508996,0.02430762659626631
1530.5,185.848903883432,0.0004438737255737142,0.02459535134866138
1531.0,183.05249206925373,0.0004429469458583649,0.02454480369733001
1531.5,178.19288460054273,0.0004253956785388001,0.023587554336253737
1532.0,173.76603867880243,0.00040481170463279784,0.022464901706342588
1532.5,173.07251547872335,0.0003934163952127647,0.02184340122340419
1533.0,177.81532203233718,0.00038161627747392056,0.021199820751564593
1533.5,184.52664815081232,0.00037066540934918823,0.02060255810763464
1534.0,189.47677437943213,0.000375889905886524,0.02088750300709216
1534.5,189.22447651335,0.0004045944135857327,0.022453051254484806
1535.0,185.94939801744226,0.00044617790487208814,0.02472101887441834
1535.5,180.65553784388902,0.0004685100771721084,0.025939018572403688
1536.0,179.89915244414686,0.00047116522259785855,0.026083832016063537
1536.5,180.21703866288954,0.00045675330899811183,0.02529780505344667
1537.0,180.41918435824178,0.00043511980618241583,0.024117910916043858
1537.5,181.14268666407256,0.00041476596253708014,0.023007808451016243
1538.0,183.00646783846193,0.0003893852960461492,0.021623543349999746
1538.5,185.63774727888705,0.00037390756744277385,0.02077938621030935
1539.0,187.6040649901096,0.0003668685780813195,0.020395478521098943
1539.5,185.02677489231198,0.00037004325165250165,0.020568625647768988
1540.0,177.46099660261564,0.0003879221267334445,0.021543741060098237
1540.5,171.78557725934905,0.0004151997619926479,0.023031467321582143
1541.0,167.97318359975546,0.00042379864286999034,0.023500452279844566
1541.5,166.14406081647277,0.00041684620388514316,0.02312126621459233
1542.0,171.7038930703183,0.00040410533128372987,0.0224263770655152
1542.5,180.31484862736477,0.0003917746902189914,0.021753862304747747
1543.0,185.07895311720844,0.0003812435975669319,0.02117949451420394
1543.5,184.63181692354857,0.0003820847768070321,0.02122537163695831
1544.0,182.42466435618695,0.00038954398020067015,0.02163219734448167
1544.5,181.7805338926541,0.00039921806618714627,0.022159824231963356
1545.0,181.4400129180472,0.00040507631978756544,0.022479334896998618
1545.5,179.42004231066898,0.00040587897365395247,0.022523111220840244
1546.0,176.66152110343216,0.00040110151966136787,0.02226254869258233
1546.5,175.84766391890517,0.00039431866835144667,0.021892611260303525
1547.0,178.86279130887584,0.0003925542464538413,0.02179637947383295
1547.5,179.99825760333314,0.00039296012103999994,0.021818516027999994
1548.0,180.42471870689658,0.0003936566713726424,0.021856505797771007
1548.5,180.8210278476852,0.00039406540869403687,0.021878798327776717
1549.0,182.00315692501167,0.0003957052704378147,0.021968236602080495
1549.5,181.96102656982282,0.0003983430359811393,0.022112100717184224
1550.0,179.22164280000052,0.0003985992402,0.022126074659999998
1550.5,173.51649342821096,0.00039315418079560917,0.02182910019890254
1551.0,172.21976958706423,0.00038416317633644526,0.02133872934692323
1551.5,176.21592217803465,0.0003739972945122863,0.020784280411792627
1552.0,180.2425821046866,0.0003639876901857498,0.020238355407029913
1552.5,180.85882860370373,0.00035702489701481605,0.019858603681481547
1553.0,177.43822022604502,0.00035710268040428173,0.01986284632446476
1553.5,174.5800356392453,0.00036571501431813844,0.020332563373970512
1554.0,172.7535057788311,0.00038081887537933635,0.02115633020067601
1554.5,171.84766816903374,0.00039195582255092634,0.021763741749953353
1555.0,174.52800616371482,0.0003921016848198833,0.02177169709156772
1555.5,175.27943290386514,0.0003893349619226961,0.02162079859266602
1556.0,176.8568631721583,0.00039008909599142134,0.021661929559758236
1556.5,177.5083651956756,0.00038924264600756774,0.02161576425081082
1557.0,175.8665217298996,0.00037401334933654274,0.020785156425987737
1557.5,170.69010929048747,0.0003582027687902911,0.019922844750098284
1558.0,168.43807998181677,0.0003533623661529396,0.01965884853115789
1558.5,173.56676354187167,0.00036009592621584464,0.020026097936701414
1559.0,178.04656789062483,0.00036712228596698083,0.02040931621550706
1559.5,179.03707989576682,0.0003675619199797916,0.020433294309508618
1560.0,177.22485383285286,0.00036398527756484117,0.020238223876080676
1560.5,176.93566139578837,0.00036693523180705487,0.020399114279157637
1561.0,178.4251865714888,0.0003840745745706515,0.021333896305269936
1561.5,177.1697891852162,0.00040161825190361306,0.022290731334943362
1562.0,176.07393019787952,0.00041162341886836015,0.02283641543134578
1562.5,177.031290101692,0.00041445484176025956,0.02299084145302378
1563.0,176.25096594898167,0.00041121134550913257,0.022813940768213293
1563.5,179.08353923304244,0.0004009754669399231,0.022255674117926387
1564.0,177.70722595504,0.00038641185146048054,0.021461372450744528
1564.5,175.5626912677507,0.00037849714075240457,0.021029703207512577
1565.0,177.83118754959142,0.00038156392704492386,0.02119696580455074
1565.5,180.26217819352456,0.0003946879043267103,0.021912749648454716
1566.0,181.32453749248774,0.00040640638220755656,0.022551877144988266
1566.5,179.87465535658532,0.00041197793966146366,0.022855749865073185
1567.0,176.6567827471354,0.00041480337959169005,0.02300984991833808
1567.5,173.31706487664474,0.0004105388326828561,0.022777260739260837
1568.0,169.79298575472714,0.00039724940845646344,0.02205245387137198
1568.5,167.86171330829134,0.0003784891000890347,0.021029264342515164
1569.0,167.78439356992195,0.00035734661680236475,0.019876150131090616
1569.5,169.5394738524979,0.000347569557982091,0.019342907617059302
1570.0,171.80781459425083,0.00034429415408199795,0.01916426672224316
1570.5,173.58002072356035,0.0003461448561748694,0.019265203685654465
1571.0,173.8675557135513,0.00035306325988381697,0.019642535147851144
1571.5,173.56495921087804,0.00036837266535677554,0.020477512289738837
1572.0,172.4332689127083,0.0003850482138494745,0.02138699937260944
1572.5,170.75468814569217,0.0003955267956662541,0.02195850261546364
1573.0,170.8161537919808,0.00039880174487662783,0.022137119205448936
1573.5,173.17620576033303,0.00039915962236171084,0.022156637805572692
1574.0,173.92012598190416,0.0003927074599413949,0.021804735752416243
1574.5,173.21394809993845,0.0003866240317612594,0.02147294346699573
1575.0,171.60898652015254,0.0003826125093985203,0.021254153999588774
1575.5,169.7966757417991,0.00037813058938076025,0.02100971003925549
1576.0,168.55232229659853,0.00037437978962307536,0.02080514140370031
1576.5,169.23210838841,0.0003747774264703065,0.02082682859003832
1577.0,169.38309802767665,0.00037515925986784135,0.020847654299655235
1577.5,169.01236400354338,0.00037799827424822823,0.02100249466893315
1578.0,168.1481081578946,0.0003839244499310513,0.021325709102964885
1578.5,168.08663186052587,0.00038787647149051086,0.021541252430959463
1579.0,169.1512961570887,0.00038652836465803816,0.021467726749346935
1579.5,169.80380050189922,0.00037804858073979276,0.02100523826638186
1580.0,168.813689994776,0.00036977353514532806,0.02055391567382226
1580.5,165.4762414128993,0.00036832568177431617,0.020474949059460488
1581.0,161.58805206077906,0.0003723049158190879,0.020691977502255435
1581.5,159.60120224005612,0.00037388968766573596,0.02077841152704116
1582.0,162.10415875667897,0.0003715866294111988,0.02065280225678563
1582.5,164.920650508764,0.00036845696828345496,0.020482110332620804
1583.0,164.41828133303665,0.00035979993503027787,0.020009954722885227
1583.5,162.56808695501172,0.0003462288788619361,0.01926978732122247
1584.0,161.10160994656783,0.00033847810870941134,0.01884705821598844
1584.5,160.68250637075013,0.0003352417985644899,0.01867054932892606
1585.0,161.59827558015016,0.0003344349357739015,0.018626543341686907
1585.5,161.5059643018018,0.0003386308801201201,0.018855390626126126
1586.0,160.9086393409141,0.00034224369086774116,0.019052433904393908
1586.5,162.5839815982341,0.00033966689141059586,0.018911895107726256
1587.0,165.08198535911558,0.0003380731102240641,0.01882497042541438
1587.5,164.1052301962872,0.0003368656576745313,0.01875911538048735
1588.0,160.187102792496,0.0003385887359727328,0.018853092830883787
1588.5,159.87578635370332,0.0003395815198665637,0.01890723852069233
1589.0,162.08773919261284,0.00034598081566234823,0.01925625642980084
1589.5,161.95140988557213,0.0003502440022686566,0.019488771863681587
1590.0,161.86041597429997,0.0003541056256233211,0.01969938590295355
1590.5,165.29626296640612,0.0003537532490761476,0.019680167310526304
1591.0,165.51939441636583,0.00034680642489269965,0.019301286316787007
1591.5,163.94808909815487,0.00033569897711650066,0.018695485140565345
1592.0,161.555985480345,0.00032616306363818703,0.018175394768953072
1592.5,161.07878107012658,0.00031805971514368525,0.017733436809886392
1593.0,162.21441129922425,0.0003160089519510742,0.017621587651054108
1593.5,164.00853823389014,0.0003168767763573985,0.017668918649164676
1594.0,164.55910192091707,0.00031874856578254505,0.01777100673393484
1594.5,162.10146326089114,0.0003213684614934554,0.017913896035944503
1595.0,157.59549875086145,0.0003267178769623585,0.0182056541613495
1595.5,158.4293881734263,0.0003414470527329232,0.019008985281614585
1596.0,163.2703235811971,0.000360788754341047,0.020063885255833906
1596.5,167.1240972156718,0.0003700201155644822,0.020567364585246228
1597.0,169.00417362861168,0.0003695054417305376,0.02053929426986356
1597.5,166.7770547258584,0.0003610832839954464,0.02007994856459873
1598.0,163.392333581863,0.00035536666216846895,0.019768163141339404
1598.5,158.47869862283721,0.0003619248584384615,0.02012584759307555
1599.0,157.56029172595316,0.0003745545947495756,0.020814675523050784
1599.5,157.2210846921836,0.0003786833982640871,0.021039861165718116
1600.0,158.59659226858906,0.0003689682009218492,0.02050999298179048
1600.5,161.98467048909174,0.0003495618634752196,0.01945156895435145
1601.0,163.74883235059752,0.0003325429321950302,0.018523353625308336
1601.5,162.82728596091832,0.0003247324400075893,0.018097368040789256
1602.0,162.53210751635368,0.00032252364825068584,0.01797690006108884
1602.5,163.67623025330207,0.00032406434408539905,0.018060929430884755
1603.0,163.9118357289405,0.000327740568784194,0.018261431804277
1603.5,160.6075835806554,0.00033291709276270123,0.01854376001888843
1604.0,158.43488575293318,0.0003458382054132361,0.019248479544212837
1604.5,159.63735360864416,0.0003594932380846655,0.019993227494967437
1605.0,161.6859414572644,0.0003695877085234912,0.020543781224338798
1605.5,160.50828768502083,0.0003721567250720347,0.020683895587921844
1606.0,159.97702898100172,0.0003724196747742413,0.02069823667308167
1606.5,160.7273942495558,0.00037200962167850807,0.020675872322084076
1607.0,156.86889460619844,0.00036209099753454463,0.02013490903908412
1607.5,155.5143495446022,0.0003434498415186478,0.019118218444246965
1608.0,156.61156231642298,0.00032767499910876704,0.018257856027734064
1608.5,158.53244906552194,0.0003172407529840145,0.017688770054864827
1609.0,160.64365885412576,0.00031416342992104197,0.017520932638768243
1609.5,160.13128058170525,0.000317943127335701,0.017727078046181143
1610.0,157.2659762332216,0.00032838739552013376,0.018296709723154336
1610.5,155.03294182899126,0.000342718132253801,0.019078310573416326
1611.0,153.29928847315458,0.0003574154885392796,0.01987990582175276
1611.5,154.58843258880992,0.00036791872339253973,0.020452753978981632
1612.0,157.48474778572873,0.00037166903518752497,0.02065729661290961
1612.5,159.52215786560078,0.000368381186773239,0.02047797746121968
1613.0,159.44244087461297,0.00035880345272252254,0.019955606228521636
1613.5,158.41824249439188,0.0003453633232009845,0.019222579605652622
1614.0,157.28483211678838,0.0003370621903284678,0.018769834182481786
1614.5,154.26677046442637,0.0003377315634584982,0.018806341985177878
1615.0,150.86002540513826,0.00034669276071640345,0.019295086513339936
1615.5,152.11693361516035,0.0003553263739358602,0.019765965582118565
1616.0,155.7598435106597,0.0003595087643116161,0.019994073607890028
1616.5,157.04334339781363,0.00035673046857509526,0.019842545371292788
1617.0,155.8071181847131,0.0003485148649840749,0.019394464966958513
1617.5,155.31444519601988,0.00033904293061492416,0.018877864169054657
1618.0,156.1653591343284,0.0003304868708656714,0.01841121531014924
1618.5,156.29854168585368,0.00032508181542341495,0.01811642311814636
1619.0,154.04806098710995,0.0003247746095115332,0.01809966778493894
1619.5,154.5269988551656,0.00032970441952415446,0.018368540072824336
1620.0,158.33530277985147,0.00034002827194030033,0.018931604794776218
1620.5,156.7356383558182,0.00034530937119168006,0.01921963670620195
1621.0,150.75833145710465,0.0003407166769198857,0.018969151064396384
1621.5,151.42336740676745,0.00033423396284336854,0.018615582887029258
1622.0,153.24964669834227,0.000333867602871007,0.018595600998786904
1622.5,152.98077236157977,0.00034019228422802025,0.01894055023020434
1623.0,152.57360918882716,0.0003491950997310965,0.01943156506052783
1623.5,153.84996539307483,0.0003537037599943608,0.019677468364989865
1624.0,154.35867368302368,0.0003518437638913944,0.01957602361329604
1624.5,155.64635194632368,0.00034443688051872005,0.01917205103179979
1625.0,156.16115173076932,0.00033339724099427015,0.018569947446603844
1625.5,156.40673983038207,0.0003219743550773548,0.017946941766635686
1626.0,155.20644111602988,0.00031435832217986996,0.017531561991425932
1626.5,153.3362767864345,0.0003107192318957876,0.017333085330376963
1627.0,152.3016870003591,0.0003092740435184299,0.017254264738271904
1627.5,152.50497770887728,0.0003089989473237598,0.017239261067885116
1628.0,152.8066749774051,0.0003081440792538663,0.017192636301867847
1628.5,152.2520233904302,0.00030524194644200375,0.017034353648203333
1629.0,151.02708904452678,0.0003039132866604823,0.016961888164192945
1629.5,151.3319162783954,0.0003060622495976319,0.017079092840140173
1630.0,153.05809431513032,0.00031071294363527055,0.01733274255561123
1630.5,152.8355055956595,0.00031652315809146714,0.017649632778781628
1631.0,150.9790246465162,0.0003189548646460508,0.017782258546851722
1631.5,150.06909714453383,0.0003202831552079142,0.017854703684775323
1632.0,150.31422339854453,0.0003242702648439139,0.018072161163045723
1632.5,152.7953677688403,0.0003267848855266726,0.018209308792887402
1633.0,153.12605197154474,0.00032466314309349624,0.018093588825203274
1633.5,149.5369005000005,0.0003210545877682931,0.017896777386585388
1634.0,146.3699025661626,0.0003221765022353497,0.01795796679017013
1634.5,148.26981624353326,0.00032535163333333395,0.018131138713229893
1635.0,152.8472112483838,0.00032858431994457803,0.018307449641049335
1635.5,155.09405651732112,0.0003295199986431871,0.018358482175981527
1636.0,154.86137214246122,0.00032831068405210663,0.01829252607732817
1636.5,152.92269834426375,0.0003243024382652872,0.018073915954369104
1637.0,150.9051434944559,0.0003129452879764374,0.017454495184338153
1637.5,150.1458848743766,0.00030702199079530825,0.01713143735054502
1638.0,149.24916300311213,0.00030502452048132794,0.01702249506867221
1638.5,146.62922264626565,0.00030668646477593353,0.017113137183817427
1639.0,144.4982045622406,0.0003133100526016599,0.017474388627593374
1639.5,143.46923081344673,0.00032739534475721157,0.01824260318395936
1640.0,142.61676233618616,0.0003342475942626201,0.01861632568767284
1640.5,143.23742300742572,0.0003361166408910891,0.01871826423762376
1641.0,145.42658683987202,0.0003311533203451522,0.01844756359751034
1641.5,148.52494225763823,0.00032193777283478055,0.01794494653743877
1642.0,148.0884112973968,0.0003067946109913237,0.01711903625580086
1642.5,146.68817393564345,0.00029442898915841496,0.016444613306930648
1643.0,147.69748307404606,0.0002953961484232644,0.016497362245923686
1643.5,146.00913184593415,0.0003052540487009606,0.017035013534294586
1644.0,141.96356558444927,0.00031994243142639085,0.017836120062764558
1644.5,141.2774437917174,0.00034360744980633097,0.01912681338087683
1645.0,145.50416043304014,0.0003490032004530885,0.019421098910585462
1645.5,148.72909168783443,0.0003407875881116305,0.018973018562499975
1646.0,149.64465477947067,0.00032524918328789246,0.018125551283480434
1646.5,146.75682364146746,0.00030379913562462194,0.01695566211479836
1647.0,143.83405618095023,0.00028735251311661744,0.016058661228347353
1647.5,145.00541581814412,0.0002859509040306545,0.015982216720588235
1648.0,146.71348901077266,0.00028958663468821197,0.016180510187072703
1648.5,146.2398757903894,0.0002877810157323943,0.01608203157075393
1649.0,145.05652234672732,0.0002851522219676883,0.015938657071665273
1649.5,142.7617360622539,0.00028722667856121825,0.01605179815527243
1650.0,141.2001883066579,0.00028830340528169027,0.01611052312708067
1650.5,141.08929972474746,0.0002910028158242423,0.016257749236464638
1651.0,140.21104415957458,0.00030069001979680736,0.01678609113234036
1651.5,138.80783832624093,0.0003096314716250013,0.017273759203812127
1652.0,138.88293833617024,0.0003130790358882982,0.01746178907617023
1652.5,140.50830949095757,0.00030588905250531856,0.017069646830531884
1653.0,140.15862424847424,0.0002992158590828239,0.016705689939581467
1653.5,138.60952375473272,0.00028963756027976364,0.016183287644509842
1654.0,144.47049827504935,0.00028234376315064,0.015785483154001405
1654.5,149.73308461755775,0.00028294853568328553,0.01581846767162841
1655.0,149.4067133122199,0.00028924482363677014,0.016161868171188278
1655.5,148.4503955259146,0.0003000986870695846,0.01675383952842543
1656.0,146.19451907230987,0.0003151019844114321,0.01757212166031375
1656.5,145.0707273063127,0.0003286381615396348,0.018310386746861588
1657.0,147.7041113531384,0.0003358894996614338,0.018705875563452854
1657.5,152.0172323879158,0.00033183341924087977,0.018484656552679814
1658.0,151.37072857616465,0.00032496768249065016,0.018110197672220375
1658.5,148.3704739278403,0.0003209902854063288,0.017893269623150496
1659.0,146.7089558789025,0.0003217453876158281,0.017934453239013715
1659.5,145.6173792624254,0.00032903102726043797,0.018331813047713745
1660.0,142.67782085785223,0.0003382446933180934,0.018834328429224757
1660.5,141.35264148069288,0.00033756881645371963,0.018797466331913693
1661.0,143.2528716317504,0.00032577783323997053,0.018154384422249467
1661.5,147.84610486944405,0.00030975460163014883,0.017280474753737642
1662.0,148.22985573675933,0.0002943188128290505,0.016438604815941255
1662.5,146.74478822084046,0.00027855106267129153,0.015578629139682047
1663.0,145.86837249699158,0.0002737802647412757,0.015318428769153635
1663.5,145.59924326140154,0.0002789899123225813,0.015602564206117943
1664.0,145.95762404312538,0.0002874609675583505,0.0160645760463165
1664.5,146.34505576744178,0.0002963650480940327,0.016550205985844196
1665.0,149.18639254802764,0.0003007538124216372,0.016789570476036356
1665.5,150.06018328883502,0.0002990336137924755,0.016695750140776684
1666.0,145.60508407229466,0.00029577771766936263,0.016518173384226467
1666.5,139.71797044539488,0.00029326734743243265,0.01638125728681744
1667.0,136.5265981462544,0.000289448863344439,0.016172996232881418
1667.5,138.6114711000379,0.00028624021657954076,0.015997996320609227
1668.0,144.56300638935855,0.0002820619310156247,0.015770112502322617
1668.5,151.86055729638852,0.000278301653479639,0.015565025997598932
1669.0,152.2138394423632,0.0002777332624178675,0.015534025821037465
1669.5,147.61849980751393,0.0002850814277408961,0.01593479545873684
1670.0,146.10777059523826,0.00030134297428949155,0.01682170304610722
1670.5,144.88223330469432,0.00032394778147945845,0.018054572694048338
1671.0,145.37303818965518,0.00033233176954276995,0.018511836936464084
1671.5,144.3708743127595,0.00032998212058350676,0.018383686399896293
1672.0,141.11131448041675,0.00031931752897657777,0.017802038091320516
1672.5,137.43959725447672,0.00030149143850619563,0.016829800226136372
1673.0,135.37621196253014,0.00028443555943522057,0.015899569776709692
1673.5,136.13610292253531,0.00027356429274647806,0.015306649408450659
1674.0,136.400709494533,0.00026851870437824316,0.015031462712657526
1674.5,138.3637518165471,0.00026736521198168734,0.014968550592544143
1675.0,139.2189969511824,0.00027183477625631605,0.015212321560137404
1675.5,140.2439740906791,0.0002840095235432646,0.01587633388020608
1676.0,138.0875260097032,0.00030458128517990395,0.016998320573377638
1676.5,134.15752701374896,0.00031816655905175735,0.01773926373857654
1677.0,132.9654102637963,0.0003185370297725895,0.01775946922104306
1677.5,135.07024489435898,0.0003147241172624344,0.017551512673170247
1678.0,137.1162806412978,0.000307264739466343,0.017144677364261156
1678.5,139.09819772240203,0.00029359477379700704,0.01639911528871812
1679.0,139.65268211370264,0.00028421311507774487,0.01588743770602524
1679.5,138.28207052544258,0.0002832258141516338,0.0158335903140742
1680.0,137.1751095000002,0.0002858152714852267,0.015974820035113604
1680.5,135.510831876756,0.0002872074006068552,0.016050747282168945
1681.0,133.0377447847903,0.00028635563546833184,0.016004291322925957
1681.5,133.56654097241153,0.00028394964817268363,0.01587306828985012
1682.0,137.66209456577272,0.0002806311912856534,0.01569207958450404
1682.5,140.40414277777745,0.00027863880777777804,0.015583414444444459
1683.0,141.0514119916892,0.00028288711674912984,0.015815117594510993
1683.5,141.60066700135292,0.0002960415654310012,0.016532563239659844
1684.0,139.2869284706451,0.00031647751302609325,0.017647141148707416
1684.5,136.16470619999959,0.00033207168884444657,0.01849764984222234
1685.0,135.4180246911124,0.00033983702964373674,0.01892117359190827
1685.5,133.67815239295152,0.0003328608890349157,0.01854069494598163
1686.0,132.42722406475144,0.00031441796901423376,0.017534814977332672
1686.5,132.92194886613208,0.00028622571485614404,0.015997205298045533
1687.0,134.68440084592405,0.000262774008368764,0.014718145997628294
1687.5,136.33363629914317,0.00023840474336042527,0.01338904228910628
1688.0,137.6486964031623,0.0002283273077909515,0.012839417791260348
1688.5,138.95095806580554,0.0002343687230012294,0.013168917099261958
1689.0,140.43807063428122,0.00024782642731227463,0.01390290240150579
1689.5,140.10390561211867,0.0002559952338849963,0.014348430469950556
1690.0,137.9025721805585,0.00026699690719972385,0.014948462720070716
1690.5,135.68790351855668,0.0002875751186999813,0.016070802058573617
1691.0,133.53141899940192,0.00030840168707394974,0.017206686202810507
1691.5,133.7237194530672,0.000318019031160383,0.017731217663710202
1692.0,136.5072290013922,0.0003164336994056543,0.017644753237095735
1692.5,139.27187832672888,0.0003104563465249532,0.017318747468194548
1693.0,137.5936110726527,0.0002975347485546621,0.016614002037611455
1693.5,133.64319688436768,0.00027876734708779164,0.015590424925588712
1694.0,132.50542103924133,0.000270715790008448,0.015151291212636066
1694.5,132.93602465909106,0.0002694197517255892,0.01508060503956229
1695.0,134.34056533701087,0.0002706689604132396,0.015148737519558668
1695.5,133.2377335230524,0.00027234234914224416,0.015240004553431004
1696.0,133.22418217302746,0.00027394245855488883,0.015327274695325917
1696.5,133.38580248883332,0.0002732281403662675,0.015288315205467206
1697.0,136.45267496193466,0.0002713886292483378,0.015187988091357485
1697.5,138.58960594768448,0.00026823820448327603,0.015016163917238418
1698.0,137.99138410214408,0.000264346492638475,0.014803909617033935
1698.5,136.4310009751018,0.00026147460657540295,0.01464727646225411
1699.0,134.83815831395373,0.00026002474726356605,0.014568201182170554
1699.5,133.86117662528318,0.00026071579831135394,0.014605890724912432
1700.0,132.72678506443833,0.0002623596629037452,0.014695547041884801
1700.5,131.18407506443825,0.00026366049329440183,0.014766495149818764
1701.0,130.77869096398695,0.00026465390360494716,0.014820675881957072
1701.5,132.20146643019584,0.00026581268596180107,0.014883875945657127
1702.0,134.5759234939982,0.00026656604236995285,0.014924964342488184
1702.5,136.31130686613338,0.00026765893905965826,0.014984570836486005
1703.0,135.27715883510743,0.0002707566151530275,0.015153518502883137
1703.5,134.67971980157085,0.0002786508492021505,0.0155840709144275
1704.0,135.942350652067,0.00029234080919980377,0.01633072337362208
1704.5,135.2471332187149,0.00030522339496147886,0.017033341209695508
1705.0,132.64202220687704,0.0003098312166459978,0.017284652928128526
1705.5,132.12713553378242,0.00030336838977036105,0.01693216986936108
1706.0,134.28824273491716,0.00028526500448917226,0.015944808410763
1706.5,134.68501700872216,0.00026259858066729247,0.014708578059373431
1707.0,133.57485785894488,0.00024286555258251253,0.013632336009512438
1707.5,133.4764538080723,0.00023308496800819917,0.013098901031248725
1708.0,133.79231912476882,0.00023560199560786985,0.013236180220749977
1708.5,134.2989777517342,0.0002451967261845685,0.013759477985579058
1709.0,135.21390432681372,0.00025582473005003386,0.01433913114805548
1709.5,135.456442026749,0.0002706348078357661,0.01514687487242804
1710.0,134.13477283208587,0.00028774330160617593,0.01607997483105717
1710.5,131.77474911386432,0.0003012856368470916,0.016818575957213137
1711.0,130.5988775174246,0.0003041407304420401,0.016974293449376395
1711.5,130.74571098565355,0.000300938329160468,0.01679963343358131
1712.0,131.93138439625858,0.00029154869779549276,0.016287522135097765
1712.5,132.96961455569738,0.0002770694676904747,0.015497822348044138
1713.0,132.3176320788018,0.00026182584786336,0.014666433238184819
1713.5,131.0072310878028,0.0002530396977465399,0.014187234907439452
1714.0,131.2205330756756,0.0002506458333945949,0.014056673120540555
1714.5,130.48384326773368,0.00025057153955882356,0.014052621187716262
1715.0,127.6679953027023,0.0002518947224540543,0.014124787634054064
1715.5,126.22337566717135,0.0002534423509147923,0.014209195908737019
1716.0,125.97921719431882,0.00025418050773835284,0.014249455114704155
1716.5,125.62183940927855,0.0002553011598889326,0.014310575838804799
1717.0,125.58577607059571,0.00025358880104833597,0.014217183524273912
1717.5,126.63090666847708,0.00025310807762295086,0.014190964695042468
1718.0,127.96954825581423,0.0002552357475290702,0.0143070082836379
1718.5,129.0980975086537,0.00025733865149532743,0.01442170049342335
1719.0,129.90576296474043,0.00025945307839177277,0.014537021659451517
1719.5,129.17257165880142,0.00025968115000235965,0.014549460836951394
1720.0,126.47317064800879,0.0002596212153794601,0.014546191828015857
1720.5,123.93453291249733,0.00025946138786199735,0.014537474917122898
1721.0,125.53143928320553,0.0002573275643271128,0.014421096182327097
1721.5,128.64829377981764,0.0002510372736142107,0.01407802266749619
1722.0,130.66740978116286,0.00024252663173031526,0.01361385139798326
1722.5,131.1735157368082,0.00023530968255898807,0.013220237787022764
1723.0,129.61456314256566,0.00023144450462883438,0.013009430080208077
1723.5,128.1945382383732,0.00023269414778187734,0.013077586038347341
1724.0,128.2194731681682,0.0002395123244294305,0.01344945058483489
1724.5,130.2985288929414,0.0002519218116402058,0.014126265698669803
1725.0,130.24197055560322,0.0002659795084666221,0.01489297451235634
1725.5,129.3932407257027,0.00027897330926732395,0.015601658064685654
1726.0,129.59676536964986,0.00028635380462354145,0.01600419132607007
1726.5,129.03948504029657,0.0002887524704609929,0.016135015038684718
1727.0,126.20690698082598,0.00028556188511731683,0.01596100015916649
1727.5,123.30499481767121,0.0002753662348807828,0.015404927881486534
1728.0,123.45963559006235,0.0002615988262111771,0.01465405134472033
1728.5,124.59904657733945,0.00024760247789821376,0.013890688293528186
1729.0,126.35753896363497,0.00023683326892205754,0.013303333957723786
1729.5,128.38227436299144,0.00023432304856659385,0.013166425998973797
1730.0,128.53520227524845,0.00023761478150335078,0.013345957919551637
1730.5,130.65086745174904,0.00023916719624246077,0.013430627030217128
1731.0,132.88157705358933,0.00023984897223506936,0.013467811293917152
1731.5,132.38838095554897,0.00024017204479105067,0.013485431173496945
1732.0,130.8468553811701,0.00024226930520109682,0.013599816631517363
1732.5,128.7746131872602,0.00024679800199323685,0.013846812251160657
1733.0,126.66232168475776,0.00025328388465950644,0.014200553385169108
1733.5,126.20596557671378,0.00025977502692600744,0.014554580903699724
1734.0,126.42683929627782,0.00026501324683449607,0.014840274265869034
1734.5,126.65811176049026,0.00026992154356252616,0.015107973552139602
1735.0,127.16619738782711,0.0002732988993851263,0.015292175155795574
1735.5,127.92403301308684,0.00027465201948483596,0.015365974536352307
1736.0,127.6468101518713,0.0002731400107439886,0.015283509292533005
1736.5,126.43927094154373,0.00026751000829482576,0.014976448011321702
1737.0,125.42939789471266,0.0002582511771760044,0.014471469928545097
1737.5,124.89386950323464,0.00024844901225508104,0.013936858627079364
1738.0,125.01084502112678,0.0002419020261126755,0.013579784769014055
1738.5,125.43756636831277,0.000237489765020576,0.013339139249794232
1739.0,126.57543483695645,0.0002347623687577641,0.013190387044409946
1739.5,126.54030113155707,0.0002344369173512337,0.013172636801772757
1740.0,126.16733398260872,0.00023568741561159402,0.013240839013565209
1740.5,124.71357531207742,0.00023743854662995156,0.013336346111130428
1741.0,123.02773417517187,0.00023855045323995,0.013396989610497812
1741.5,122.02041874949455,0.00023808782965830974,0.013371758390820866
1742.0,121.86617000303275,0.00023677418687626366,0.013300112220177922
1742.5,121.96839071760664,0.00023555753180614505,0.013233754999696782
1743.0,121.84184588303678,0.00023431932370804678,0.013166223208087337
1743.5,122.41351318135875,0.00023353083389102296,0.013123219105489279
1744.0,123.647905304225,0.00023544015058116072,0.013227353035172855
1744.5,124.51472374087253,0.00024115635741527836,0.013539116229545047
1745.0,124.85560109120145,0.0002520909482873861,0.01413548998633116
1745.5,124.28701193714386,0.00026634891513784356,0.014913121850303324
1746.0,121.68512675740882,0.0002822074210130936,0.01577804692177804
1746.5,118.65711934846591,0.0002865043680555038,0.016012403067175114
1747.0,118.69536847132883,0.0002815999670814186,0.015744916174508346
1747.5,121.12400425781219,0.0002668342845151673,0.014939594014705985
1748.0,121.99934725004604,0.00024928194987410175,0.013982286736904857
1748.5,123.31904907059318,0.00022908289947681665,0.012880627654866311
1749.0,123.49559320749792,0.00021565251723475566,0.012148132529031026
1749.5,123.87906798091382,0.00021092225440485205,0.011890143595703305
1750.0,125.37143005757964,0.00021094143654054067,0.01189118957828438
1750.5,125.53136840729594,0.00021903134535163448,0.012332414796765622
1751.0,125.49329699511095,0.0002308814578600958,0.012978721572433138
1751.5,123.62301751034248,0.00023941687673937478,0.013444244670590397
1752.0,120.77186516880296,0.0002485338969700869,0.013941488283333412
1752.5,118.04852781746033,0.0002553554807753358,0.014313538134310133
1753.0,115.75956442071202,0.00025776952668679957,0.014445200398857877
1753.5,116.9159951006713,0.00025690585740172566,0.01439809611169702
1754.0,120.17970163886142,0.0002520981453091269,0.014135882575564297
1754.5,122.37638374877355,0.00024528721232090203,0.013764413304710456
1755.0,123.13846475956815,0.00024064694711972552,0.013511332295878328
1755.5,122.88762410885572,0.00023645017435534294,0.013282440334262801
1756.0,121.97130454950957,0.0002328545079830516,0.013086331868528143
1756.5,119.87958838815837,0.00023017433730263212,0.012940155061842136
1757.0,119.06583185455624,0.00022940799110883974,0.012898357996680303
1757.5,119.3902058293484,0.00022979948819884432,0.012919710796822071
1758.0,119.14943089776808,0.00023092871467915487,0.01298129888798325
1758.5,119.07647968170951,0.00023330894268380124,0.013111116944202014
1759.0,119.07311965132496,0.00023606403240784997,0.013261380023689965
1759.5,119.6191041422594,0.00023803472713189872,0.013368861902390911
1760.0,120.56059973998805,0.0002399736189270771,0.01347460944590556
1760.5,120.73748218669057,0.0002419448945497112,0.013582123092249458
1761.0,119.5842360196253,0.0002443084093933057,0.01371102939181113
1761.5,117.86769579277609,0.00024674756599061165,0.013844061208181668
1762.0,116.15551960663342,0.0002486742549547205,0.013949143457550375
1762.5,116.9767558562759,0.0002486490995752581,0.013947770997283102
1763.0,119.03187385926184,0.00024603811484941114,0.013805367600996371
1763.5,121.61366357996698,0.00024159994893135372,0.013563309681670025
1764.0,123.16920449284551,0.0002371731973175149,0.013321873432258645
1764.5,123.07904396908975,0.00023298951411345167,0.013093694773913074
1765.0,121.39319665685558,0.00023074885569643176,0.012971489450842234
1765.5,118.63475142626106,0.00023020662853816298,0.012941916354075031
1766.0,117.5559701369208,0.00023184793319226332,0.013031433384814238
1766.5,117.61573018952195,0.00023448710340173826,0.01317537401214389
1767.0,117.82997004253147,0.00023462745226777813,0.013183028503402517
1767.5,116.2391548586199,0.00023205131406098318,0.01304252581377927
1768.0,114.90280369599475,0.0002272074814997756,0.012778342492011737
1768.5,114.80754695586222,0.00022139499688197367,0.01246132848590726
1769.0,114.6710103642914,0.00021558405376300964,0.012144398827822214
1769.5,115.46834816653318,0.00021250333152121712,0.011976375423258617
1770.0,117.09626503002433,0.0002105965814811846,0.0118723813504003
1770.5,118.17489767110271,0.00020812994289973972,0.01173785027409445
1771.0,119.50090567203742,0.00020563247041132944,0.011601638015002023
1771.5,121.10127644332266,0.00020556142781932312,0.011597762934516012
1772.0,120.8572440875305,0.0002097018869014866,0.011823584549301087
1772.5,119.9011391480563,0.00021735658325475557,0.012241072811621151
1773.0,118.29102560150362,0.00022527009238345932,0.012672676783985001
1773.5,115.82680928571472,0.00023292772606766786,0.013090325345714214
1774.0,114.21455248872194,0.00024133477826315716,0.01354884717218041
1774.5,115.09705591399941,0.0002495715925742394,0.013998083951986172
1775.0,117.9444145797623,0.000252963072840268,0.014183056244198224
1775.5,120.1575251400799,0.0002506104823259453,0.014054745015994108
1776.0,120.23416642140471,0.00024444186733277675,0.013718308117056901
1776.5,118.46743225067976,0.00023706505843612904,0.013315975787267464
1777.0,116.77329529688501,0.00022945068860861478,0.012900687015419245
1777.5,117.15498663907003,0.0002253272088467975,0.012675791730013401
1778.0,117.45088555300019,0.0002202603617133602,0.012399445253533368
1778.5,116.14925440936658,0.00021694857457558032,0.012218819618408957
1779.0,114.48558678825248,0.00021684357370087794,0.012213092668645485
1779.5,113.84885666604849,0.0002184091598544412,0.01229848035519193
1780.0,113.52483583410144,0.00022047085168202727,0.012410925474792606
1780.5,113.44875187284038,0.00022168307165860377,0.012477039933102958
1781.0,113.77781246970328,0.00022328937215211023,0.012564647988842452
1781.5,113.99790108623937,0.00022427816224787923,0.012618576638265782
1782.0,113.21550449371779,0.0002222147130426217,0.012506036137459984
1782.5,112.63420615195116,0.00021880684224280663,0.012320170085672063
1783.0,113.78353730685853,0.00021669519106424907,0.012204999962219154
1783.5,114.0060041712653,0.00021905828041190412,0.012333883331513614
1784.0,112.29311920756638,0.00022278970228016378,0.012537395813190194
1784.5,110.54523315509516,0.0002279645194927212,0.012819631083348267
1785.0,110.04701937421606,0.00023252685844741115,0.01306846161307115
1785.5,111.9998242079044,0.00023923186708240098,0.013434153933385614
1786.0,114.87925691005238,0.00024396993139312023,0.013692568743415196
1786.5,116.60280590257578,0.0002444826401713326,0.013720532039641655
1787.0,117.15986228020839,0.0002395094688968745,0.013449294642812472
1787.5,117.19953497223764,0.0002309324327568028,0.01298150163436985
1788.0,115.81063193789285,0.00022355170124213725,0.012578955189701197
1788.5,114.09860707477971,0.0002178951054692071,0.012270443928592313
1789.0,113.70619701298708,0.00021419924152702214,0.012068870692417303
1789.5,113.63625928284182,0.00021253527979222506,0.011978118277882028
1790.0,113.0897070203319,0.00021121506480135556,0.01190611350313158
1790.5,111.62729976720259,0.00021096823862097982,0.011892651537172776
1791.0,110.17924324453182,0.00021206659651991017,0.011952556029379318
1791.5,108.77258126314553,0.00021424577125847173,0.012071408435206831
1792.0,107.72007311695185,0.0002150369066907744,0.012114557319227377
1792.5,107.79323896704565,0.00021420011282135293,0.012068918483850456
1793.0,109.45030142263616,0.00021133386887523344,0.011912593198653992
1793.5,111.42744648419689,0.00020727373069534633,0.011691152481281799
1794.0,113.03533936490267,0.00020189248919925135,0.01139765901458678
1794.5,113.2385183906936,0.0001978653440175587,0.011178017821571525
1795.0,113.57956724367979,0.00019420291733848296,0.010978268063764035
1795.5,113.96714109350305,0.00019337083571992978,0.010932886537532925
1796.0,113.62646220599837,0.0001947652288624706,0.0110089367001184
1796.5,113.40196330455801,0.00019887997360891856,0.011233355554469212
1797.0,113.26183870165744,0.00020583188995165817,0.011612514194267995
1797.5,112.64362132364542,0.0002174522963479752,0.012246292964886926
1798.0,111.33429323981399,0.00022833083917808092,0.012839610034070883
1798.5,109.35322422557671,0.00023872523045663903,0.013406522134577277
1799.0,109.12600710664486,0.0002420792927371318,0.013589453400757432
1799.5,110.14999950409103,0.00024072071334763515,0.013515356154460185
1800.0,110.63365750000001,0.000231955635,0.013037307500000001
