Time,temperature,CO,CO2
0.0,20.0,0.0,0.00038641183
0.5,20.000800730285167,0.0,0.00038641183
1.0,19.96439724096068,0.0,0.00038641183
1.5,19.968712541047253,0.0,0.00038641183
2.0,19.986598167888708,6.1566659400891735e-28,0.00038641183
2.5,19.97614978985314,1.9381496702774125e-26,0.00038641183
3.0,19.963231509709384,2.2028060847924866e-25,0.00038641183
3.5,19.975089528341275,1.2778534006988307e-24,0.00038641183
4.0,19.978319542345346,6.070789367201154e-24,0.00038641183
4.5,19.955058445125534,3.987318004719701e-23,0.00038641183
5.0,19.942581509555563,3.1308909123654147e-22,0.00038641183
5.5,19.958964239352326,3.0764484877658315e-21,0.00038641183
6.0,19.991430775414802,2.0666036617465638e-20,0.00038641183
6.5,19.972018192357705,9.607535588616828e-20,0.00038641183
7.0,19.931220751038914,4.459297260316217e-19,0.00038641183
7.5,19.92470479845547,1.7581602461563393e-18,0.00038641183
8.0,19.99386789020808,5.1762177148781765e-18,0.00038641183
8.5,20.053378760138294,2.1549340573036095e-17,0.00038641183
9.0,20.055215135562385,1.0534238273419724e-16,0.00038641183
9.5,20.052046344903896,4.954281189060673e-16,0.00038641183
10.0,20.13640194307717,3.237453429903671e-15,0.00038641183
10.5,20.336813206586193,1.8306944339543455e-14,0.00038641183
11.0,20.362378025657797,9.184347426675173e-14,0.0003864118336385314
11.5,20.162071686694713,5.823118769343688e-13,0.0003864118600307634
12.0,19.735930966719213,3.174891756640675e-12,0.00038641200312680826
12.5,19.536420014940735,1.2062169327067242e-11,0.0003864124873863378
13.0,19.452500207473744,4.856247251385478e-11,0.0003864144767307661
13.5,19.38461412367651,2.1695409616880057e-10,0.00038642366063856794
14.0,19.450792935499454,1.0637479750703843e-09,0.00038646984830620194
14.5,19.642575179476125,3.7144651553780872e-09,0.00038661441648724386
15.0,19.841594205524046,1.6352592627735164e-08,0.00038730370179084026
15.5,20.001618621376213,5.8926827964317354e-08,0.0003896257069415937
16.0,20.173652583108538,1.6458899638304636e-07,0.0003953885387052104
16.5,20.385879184995492,3.54806926529374e-07,0.0004057630536252545
17.0,20.628625537975292,6.883072175779699e-07,0.00042395220739656824
17.5,20.67560327401412,1.1052695965925576e-06,0.0004466933981532271
18.0,20.49404215323058,1.6346444596552088e-06,0.00047556558571294153
18.5,20.373913426152427,2.1232368126364622e-06,0.0005022134885916801
19.0,20.56932702161622,2.609671896914485e-06,0.000528743731451506
19.5,20.953198317877625,3.1962992169671332e-06,0.0005607384712559281
20.0,21.087051498367117,3.788510809199777e-06,0.0005930377829854303
20.5,20.910783354060666,4.321204739215376e-06,0.0006220909882121863
21.0,20.729140867462892,4.912477595504417e-06,0.0006543391010055717
21.5,20.64400348610961,5.229806313474243e-06,0.0006716462588428942
22.0,20.366466412413175,5.291743587026138e-06,0.0006750243305037926
22.5,20.20335757459999,5.246966061352959e-06,0.0006725821540055675
23.0,20.48794575652184,5.03428525011973e-06,0.0006609825081710696
23.5,20.669048260603017,4.752837129874905e-06,0.0006456322830573691
24.0,20.507369594132808,4.482377616295567e-06,0.0006308813825679979
24.5,20.301657658028166,4.17144333124049e-06,0.0006139229781330213
25.0,20.38583826393554,3.892555797436045e-06,0.0005987124135546527
25.5,20.684754210049498,3.7152909442525153e-06,0.000589044361750326
26.0,21.07962188617895,3.5804090891706575e-06,0.0005816878821393873
26.5,21.42044560430473,3.50256609824756e-06,0.000577442314657551
27.0,21.4438034979159,3.5208409100857708e-06,0.0005784390262245864
27.5,21.354915075997166,3.5872835082964487e-06,0.0005820628120130852
28.0,21.279850966639195,3.637555230960298e-06,0.0005848046389060072
28.5,21.270598015149453,3.678100833589078e-06,0.0005870160035976914
29.0,21.301611706788286,3.651430393570555e-06,0.0005855613949989903
29.5,21.304839650831962,3.534311714743214e-06,0.000579173723542953
30.0,21.293885493200214,3.359853841643514e-06,0.0005696587646850478
30.5,21.305945721074423,3.1799021176268817e-06,0.0005598441715890951
31.0,21.387932162605388,3.0213767762508632e-06,0.0005511981753198222
31.5,21.46006706904817,2.8737225397406217e-06,0.0005431450931598801
32.0,21.42173702975937,2.70696679242559e-06,0.0005340502091798941
32.5,21.294509674119933,2.5890115757517352e-06,0.0005276169110690763
33.0,21.144339303003225,2.5130458921719315e-06,0.000523473729460598
33.5,21.14834418805343,2.5616982264199696e-06,0.0005261272366366951
34.0,21.417765366528556,2.644999009602368e-06,0.000530670471529631
34.5,21.790459532423366,2.708423809100036e-06,0.0005341296718801002
35.0,21.945067597947514,2.775286522569051e-06,0.0005377763714134659
35.5,21.787850917491532,2.8424316391657904e-06,0.0005414384796408821
36.0,21.524003596775685,2.90287766154765e-06,0.0005447352140156955
36.5,21.37466826048019,2.901383726992434e-06,0.0005446537348584053
37.0,21.573902007320445,2.903434965032366e-06,0.0005447656117756491
37.5,21.970604648164006,3.021751876875988e-06,0.0005512186314201258
38.0,22.33148138031923,3.261534264235444e-06,0.0005642963963289352
38.5,22.63606543334022,3.565928784336833e-06,0.0005808981210163785
39.0,23.049546876241063,4.082898621349442e-06,0.0006090937396631024
39.5,23.39108567957118,4.428043268455562e-06,0.0006279179759984654
40.0,23.888561009374158,4.720803002253741e-06,0.0006438851392367661
40.5,24.11364505349128,4.823811668445107e-06,0.0006495032452173542
41.0,24.27753998376202,4.800605589838992e-06,0.000648237578084221
41.5,24.21600172168992,4.603706957781342e-06,0.0006374986999081163
42.0,24.06920081534028,4.432045109213988e-06,0.000628136238753029
42.5,23.9674262624677,4.2917717606909995e-06,0.0006204857066631395
43.0,24.023895778240306,4.249693087220707e-06,0.0006181907330523257
43.5,24.003200881185524,4.250771629608637e-06,0.0006182495546341545
44.0,23.84277824672472,4.2656667098374775e-06,0.0006190619333252819
44.5,23.98523575771379,4.276809824342278e-06,0.0006196696799326476
45.0,24.13706031005007,4.295768186418234e-06,0.0006207036702959213
45.5,24.107106583181622,4.355856664821336e-06,0.0006239809057925372
46.0,23.860262653909974,4.456775435867671e-06,0.0006294850336709662
46.5,23.45774896891052,4.597036138391721e-06,0.0006371348770479237
47.0,22.825722220021106,4.779074797312874e-06,0.0006470632910589569
47.5,22.48265215768827,4.9498608439315204e-06,0.0006563779836297436
48.0,22.399402767836495,5.344179675267747e-06,0.0006778841889987142
48.5,22.549755307484485,6.03944462596261e-06,0.0007158040453636426
49.0,22.83133830191188,7.4597757986117854e-06,0.0007932691301960914
49.5,22.92012586256572,9.692586177074864e-06,0.0009150469384647147
50.0,22.856670387565625,1.4107459318957196e-05,0.0011558347645785098
50.5,22.650542725554736,2.0801696159528034e-05,0.0015209394398106035
51.0,22.46041738042759,2.5467637976033478e-05,0.001775420652585335
51.5,22.239213969829603,2.8825443916812932e-05,0.001958555897678433
52.0,22.095712932515738,2.9080529180848812e-05,0.001972468288195767
52.5,22.00215550182843,2.8672546870260176e-05,0.0019502168797809693
53.0,21.997920751197693,2.8112001751057793e-05,0.001919644655689687
53.5,22.0316197032029,2.740254415330986e-05,0.0018809507058759772
54.0,22.145882334765993,2.668574896075532e-05,0.0018418566003089428
54.5,22.412774909449407,2.569537820568379e-05,0.0017878416605570623
55.0,22.725970600253124,2.4500224843342403e-05,0.0017226577824779666
55.5,22.88253488646846,2.3015904259786525e-05,0.0016417027215578945
56.0,22.991604278665925,2.135488816873784e-05,0.0015511106470497843
56.5,23.18516614132713,1.9928728350978396e-05,0.0014733276808105568
57.0,23.50589866366964,1.8511464959270395e-05,0.0013960299289199648
57.5,23.79207279097635,1.7578498032269125e-05,0.0013451457716651953
58.0,24.061768245494672,1.66186517190349e-05,0.0012927956120859928
58.5,24.239825515255497,1.585051737137366e-05,0.0012509014524271305
59.0,24.335314460216935,1.539691445546e-05,0.001226161873477745
59.5,24.42193301275829,1.4936723692034817e-05,0.0012010629931157601
60.0,24.4552230246788,1.4740015775208474e-05,0.0011903345363056576
60.5,24.45332442430077,1.465860185831266e-05,0.0011858941996468447
61.0,24.31447758293733,1.4726540497635134e-05,0.001189599545010753
61.5,24.05550298360983,1.4896474128394114e-05,0.001198867750800305
62.0,23.745093965493215,1.5272297275003085e-05,0.0012193652241624714
62.5,23.586199439943613,1.5833061640168033e-05,0.0012499494038470367
63.0,23.422345429580943,1.6891026083648684e-05,0.001307650918190856
63.5,23.23393999910018,1.8505364926288064e-05,0.0013956972071819823
64.0,22.947486539059188,2.0494931075919838e-05,0.001504208459039576
64.5,22.662690677245944,2.24167506215894e-05,0.0016090248123029737
65.0,22.52796282930937,2.470046134102687e-05,0.0017335787139316173
65.5,22.46778025281196,2.5933221969221423e-05,0.0018008136942215787
66.0,22.14297143405776,2.679487418727529e-05,0.0018478083063076815
66.5,21.757830125369203,2.663036676133006e-05,0.0018388360509412759
67.0,21.486048791201856,2.5493988829235624e-05,0.0017768578076136977
67.5,21.51610279894908,2.4186333049626454e-05,0.0017055380853533855
68.0,21.716505338081493,2.2498088938035485e-05,0.0016134610099687882
68.5,22.018870075785813,2.0921255765037796e-05,0.001527460283521685
69.0,22.272715926482988,1.9655955847133412e-05,0.001458450647233599
69.5,22.44436698364313,1.852743917531046e-05,0.001396901191947349
70.0,22.460578639015502,1.817200330563332e-05,0.0013775156634291187
70.5,22.3435983935502,1.81443257940482e-05,0.0013760060876002575
71.0,22.115722097429146,1.823840186218148e-05,0.0013811369903284725
71.5,21.833889718922617,1.848137913424806e-05,0.0013943890176259168
72.0,21.527336421897704,1.889811465582829e-05,0.0014171178736311597
72.5,21.22830070498248,1.9553880823849226e-05,0.0014528834549923629
73.0,21.07365741327842,2.09491334942519e-05,0.001528980727385293
73.5,21.289421252167035,2.282139572475428e-05,0.0016310941948059837
74.0,21.823095629829073,2.5294120293279676e-05,0.0017659569296551215
74.5,22.175508217946764,2.6401647514514944e-05,0.001826361635991804
75.0,22.333530262442483,2.718061845959988e-05,0.0018688468929625591
75.5,22.095508140627796,2.7579689583807365e-05,0.0018906122749538191
76.0,21.769400470018915,2.8328392252160915e-05,0.0019314466081276887
76.5,21.536697019006084,2.9451058926926184e-05,0.0019926770080287435
77.0,21.2145754776935,3.105537466313805e-05,0.002080176660811393
77.5,21.108029114938237,3.181105803156166e-05,0.0021213917451425976
78.0,21.321024446686387,3.16572424083585e-05,0.002113002592618191
78.5,21.861483072292838,3.035760594863388e-05,0.0020421202296610204
79.0,22.32512338145121,2.9005847168228226e-05,0.0019683951206162535
79.5,22.453169641032698,2.8572448802985973e-05,0.0019447574944869662
80.0,22.5075793605376,2.8564050802057967e-05,0.0019442994730135643
80.5,22.797056710302158,2.8288364662839595e-05,0.0019292635268351036
81.0,23.732172583815355,2.789992716948191e-05,0.001908078084818141
81.5,24.824081027029138,2.7664831882169918e-05,0.0018952559252304977
82.0,25.84336124981878,2.8294524454802886e-05,0.0019295994422078222
82.5,26.135102561641283,3.0236892209758985e-05,0.00203553644075967
83.0,25.873376733990643,3.163751044842716e-05,0.0021119263701113735
83.5,25.644573938469758,3.1570260339896794e-05,0.0021082585558483097
84.0,25.580227011338827,3.054614474095308e-05,0.002052403160408001
84.5,25.52622724970626,2.9827874149744107e-05,0.0020132285833292245
85.0,24.896151398262976,2.9417835725121407e-05,0.001990865031864779
85.5,23.806199792535175,2.9736748042877337e-05,0.0020082585513839283
86.0,22.958766356935648,3.1523207727680756e-05,0.002105692240081342
86.5,22.575708412632576,3.4944825589506606e-05,0.002292307592638163
87.0,22.47067400351192,3.983727265144144e-05,0.0025591422940350723
87.5,22.418804101600227,4.147708557795174e-05,0.0026485781027325997
88.0,22.30255846878311,4.151130117002453e-05,0.0026504443766770104
88.5,22.324711115865213,3.999487184251302e-05,0.0025677381530350733
89.0,22.364920571286273,3.810655187520105e-05,0.002464748915994253
89.5,22.36867258150478,3.6430922590793504e-05,0.002373359874417521
90.0,22.21426966014742,3.54560166770847e-05,0.0023201883293567753
90.5,22.277365181123955,3.499104559263994e-05,0.0022948287363309967
91.0,22.480813585306368,3.464809373210781e-05,0.0022761241336841684
91.5,22.831468373362156,3.445591704293926e-05,0.00226564276160765
92.0,23.460529558873283,3.450873895518106e-05,0.002268523658877053
92.5,24.001725382962,3.4886822500050576e-05,0.0022891443848642016
93.0,24.228302755164155,3.579343574505913e-05,0.0023385912445727953
93.5,24.10491310038126,3.7914957105125186e-05,0.0024542993202366615
94.0,23.973566893978834,4.2371168606034135e-05,0.002697341745028616
94.5,23.927418974928532,4.815252449030805e-05,0.0030126576442048164
95.0,24.031256972932443,5.337364955010468e-05,0.0032974186093773453
95.5,24.213593394901086,5.606617794202271e-05,0.0034442695385626825
96.0,24.214957666779068,5.6648656444496665e-05,0.003476037962630142
96.5,24.049288587106982,5.6012518178392e-05,0.003441342882416606
97.0,23.71283136617695,5.4439477283357305e-05,0.003355549032524209
97.5,23.29474349739542,5.2491733264330144e-05,0.003249318768293944
98.0,23.019979589239643,5.097445337100111e-05,0.0031665661569042778
98.5,22.730231994122995,4.9419736405512316e-05,0.003081771660376097
99.0,22.63261258798248,4.8879909053071145e-05,0.0030523294130213054
99.5,22.609897527985392,4.847571126089583e-05,0.003030284460697987
100.0,22.705231194582083,4.78780333402137e-05,0.002997687001399932
100.5,22.79501826057255,4.728835740082945e-05,0.0029655259978434425
101.0,22.80657332874541,4.679362347830215e-05,0.0029385431147175814
101.5,22.767958471837215,4.69190159500313e-05,0.0029453820096879187
102.0,22.782966066593175,4.7540776156552585e-05,0.0029792929491307477
102.5,22.838356741570422,4.844271540201554e-05,0.0030284848211026907
103.0,22.89396961771179,4.932567413106008e-05,0.0030766415376199245
103.5,22.990217450487805,5.0273381379683e-05,0.003128329629350126
104.0,23.09770731076141,5.195155719998366e-05,0.003219857596553659
104.5,23.163081561941823,5.461665509427687e-05,0.0033652124562711773
105.0,23.161890744066852,5.833655489126441e-05,0.003568096338182468
105.5,23.096648492381153,6.245014946393794e-05,0.003792452282848125
106.0,23.06192966481632,6.605591943687809e-05,0.003989111456784181
106.5,23.059710915377654,6.741136255886173e-05,0.004063037344946275
107.0,23.00856178632421,6.755776190368396e-05,0.004071022018460293
107.5,22.860212846320337,6.608024422792235e-05,0.003990438082000375
108.0,22.753265119625258,6.400913199858905e-05,0.0038774793282854493
108.5,22.61711443625015,6.26161046092214e-05,0.0038015035806177907
109.0,22.46131115701459,6.22963651629798e-05,0.0037840649852007575
109.5,22.358591611640353,6.209333912470408e-05,0.0037729919161322706
110.0,22.403144407521744,6.0900661261765874e-05,0.0037079430954754643
110.5,22.585535484742504,5.982749076764644e-05,0.0036494121839728407
111.0,22.645879949599017,6.0146086552650514e-05,0.003666788470846196
111.5,22.568665704738095,6.127581093767836e-05,0.0037284037532865338
112.0,22.482970391436186,6.3057003477472e-05,0.003825550335179258
112.5,22.46288662693047,6.610547878783549e-05,0.003991814693969812
113.0,22.547365007095827,6.945340119612316e-05,0.00417441074421507
113.5,22.69474793471925,7.278936441145053e-05,0.004356354756389082
114.0,23.0177100102186,7.635371685140008e-05,0.00455075506846487
114.5,23.2805429997366,7.902140961375172e-05,0.004696251535442097
115.0,23.503952867615816,8.088565392613637e-05,0.004797927639913793
115.5,23.835557795293447,8.185999570734717e-05,0.004851068280450626
116.0,24.1037336459702,8.236515196250283e-05,0.004878619471673855
116.5,24.19954240902133,8.316661201537909e-05,0.004922331089336008
117.0,24.03848323598153,8.377164017784211e-05,0.004955329553215738
117.5,23.800769904579212,8.314854734019271e-05,0.00492134597802459
118.0,23.589953346494987,8.103084243872346e-05,0.004805846032074813
118.5,23.524464369644654,7.875354373120776e-05,0.004681642059179376
119.0,23.58327136799876,7.703902003714983e-05,0.004588131649173482
119.5,23.741507516101493,7.690059941532023e-05,0.004580582279914215
120.0,23.839374457364517,7.820977185655688e-05,0.004651984595024846
120.5,23.915706513201165,8.13104308497362e-05,0.004821094978584444
121.0,23.97358949941857,8.588386511191048e-05,0.005070530630820705
121.5,23.85629383044517,9.057438485136855e-05,0.0053263524614548235
122.0,23.531910096579367,9.436569811954657e-05,0.005533131298983955
122.5,23.265019487955215,9.619181202366581e-05,0.005632727813348143
123.0,23.337478031043037,9.655849774724309e-05,0.005652726899241107
123.5,23.75143958089582,9.677830233165846e-05,0.005664715076620136
124.0,24.154860631611296,9.65457638653805e-05,0.005652032177944266
124.5,24.43073766593784,9.58350180593569e-05,0.005613268040122186
125.0,24.654318644296968,9.476939546784593e-05,0.005555148830078199
125.5,25.017654324156243,9.310765005719186e-05,0.005464517148711683
126.0,25.44209505821127,9.193293109511254e-05,0.005400447661437299
126.5,25.722363317173148,9.126940139433237e-05,0.005364258837332533
127.0,25.886109680911876,9.211705993404445e-05,0.005410490170956235
127.5,26.101624015091105,9.551977256499464e-05,0.005596074497779206
128.0,26.443404762531987,9.991090110072726e-05,0.0058355672741454544
128.5,26.687551169958173,0.00010237217108248772,0.005969805440703763
129.0,26.6012165491499,0.00010343778223128327,0.006027923995146674
129.5,26.23669850187658,0.00010460307658122697,0.006091479324803602
130.0,26.42737541528047,0.00010683447836927232,0.006213180246933358
130.5,27.125343083147335,0.00011099390799101918,0.006440036110590921
131.0,27.55521172168958,0.00011769959238886919,0.006805765086146845
131.5,27.82211255151341,0.00012176611258227977,0.007027553437038065
132.0,27.850220056588892,0.00012193444868744007,0.007036734982377757
132.5,27.72380758030548,0.00012119543487942083,0.006996429007317592
133.0,27.48513157911925,0.00012058918099388526,0.006963363706134256
133.5,27.29199789493156,0.00012014346479411765,0.0069390543740566035
134.0,27.100427440246918,0.0001197759924415966,0.00691901224346289
134.5,27.034305663976415,0.00011925511007481552,0.00689060311770086
135.0,27.224167008445118,0.00011868658171150368,0.0068595957879300775
135.5,27.480215297958107,0.00011836149164096766,0.006841865166066841
136.0,27.541250185219127,0.00011910760178187009,0.0068825582502467135
136.5,27.352599916906996,0.00011972493971438486,0.006916228071126174
137.0,27.213382671892703,0.00011935497436716318,0.006896049916344562
137.5,27.216072918924027,0.00012039856764520061,0.006952967541834566
138.0,27.22551645067908,0.00012229803698926353,0.007056565001812907
138.5,26.997818412426813,0.0001229610596924591,0.007092726563045123
139.0,26.823330265553874,0.0001233709091441701,0.007115079661158198
139.5,26.990430012563884,0.000124745811128142,0.007190066898236146
140.0,27.219060751674476,0.00012968573301472402,0.007459489921938548
140.5,27.401504215224563,0.00013751798627588207,0.007886661324145915
141.0,27.401517381998907,0.00014074847189855932,0.008062853545199852
141.5,27.44251085202331,0.000140629382273013,0.008056359015427134
142.0,27.598631539983426,0.00013794005424257554,0.007909683074674588
142.5,28.103846353290304,0.0001338974767322283,0.007689200451909189
143.0,28.510887424532335,0.00013136793115309519,0.007551238525555002
143.5,28.669046961266634,0.00013107874697378818,0.007535466319956593
144.0,28.60572826130321,0.00013277861154624546,0.007628177521745381
144.5,28.42640933918183,0.00013802561788406055,0.007914349394555483
145.0,28.013054595511257,0.00014366181191935806,0.00822174804631632
145.5,27.586804166210488,0.00014590798924909144,0.008344255069814245
146.0,27.23072775238346,0.00014374402791787814,0.00822623259572132
146.5,27.12398274283321,0.0001406149934000442,0.008055574847706862
147.0,27.421726302026077,0.00013896787007602998,0.007965740513489736
147.5,28.117914189499764,0.000142708633332154,0.00816976211214642
148.0,29.15722300205761,0.00015041651754105605,0.008590151027694124
148.5,29.592406377458836,0.00015863065332020806,0.009038151124192794
149.0,29.64301472991933,0.0001633075573064116,0.009293230346304516
149.5,29.82757693554596,0.00016338364468574488,0.00929738007197241
150.0,30.052303310171595,0.00016165450788370892,0.009203073015487907
150.5,30.107528989946296,0.0001600298372152524,0.009114462736809882
151.0,30.347939096125128,0.0001581043352648004,0.009009446182935662
151.5,30.682029673057475,0.00015668062556097815,0.008931796792502654
152.0,30.894981833153178,0.00015612712978697402,0.00890160916441033
152.5,31.057057178976287,0.00015754174448281876,0.008978762288955472
153.0,30.945355272972453,0.00016211701695977444,0.009228297746410036
153.5,30.808901337292554,0.00016652955572526174,0.009468958511402947
154.0,30.743983795542324,0.00016908310038047332,0.009608229480741661
154.5,30.536382804563118,0.00017112830289016157,0.009719775285705074
155.0,30.106263011883893,0.00017324102560944382,0.00983500337639738
155.5,29.597861569194485,0.00017518122796455734,0.00994082215142795
156.0,29.285811007275644,0.00017684003353459884,0.010031293419145507
156.5,29.42070364398548,0.0001763617334762248,0.010005207215874161
157.0,29.975833343396097,0.00017399885582386587,0.00987633569487954
157.5,30.465230612393707,0.00017377557444743936,0.009864157836300246
158.0,30.642011754185443,0.00017651483362540412,0.010013557405092336
158.5,30.64991168138926,0.0001792893109894663,0.010164877790441288
159.0,30.860216992687757,0.0001791695739668574,0.010158347452484076
159.5,31.264841600394647,0.00017497702558799176,0.009929684881678325
160.0,31.595510495874866,0.00016965493240267732,0.00963941716965238
160.5,31.720110760108913,0.00016637808953751492,0.00946069778238908
161.0,31.83785204975101,0.0001657821960848522,0.009428197308348476
161.5,32.026953058380414,0.00016722109423728814,0.00950667496101695
162.0,32.003694252230716,0.00016899222171725626,0.009603272868355642
162.5,31.749169067097288,0.00016989403294291846,0.00965245765928968
163.0,31.170439028533888,0.000169404344069897,0.009625749740875414
163.5,30.60972104793939,0.0001676174270569783,0.009528291534152957
164.0,30.306885950304036,0.00016739424080362944,0.009516118962301071
164.5,30.384418852474425,0.00016963519439421794,0.009638340515960638
165.0,30.656380244609956,0.00017359479040804452,0.009854297536963208
165.5,30.94284414487155,0.00017948197775785886,0.010175385419332116
166.0,31.18030372229385,0.0001844308387210658,0.010445297087367219
166.5,31.37954037015888,0.00018773183085671596,0.010625333836466709
167.0,31.654709549504375,0.0001902065829940034,0.010760306608219234
167.5,32.77925326561063,0.0001939873411991159,0.010966509773457362
168.0,33.955093850247835,0.00019658795986901345,0.011108347024027831
168.5,34.10048102474148,0.00019517948623573754,0.011031529387244384
169.0,34.112350690919136,0.00019449340694326767,0.010994111018041996
169.5,34.11504912289283,0.00019295829306430488,0.010910386161946133
170.0,33.814074153504,0.00019016962493852008,0.010758291659364174
170.5,33.278838579689165,0.0001898242652953953,0.010739455651129453
171.0,33.00663990483145,0.00019187492401423877,0.010851299393044907
171.5,33.00880923476166,0.00019611155021941143,0.011082365165446565
172.0,33.406876016841615,0.00020316281051935975,0.011466941627800717
172.5,34.10100395406412,0.00020892501739597303,0.011781213517114088
173.0,34.78725331484629,0.00021287695797746745,0.011996752960101602
173.5,35.63688474975793,0.00021416668579760873,0.012067094938704417
174.0,36.01228639113406,0.00021439105332018583,0.012079331565271037
174.5,36.19230076525211,0.00021677410878162104,0.012209303420337632
175.0,36.281564547882745,0.0002202694155121321,0.012399937108367573
175.5,36.056878116161904,0.0002225440691420634,0.012523995970574797
176.0,35.52636438561612,0.00021901064834506644,0.012331283930584027
176.5,35.213320939999,0.00021359380039772484,0.012035849536549905
177.0,35.39617695355056,0.00021176344985028258,0.011936022065628816
177.5,35.86433877026857,0.0002116094043872494,0.01192762086471052
178.0,36.199739324492974,0.00021348898318693815,0.01203013331972496
178.5,36.119397290188985,0.00022108386941171437,0.012444359242733035
179.0,35.59890978269743,0.00023310671676165815,0.01310008724288743
179.5,34.834198939135234,0.00023975025219030092,0.013462425518720334
180.0,34.26374412288928,0.0002374433544048028,0.013336605332212696
180.5,34.123423208160126,0.00022697314524662551,0.012765558591306176
181.0,34.539593089485464,0.0002158218155033555,0.012157364790939587
181.5,35.49469980721822,0.00021013762771132172,0.011847349255318456
182.0,36.22140373717675,0.00021447068101907455,0.012083674436884866
182.5,36.66566193855208,0.00022469000360027139,0.012641036565766234
183.0,36.68150722603779,0.00023334858207465318,0.013113277003763262
183.5,36.55260175170751,0.00023303599387863703,0.013096229524774392
184.0,36.85198876398307,0.00022909290159891973,0.012881172809568681
184.5,37.27677533525393,0.00022526636481007734,0.012672473177038589
185.0,37.556629143028935,0.00022591402119204887,0.012707796118004197
185.5,38.01142145371989,0.0002311628660909234,0.01299406891338807
186.0,38.35636798088385,0.0002396546915176486,0.013457214743915862
186.5,38.3568225055991,0.00024408476244072982,0.013698831335791868
187.0,37.83804119942288,0.00024422917072640783,0.013706707432116225
187.5,37.43889455052795,0.00024401513431198885,0.013695033735366595
188.0,37.38453641343581,0.0002471425794111596,0.013865602307019796
188.5,37.21432610307546,0.00024887697585141354,0.013960194630506247
189.0,36.99015610656686,0.00024256395548345053,0.013615883920404286
189.5,37.20415971591511,0.00023502318435639636,0.013204610410446795
190.0,37.56503971945198,0.00023484429114419884,0.013194854058332076
190.5,37.85311491319649,0.00024115414437555488,0.013538994924881578
191.0,38.38572783273142,0.0002511991845970283,0.014086853016937129
191.5,38.44566476526189,0.0002651233036651661,0.014846276660123087
192.0,38.801583438337786,0.0002916384945174354,0.016292419629387173
192.5,39.3605009543691,0.00029831659118913543,0.016656643404338485
193.0,39.15191087580379,0.0002981293077871303,0.01664642767253528
193.5,40.20449696069569,0.00029683252331653417,0.01657570086491782
194.0,41.26825012032702,0.0002925293312635516,0.016341004299602543
194.5,42.16632942760399,0.0002883727485256521,0.016114303368187505
195.0,42.35137547500733,0.0002887728950985323,0.016136123464338722
195.5,41.860980554040225,0.0002879776547710389,0.016092750165872048
196.0,41.45699304429364,0.00028158523667445954,0.015744109943490896
196.5,41.15599645970923,0.0002760792488002737,0.015443814304702352
197.0,40.88885139475429,0.00027525471338906755,0.015398844896119304
197.5,40.784343093896716,0.0002758792746478873,0.015432908887323944
198.0,40.496601379950114,0.0002750197899956283,0.015386031953374768
198.5,40.12494822429435,0.0002744404202215274,0.01535443319809961
199.0,39.75838105003389,0.00027445470893852994,0.015355212709157781
199.5,39.59160670415355,0.0002740779226383266,0.015334662510796222
200.0,39.583397607547035,0.0002761048187260228,0.015445210433285285
200.5,39.32162853086327,0.0002808416607066829,0.0157035576991941
201.0,39.0419826654882,0.00028458226235815714,0.015907569145663457
201.5,39.07040147888778,0.0002844441474101342,0.015900037099944562
202.0,40.33756576159281,0.00028750319346162415,0.016066878081172447
202.5,43.0254278441862,0.00029492864498923023,0.01647186094073493
203.0,44.00699315693582,0.00030327967225172574,0.01692732570226642
203.5,43.29689904566262,0.0003081930989133266,0.017195306108648726
204.0,42.06173161109992,0.0003086124276494362,0.017218178266037738
204.5,40.75599332137303,0.0003056513806015314,0.01705668352643204
205.0,39.5256372451503,0.0003024199701661564,0.016880442400535215
205.5,38.664230169213745,0.0002996020119131682,0.016726750612574018
206.0,38.38298635269276,0.00029884671546695697,0.01668555725498166
206.5,38.41990008165615,0.00030164150201255724,0.016837984389650923
207.0,38.67368908746886,0.00030387792068911054,0.016959959118236386
207.5,38.819867325809234,0.0003087048977305594,0.017223223314540233
208.0,39.00549986662558,0.0003175737256982064,0.017706930213331303
208.5,39.74138633228718,0.00031864473450697595,0.01776534147821621
209.0,40.5848003230383,0.00031790348940664,0.017724912734545854
209.5,41.201662026697456,0.0003167320714077407,0.017661022383639858
210.0,41.94013736671601,0.00031335321827039985,0.017476739646247373
210.5,42.97389341092163,0.00031532715613510215,0.017584399178222417
211.0,43.81922048918008,0.00031772794189917884,0.017715336875538425
211.5,43.78245444041107,0.00031233754046279544,0.01742134467606518
212.0,43.95083859958731,0.00030902069500221975,0.0172404457622637
212.5,44.113796618148314,0.0003114213329392235,0.017371378305728068
213.0,43.696906291311215,0.00031635555308530806,0.01764049032767773
213.5,42.8674629540514,0.00032063469722148495,0.01787387577722695
214.0,41.72808964779184,0.00031976136306364084,0.01782624365885545
214.5,40.82325581346269,0.0003164481160138135,0.01764553894449926
215.0,40.51152980052623,0.00031397179403058707,0.01751048033029107
215.5,40.61182315883401,0.000309475471674735,0.017265249907861536
216.0,40.819829909932615,0.0003040118463183153,0.01696726341439198
216.5,40.6828395451601,0.0003015356165763973,0.016832209185198083
217.0,40.3878342962106,0.0003101713717970078,0.017303198123014053
217.5,40.5299701774273,0.0003216170452582867,0.017927432302814225
218.0,41.213684001875485,0.000321885797438059,0.017942082457041045
218.5,41.60784427775676,0.00031174528940753824,0.01738903345928401
219.0,41.383521707765496,0.0003060515685936383,0.017078506738476405
219.5,41.68276345335409,0.0003073560175510129,0.017149654634471857
220.0,41.79211466661532,0.00031404049170028164,0.017514227386087655
220.5,41.71836106955321,0.000322443695951138,0.0179725379610096
221.0,43.03077701798397,0.00032886424845644785,0.018322714637526792
221.5,44.86494073581889,0.00032612178935692294,0.018173140614418496
222.0,45.619781716333264,0.0003201198907356088,0.017845797637123274
222.5,44.66585625507843,0.0003182822218917699,0.017745571746359535
223.0,42.76622277945426,0.0003227678651364022,0.01799021995604153
223.5,41.68214648762799,0.0003313289532977521,0.018457142773051265
224.0,41.56059437838897,0.0003446101301027363,0.019181498597755732
224.5,42.30816738299662,0.0003491993427966085,0.01943179484681615
225.0,43.42523512180479,0.00034477129151455464,0.01919028927939957
225.5,44.12439272794662,0.0003453284412992268,0.01922067610807409
226.0,43.727830602818386,0.0003550520624728948,0.019751003994726016
226.5,43.67483602069581,0.0003677984480377101,0.020446191756382615
227.0,44.66921153287158,0.0003811071013819759,0.021172041388515122
227.5,45.79147935597759,0.00038419633118490514,0.021340531002093748
228.0,47.20272168090031,0.00037704368469027564,0.020950429272944663
228.5,47.05871762629894,0.0003667640769082142,0.020389778659756767
229.0,46.573260806156235,0.00036133091835564596,0.02009345417984046
229.5,46.662782374616185,0.00035626105383305766,0.01981694340352806
230.0,47.15396759897966,0.0003553518226547231,0.019767351319427043
230.5,46.9089073257389,0.000357744506083076,0.019897845231898487
231.0,45.923414896322264,0.00035800695446421113,0.019912157968220164
231.5,44.82251923246751,0.000364343816562265,0.020257754877098463
232.0,44.07230712205239,0.0003743657724434144,0.020804357433057717
232.5,44.105338500760254,0.00036779523153097747,0.02044600934989859
233.0,44.589460281747364,0.0003536041177889836,0.01967203009723963
233.5,44.42265980896832,0.0003521028840103775,0.019590152353033907
234.0,43.70059686604568,0.00037385069599967343,0.020776275756880225
234.5,43.19730709597919,0.00039335965172400275,0.02184029929424451
235.0,43.631175986068335,0.000397029144929939,0.022040439110436672
235.5,44.747878102452525,0.000390207803791784,0.021668403890699618
236.0,45.05445309558943,0.00038338983147463175,0.021296550856048348
236.5,44.42805824926916,0.00037841010294724755,0.02102495625780953
237.0,43.9483331870177,0.00038012811242168885,0.021118655375232876
237.5,44.29806656206377,0.000394022809066601,0.02187646803361372
238.0,46.11931651674168,0.0004072737788626961,0.022599173443755154
238.5,47.52040230848002,0.00040269166715880904,0.02234926743637009
239.0,47.216578253773775,0.0004009220114077882,0.022252754714942025
239.5,47.072357797004216,0.0004102894644694272,0.02276365545546462
240.0,47.65502524908864,0.0004193672264906637,0.023258756104968883
240.5,47.93595481863206,0.00041991694704013717,0.023288740959106494
241.0,47.95838482301331,0.00041464290116377566,0.02300109701442114
241.5,47.55491466864119,0.00041040628942121886,0.022770032658256167
242.0,45.85206893357433,0.0004090611377839358,0.02269666677682731
242.5,46.14679626529341,0.0004090317516529509,0.022695063843094714
243.0,47.19552502927804,0.000407497806693601,0.022611400902652488
243.5,47.74939456494904,0.0004105937127674872,0.022780244565376015
244.0,48.21903138277284,0.000413216855097066,0.022923311098226724
244.5,48.93052318389733,0.0004122928285833068,0.022872919796362037
245.0,50.17508784307431,0.00041076298403727653,0.022789484828010836
245.5,50.95663411969745,0.00041199296538139914,0.022856569570761667
246.0,51.14744423469308,0.00041520552256111507,0.023031782801500686
246.5,50.9985287755415,0.00042476691648073584,0.023553258291259333
247.0,50.827675899572554,0.0004400713134829825,0.024387944946339873
247.5,51.042800026351365,0.00043726052144669916,0.02423463799255891
248.0,51.04020282621715,0.00044088439169419103,0.02443227032322734
248.5,50.9212218741818,0.0004275101633152579,0.023702853036233686
249.0,51.157049023034894,0.00041278342311847684,0.022899667622526494
249.5,51.74397177939601,0.00041941632224922636,0.023261430152375754
250.0,52.32391104929316,0.00042797244561473146,0.02372808608791669
250.5,52.48836432251481,0.0004248586891487506,0.023558264009247005
251.0,51.71537359514048,0.00042462326823467753,0.023545417233629393
251.5,51.12477821174085,0.00042480703452940427,0.023555438912235063
252.0,51.333398477509654,0.0004229238701120654,0.023452738665153374
252.5,51.425362948744684,0.0004280730548572567,0.02373357994536698
253.0,50.4547200079518,0.0004421255450530794,0.024500005310177785
253.5,49.16208840879119,0.00045488111044969325,0.025195695778445805
254.0,49.41988588076554,0.00046334128250945467,0.025657115360578756
254.5,49.600308736992105,0.00047001936931555656,0.026021338956327737
255.0,49.71919617532089,0.000476540462501014,0.026376998005417877
255.5,50.024541351344034,0.0004738357931665143,0.026229480503656307
256.0,50.395408396480065,0.0004697419505465646,0.026006199611730247
256.5,51.661200935923816,0.0004654264031766274,0.02577082710563057
257.0,52.80163839238934,0.0004627575587550813,0.0256252433648374
257.5,52.223836518173975,0.0004660098954432372,0.025802626695948724
258.0,51.10807619741298,0.000460726285992613,0.025514481802081688
258.5,51.43483179824806,0.0004502521225097229,0.02494322734463251
259.0,52.39492570481276,0.0004427828230664451,0.024535851931558796
259.5,52.674988829144546,0.0004368204159669687,0.024210662360351194
260.0,51.83694861559812,0.0004277583935063366,0.023716418623684465
260.5,50.449505572057454,0.000427746663134935,0.023715777535340588
261.0,49.80957540218025,0.0004468697592335625,0.024758750342377154
261.5,50.09702130046576,0.00046165679783456817,0.02556523764731948
262.0,49.86828091554085,0.00046410137984206673,0.025698567918665392
262.5,49.41070494252023,0.0004681979206032767,0.02592199560227042
263.0,49.80280156178447,0.00046935597803738027,0.025985157247433784
263.5,51.37673908497642,0.00047040168097036474,0.026042188018537343
264.0,52.654064043768756,0.0004768841113407051,0.026395739347615767
264.5,52.121376534439065,0.0004824228821996829,0.026697824647688932
265.0,51.022828866272306,0.0004840065914641137,0.02678420172771714
265.5,50.682517659964105,0.0004889733471466856,0.027055085850137404
266.0,51.44508874655123,0.0004943188512605099,0.027346627479516616
266.5,51.86217068144363,0.0004950664512614324,0.027387405824687846
267.0,51.56055280210249,0.0004917859077170229,0.02720848794300001
267.5,51.10696587144628,0.0004870568853752079,0.026950566943041095
268.0,51.63461444702876,0.0004789119490835128,0.026506340856064035
268.5,52.8122964348167,0.0004725653198758189,0.026160193631393096
269.0,53.20661200755913,0.00047941962207662033,0.02653402658832591
269.5,52.99454608664234,0.0004908231917265879,0.027155978510647143
270.0,52.582836868236136,0.0004891265018257938,0.027063441519519067
270.5,52.559959387440564,0.0004793730450078812,0.02653148820571115
271.0,52.98190527001553,0.0004742054928856416,0.026249648155300405
271.5,53.298307901073755,0.00047709512676458074,0.02640724179795658
272.0,53.71995958324991,0.0004770922919219219,0.02640708531231231
272.5,54.412871291597405,0.0004691408527632977,0.02597341668634938
273.0,53.66577886378798,0.00045940030670418673,0.025442170762144566
273.5,51.536865579027825,0.000456897410478879,0.025305664178769997
274.0,49.21965842246094,0.0004670439488829658,0.025859058078212753
274.5,48.057114251299325,0.00048252559417984105,0.026703429922338203
275.0,49.04179972814319,0.0004917007083249081,0.027203842458085093
275.5,51.220434795079676,0.0004908437243504914,0.027157101055338684
276.0,52.767194499261315,0.0004747057471843387,0.02627693160784768
276.5,52.808058692499436,0.00046003626529571675,0.025476857860639
277.0,51.99506493520514,0.00045220707354828545,0.025049853062688823
277.5,51.55336026586197,0.0004510718931762,0.02498793856025036
278.0,51.46042538809582,0.00045583754453916344,0.025247854597685956
278.5,51.526586638070604,0.0004558214507678487,0.025246975951044463
279.0,52.005608644274844,0.00045101842004527636,0.02498501579719472
279.5,52.51240457058321,0.0004414873585730612,0.02446519287049736
280.0,52.772315492453075,0.00042962021869067925,0.023817960023166454
280.5,52.503114722809194,0.0004243300388491815,0.023529434918375794
281.0,51.70761336072554,0.0004338102000217527,0.024046482106277193
281.5,50.526655571162266,0.0004552381037383459,0.025215156071472913
282.0,49.13820689842341,0.00046429825006862806,0.025709299922928787
282.5,48.18818224952607,0.00046148203154068487,0.02555570589272826
283.0,47.80906567842507,0.0004634386143457029,0.025662417440569123
283.5,48.40141029650067,0.0004743342477893673,0.026256660903566615
284.0,49.801054542968174,0.0004837859150226876,0.02677215608288789
284.5,50.9842641927194,0.0004864201645939243,0.026915831741761202
285.0,51.050395132544985,0.0004827500988000441,0.026715668261525476
285.5,51.017434222794286,0.0004792061620742806,0.02652238482691363
286.0,51.33153033890189,0.00047927655843343306,0.026526226562565678
286.5,52.13468287399571,0.00047962174061140506,0.02654505370473251
287.0,53.20757893291408,0.0004836297649056605,0.0267636512264151
287.5,54.0385986873381,0.0004903548360641018,0.02713043771483894
288.0,54.201396948664595,0.00048572190111633546,0.026877755096716652
288.5,53.420260624628895,0.00047640862331645216,0.026369807311627698
289.0,52.9639982236792,0.00047497561417859057,0.026291652167931216
289.5,53.08390617733589,0.0004920014939762664,0.02722023032713275
290.0,53.215876600327114,0.0005018017271495575,0.027754724585788496
290.5,52.5888677566927,0.0004940188540291117,0.027330263962681928
291.0,52.183035820726744,0.0004893157012947919,0.027073761730856457
291.5,52.97792781954038,0.0004945350183990652,0.027358425875368814
292.0,53.34763405894599,0.0005015352555929053,0.02774022010990522
292.5,52.508957645511934,0.000501367693604577,0.027731080919564034
293.0,50.92226750841965,0.00048694038450345934,0.026944213645631165
293.5,50.255549809659,0.00046865135311181116,0.025946726609311407
294.0,49.322294650506265,0.00045954812917612737,0.025450234696276962
294.5,48.84830482902162,0.0004681618033720596,0.02592002513597595
295.0,50.02575436427988,0.0004795553450241549,0.02654142567346218
295.5,52.279095957118955,0.00047276264845837467,0.026170947096551135
296.0,53.104171989050585,0.0004600805755749192,0.025479267327297793
296.5,53.57490842264484,0.00045461176984855,0.025181001325918596
297.0,55.00892630366884,0.0004613092177488722,0.025546282549974056
297.5,55.37204420799876,0.0004746005969286931,0.02627119719804386
298.0,54.70448964901437,0.00048338154959888524,0.026750110360639852
298.5,53.375872694553266,0.0004852302559815022,0.02685093664469773
299.0,51.83288353485346,0.00048027541264468085,0.02658069966591932
299.5,50.8531446736856,0.0004712198649434596,0.026086805945499
300.0,50.614448287557884,0.00046542418310507237,0.025770702807827575
300.5,51.18203104871063,0.0004661187144220177,0.025808585747534175
301.0,51.800395300733456,0.0004675493622183822,0.025886618052806523
301.5,51.37635617504913,0.0004637332537087498,0.02567849008709614
302.0,51.237972486121286,0.0004522807192473807,0.025053868948833522
302.5,52.56924129076417,0.0004427975995685479,0.0245366591362645
303.0,52.84172727085366,0.00043875577303060956,0.02431621757982822
303.5,51.83563815218127,0.00044705255566610203,0.024768724833805246
304.0,51.15492927845562,0.0004673597567392339,0.02587628085953477
304.5,50.65028927518555,0.0004814594645688304,0.0266452800862554
305.0,50.54422003680044,0.00048373508573650985,0.026769393699233427
305.5,50.992149343547126,0.0004859155012835241,0.026888315237057397
306.0,51.16797328623816,0.0004862668737879461,0.026907479892562463
306.5,51.00181111671589,0.00048550080994948165,0.026865697822509763
307.0,51.24189824136008,0.00048378377344065484,0.026772047817674432
307.5,52.945320379138536,0.0004762206328576326,0.026359555226421572
308.0,55.333112045499874,0.0004719500544182857,0.0261266384660969
308.5,56.27419221940482,0.00047417521411150535,0.026247999336853987
309.0,55.39247622560853,0.000474965576923263,0.026291106228880694
309.5,54.17691283495479,0.00047736094018362493,0.026421748846317424
310.0,53.32288698429819,0.0004930231200065504,0.027275951126763655
310.5,52.77452501263789,0.0005080223344633063,0.028093999406012458
311.0,52.68492461587596,0.0005053994663537319,0.027950957846314316
311.5,52.621983411488706,0.00048460664057344986,0.02681692450360799
312.0,52.30916812514447,0.0004594253506295864,0.025443538045775264
312.5,51.94340037581007,0.000451374374384498,0.025004436932347832
313.0,52.10638199086717,0.000470372162936786,0.026040576354256887
313.5,51.582301601738436,0.000493343497627812,0.027293437861938486
314.0,50.09784540970831,0.0005045575707031666,0.02790504707619505
314.5,49.23363754937596,0.000503930916425662,0.027870857911326968
315.0,49.55215602551151,0.0004908002899694022,0.027154721258570057
315.5,50.511613270381396,0.00047422848895983187,0.026250898726890036
316.0,51.62984256012535,0.00046252943418024627,0.025612833228401428
316.5,51.796904027226624,0.00046200793308902305,0.02558439149136175
317.0,50.95990777727718,0.0004647900901160578,0.02573613217781773
317.5,49.82114625844096,0.0004669140036331706,0.02585197135592851
318.0,49.913033185083584,0.00047095590909290117,0.026072417814064316
318.5,50.80171893269367,0.0004748563136535384,0.026285146533180922
319.0,51.80493425111728,0.0004779830635413647,0.02645567810410175
319.5,52.4265199162918,0.0004946068091712962,0.027362336004127602
320.0,54.006916280110545,0.0004975512573246745,0.02752292916271432
320.5,54.878131245064914,0.000496545510211835,0.027468077817544102
321.0,54.60054057880878,0.0004968462297463884,0.027484478101047784
321.5,54.789962149525486,0.0005002439330389744,0.027669786080826313
322.0,54.87592488993402,0.0005083634396816952,0.028112624342296375
322.5,55.01873764024324,0.0005166711255706808,0.028565728591447872
323.0,55.244045969095616,0.0005195673185862835,0.028723687986426414
323.5,54.959033090978245,0.0005228393684001748,0.02890214343594349
324.0,55.010810050265924,0.0005258039238924831,0.02906382873174314
324.5,55.066019755986396,0.0005269421741191063,0.029125913012382917
325.0,54.553184648416426,0.0005255373599330252,0.029049297188393
325.5,53.92676672817211,0.0005254537028983192,0.029044734911723852
326.0,52.8446213739041,0.0005276449061980078,0.029164241912109073
326.5,51.469826589074906,0.0005300863583467615,0.029297396864661065
327.0,50.58593874151391,0.0005322212199885208,0.029413820437674838
327.5,51.945733251351626,0.0005290146344521386,0.02923893254551483
328.0,54.27127154446852,0.0005149193723804013,0.028470183446846133
328.5,55.333134035250666,0.0005098386855485254,0.02819308280042435
329.0,56.744127562951256,0.0005021598355148237,0.02777428026349233
329.5,55.99828517092697,0.0004941712459574214,0.027338578236142882
330.0,54.35143783538914,0.0004880907323383887,0.027006944374928225
330.5,54.785209774267635,0.00048305957576923067,0.026732548704077028
331.0,55.00082251169299,0.0004887625566728296,0.0270435918940122
331.5,53.750061202922566,0.0005113940310007447,0.02827791717833603
332.0,51.65968628521768,0.0005391249008620451,0.029790362621161935
332.5,51.11492246827047,0.0005512372646098618,0.03045097024711882
333.0,52.08505289436293,0.00055174909671886,0.03047888546074159
333.5,54.84768240324989,0.0005389669479794604,0.02978174706150318
334.0,56.20808311952026,0.0005255450766573955,0.02904971569469192
334.5,56.39194811409788,0.0005232116746157512,0.02892244829450323
335.0,54.291081157906085,0.000530627371417263,0.0293269024432246
335.5,51.616431888882495,0.0005301158522609696,0.029299007603305626
336.0,49.817712150877156,0.0005235654651935442,0.028941750359071622
336.5,49.640526149510144,0.0005176728289972531,0.028620363534244936
337.0,49.50070861656282,0.0005123873261073788,0.02833209187820615
337.5,49.2516347607817,0.0005054508803765911,0.02795377819193796
338.0,49.69836106329855,0.0005041916900187728,0.0278851022681158
338.5,50.43394559517601,0.0005107348331410213,0.028241965074722725
339.0,50.12987260702616,0.0005180289832560249,0.02863978905306372
339.5,49.637144150948004,0.0005169065656506288,0.028578570835116782
340.0,49.132904888018025,0.0005110256141748438,0.028257821525922502
340.5,48.81579130320618,0.0005103084872906302,0.028218711259328358
341.0,50.0325595460785,0.0005111849153108694,0.028266511284087262
341.5,49.72460107830844,0.0005204280521833685,0.028770631842686224
342.0,48.98357846659356,0.0005253875437765479,0.029041124350732868
342.5,49.810657792415014,0.0005198755064490225,0.028740498655197715
343.0,51.01119624747224,0.0005115899845101939,0.02828860517081054
343.5,50.95288657067118,0.0005123427066395938,0.028329656823857866
344.0,50.49958744424186,0.0005152790515597546,0.02848980714984253
344.5,51.06611134629904,0.0005142206263318416,0.028432081844024532
345.0,51.37892316177355,0.0005098320455642804,0.028192728087806894
345.5,50.449927327711166,0.0005058262870754502,0.027974252553163208
346.0,49.462692187742384,0.0005087079210647944,0.02813141252320395
346.5,49.705703790894084,0.0005114569018578582,0.028281341659076687
347.0,50.523534096276315,0.0005073856397107007,0.0280592966531783
347.5,51.64072016096574,0.0005024948089388148,0.02779255148231692
348.0,54.17243025420735,0.0005015843785741113,0.027742896820750287
348.5,54.45255744529896,0.0005036798841901658,0.02785718482986819
349.0,53.43864173300303,0.000504657703230775,0.027910513896341013
349.5,52.48838753298726,0.0004991029497440489,0.02760755861346009
350.0,51.425881539912986,0.0004920389260330898,0.027222287150473
350.5,49.95637783230692,0.00048721659708018494,0.026959276646285526
351.0,49.40441115429823,0.0004846681747355247,0.026820285353924625
351.5,49.78778875759206,0.00048289183867855016,0.026723404359935025
352.0,50.47191404286114,0.0004886268571786345,0.02703619384284255
352.5,50.65231206804445,0.0005001061425433352,0.027662276192410164
353.0,50.38974433375904,0.0005145086983662403,0.02844779316789296
353.5,50.33814652988976,0.0005254685072287129,0.029045541527490757
354.0,50.862472390654354,0.0005318861392469064,0.029395560167803335
354.5,52.238499339676125,0.0005317237756524847,0.02938670532396814
355.0,54.60904010609142,0.0005302281308574054,0.029305133001875254
355.5,55.58582743501966,0.0005289176653783848,0.029233659698368105
356.0,55.006177725996196,0.0005234651841667726,0.028936280431250787
356.5,52.96861072610356,0.0005130487449940598,0.028368166810285735
357.0,51.12840400290225,0.0005023019272755422,0.027782034121375334
357.5,50.30898201569656,0.0005069271845780589,0.02803429074771372
358.0,49.47002090444753,0.0005225783302203067,0.028887894171019675
358.5,48.70280437829146,0.0005289400435103171,0.02923486876103604
359.0,48.44774884135296,0.0005291278701532523,0.029245120700449097
359.5,49.09149501376367,0.0005277036665686276,0.029167446912647527
360.0,50.26850516933712,0.0005221368586078826,0.02886383156895509
360.5,52.00224977909625,0.0005142393425668475,0.02843310097575323
361.0,53.07485468120525,0.0005088476511686241,0.02813903868597893
361.5,52.56499185400814,0.0005050320571095593,0.02793093594276834
362.0,52.056724481800636,0.0005042481017368272,0.027888176472595
362.5,52.28505501578496,0.0005038307030400615,0.027865410779352853
363.0,52.10432381453522,0.0005031520043700819,0.027828392313737658
363.5,51.17190796281412,0.0005107618600774511,0.02824343259670936
364.0,50.52510148112205,0.0005250568132932741,0.029023084108215302
364.5,50.201616555940184,0.0005293546646726869,0.029257492171894234
365.0,50.285654469541,0.0005282911116641623,0.029199485984993473
365.5,50.72630402352362,0.0005317595353028985,0.029388653170884575
366.0,51.692377490450355,0.0005362524748906638,0.029633698627288534
366.5,53.063585620386206,0.0005357378822401698,0.029605634357429945
367.0,54.33265162857359,0.0005337815042601053,0.02949893435208699
367.5,53.76404422197233,0.0005336066761387272,0.02948940013006747
368.0,52.2843346093673,0.0005329141337408454,0.029451628463208583
368.5,51.231123068346065,0.0005315483725887523,0.02937713379024605
369.0,50.9094261962513,0.0005263457263124714,0.029093378334653246
369.5,50.53695450483097,0.0005165292489438398,0.028557983294498795
370.0,49.82104231962222,0.0005209147584289938,0.02879715044765643
370.5,49.02085857353262,0.0005184409422585505,0.028662229348543924
371.0,50.435873318478045,0.0004907382592415962,0.027151339880642222
371.5,52.60875616090542,0.00047249887826579463,0.026156569050980356
372.0,54.696916975285774,0.0004740146879475285,0.026239243996802976
372.5,54.449579518105615,0.0004843041608741343,0.02680043322313153
373.0,52.68320101970918,0.0005061487182211038,0.027991829775030924
373.5,51.43809267331168,0.0005267962913234385,0.02911794065438315
374.0,51.21154021957112,0.0005260986809769309,0.029079900110680606
374.5,50.908649765172434,0.0005197132715762943,0.028731646421491692
375.0,50.785914607918606,0.0005171479728887856,0.02859173813193113
375.5,51.330500707258686,0.0005159702440589132,0.028527506699746543
376.0,52.06188802461089,0.0005162147576189144,0.02854084185673383
376.5,53.574391627161454,0.0005212400104332026,0.02881491857803304
377.0,54.95314976532917,0.0005223593539814187,0.028875967213006906
377.5,55.14712151309366,0.0005139689355734033,0.028418348543413626
378.0,55.10594601732207,0.0005023396830784938,0.02778408377582777
378.5,54.02432555264597,0.0004916648858207654,0.027201880607850313
379.0,52.557369348388626,0.0004865242412077487,0.026921513829486914
379.5,51.78149516938342,0.0004926851283396511,0.02725753089819682
380.0,50.81500042605628,0.0005080724874038517,0.028096756006587894
380.5,51.283509152706486,0.0005170129307861884,0.028584368220919115
381.0,51.64494430392878,0.0005154699970368785,0.02850021769808088
381.5,51.53033073578997,0.0005152915953818218,0.028490486341340708
382.0,51.571996022977416,0.0005137688262508329,0.02840743501990481
382.5,52.794259679517914,0.0005156224010041123,0.028508531185058257
383.0,55.83505346546194,0.0005217822925164926,0.028844495497456758
383.5,56.51344176598445,0.0005263133231616374,0.029091619665663968
384.0,56.29744761255146,0.0005232848955101532,0.028926448634463236
384.5,56.25776542114702,0.0005223234891245491,0.028874011827011044
385.0,54.84533256213995,0.0005279743480245355,0.029182207214338125
385.5,53.429511888608005,0.0005321027687405225,0.029407371882898072
386.0,53.20350795747812,0.0005320210799713723,0.02940291687714707
386.5,53.082226410707605,0.0005350010963104965,0.029565442025159615
387.0,52.40536576501392,0.0005301691626268974,0.029301904701927974
387.5,51.706116297855985,0.0005212996952030087,0.028818165058317836
388.0,50.80408065855056,0.0005134761192101435,0.0283914690260578
388.5,49.578502415636926,0.0005095915603684189,0.028179609331048832
389.0,50.27891571093111,0.0005156644225643566,0.028510826079837993
389.5,52.939095465472086,0.0005306999634212906,0.02933086093844008
390.0,53.87538168489365,0.0005457090121981617,0.030149454335373166
390.5,52.31562805984875,0.0005599960847125112,0.030928676210671562
391.0,51.41708804574725,0.0005680954114677595,0.03137041851361128
391.5,50.986220669199426,0.0005677105930487001,0.0313494323504784
392.0,50.07280344870963,0.0005640335272695435,0.031148885381734926
392.5,49.77680339736834,0.0005656747762524045,0.031238397904783815
393.0,50.34973358496305,0.0005715814315420499,0.0315605397956221
393.5,51.10087721574402,0.0005643608210191437,0.03116672397199805
394.0,51.96747664384657,0.000542168163196581,0.029956337886937964
394.5,53.29570248742711,0.0005243953265908837,0.02898700745435633
395.0,54.125624861306406,0.0005141007939103578,0.028425543324454454
395.5,54.14197095632078,0.0005121628097961608,0.028319844664812986
396.0,55.107215297526224,0.0005159432429190581,0.028526028094973285
396.5,56.80314289776829,0.0005218018132690138,0.02884555430638841
397.0,58.55285347099672,0.000520711803106245,0.028786107995867925
397.5,58.9859634270241,0.0005185418505417014,0.028667761235890703
398.0,57.379015899826136,0.0005184014456676675,0.02866010417157516
398.5,55.518051535431844,0.0005208688441475,0.028794675536818182
399.0,54.38355303776983,0.0005300818956424128,0.02929715260261103
399.5,53.609480392641814,0.0005391780029596116,0.029793238075357442
400.0,52.99742754937316,0.0005417307280378235,0.0299324680646502
400.5,51.97100739830259,0.0005390960808510151,0.02978878653934416
401.0,51.51646279472122,0.000531458232911105,0.02937222126261058
401.5,51.34675085277777,0.000529828425125,0.029283332899999997
402.0,51.17585494025841,0.0005312520476598091,0.029360978620814947
402.5,52.01305170556013,0.000530749422073967,0.02933356481623967
403.0,54.38482497341186,0.0005257323307528771,0.029059930945362706
403.5,56.10549039971461,0.0005212470839758214,0.028815304052519534
404.0,54.98355375202129,0.0005188893459225313,0.028686713257611383
404.5,53.43397633629055,0.000516809037361125,0.028573253652261862
405.0,51.812307754645786,0.0005185547238315255,0.028668463991207798
405.5,50.85488034820025,0.0005250957543337548,0.029025210180174663
406.0,49.48002708736881,0.0005330218927594691,0.029457497854572946
406.5,49.22007019638845,0.0005271526496141753,0.02913739154818926
407.0,50.351090475977585,0.0005037054640474716,0.02785858223223229
407.5,50.91611854597611,0.0004950940432727072,0.027388915171165585
408.0,52.07171094913582,0.0004999123293234353,0.027651702849335276
408.5,52.94278356081072,0.0005080935752366766,0.028097908130351665
409.0,52.484243568261135,0.0005167821970713812,0.02857178709310832
409.5,53.27602205510574,0.0005243250591077961,0.02898317425213484
410.0,53.990728898981075,0.0005171004431756429,0.0285891426561378
410.5,54.10669667924499,0.0005069085120400382,0.02803327512244305
411.0,53.96623365268827,0.0005033233150124423,0.027837739681455646
411.5,53.13174161702057,0.0005043717039743116,0.02789491933878509
412.0,52.81390398789929,0.000505280224650253,0.027944470593218803
412.5,53.10877780854303,0.0005073513098787431,0.028057426925980594
413.0,52.85843514297134,0.0005157473234144267,0.028515344760165835
413.5,52.313163153331814,0.0005285186280401414,0.02921189275702324
414.0,52.365003482703656,0.0005343749713636193,0.02953130048598874
414.5,53.35010690077957,0.0005373204480226012,0.029691944354180815
415.0,54.953632172442965,0.0005379442810067974,0.029725963024182622
415.5,56.306611604156494,0.0005332773843841545,0.029471431358562478
416.0,56.77014745253885,0.0005257424837140348,0.02906048155736421
416.5,55.32292755722565,0.0005221323561603539,0.028863587921079195
417.0,53.52940213530012,0.0005222976357699145,0.02887260332595943
417.5,52.69197810697748,0.0005193243303537919,0.02871043931581103
418.0,52.39250642815659,0.0005166453096526134,0.02856432391632609
418.5,51.96585752249423,0.0005163877798663321,0.02855027743690464
419.0,51.74394770110712,0.0005117812644699831,0.02829903444481956
419.5,52.39133875985055,0.0005033595774201799,0.02783970613502313
420.0,53.077943823084276,0.0004939187007601304,0.027324799871524343
420.5,53.4955963525887,0.0004861326865052359,0.0269001549633508
421.0,54.23756470399304,0.0004885254112109374,0.02703065682421875
421.5,54.36822600874791,0.0004950930053264464,0.027388856273232523
422.0,53.57508705116747,0.0005004983399823802,0.027683666077190923
422.5,52.61087587371958,0.0005059930521283627,0.027983348119823104
423.0,51.760681116553066,0.0005132169475004747,0.028377339608717213
423.5,50.96006655930699,0.0005239420013160231,0.02896227991902131
424.0,50.24731212202961,0.0005261589230800975,0.0290831847672132
424.5,50.20318671462201,0.0005169829576113657,0.028582733712359417
425.0,51.25766692110884,0.0005079249734606436,0.02808871079371849
425.5,52.437555811559704,0.0005046149204001981,0.027908178878083514
426.0,53.32570139111862,0.0005037518057564479,0.0278611069595246
426.5,53.93903482456875,0.000489884479410487,0.027104781271916435
427.0,53.376411141566095,0.0004789554782397181,0.02650871038520567
427.5,52.90702531614489,0.00047607187488950286,0.026351438284530387
428.0,52.09702151336881,0.00048541776529005515,0.02686116386540822
428.5,51.36427800408074,0.0004947771401003787,0.027371625825015133
429.0,51.261966556512576,0.0004941640627004163,0.027338191817759788
429.5,50.897997335980655,0.0004949237841574586,0.02737962805384822
430.0,50.43346873664174,0.0005003602166596539,0.02767613090742149
430.5,50.86143757277172,0.000509680119954343,0.028184435713445744
431.0,52.25918347242687,0.0005141577408831147,0.02842864413651013
431.5,53.858386375701315,0.0005196452522729628,0.02872793428503876
432.0,55.03497583119842,0.0005263513386392424,0.029093680955238236
432.5,55.26364937966373,0.0005301656930689841,0.029301712958103132
433.0,54.98965599339424,0.0005281578644524812,0.02919220899072209
433.5,54.61572912591385,0.000517516418546795,0.028611829386378407
434.0,53.48557636319055,0.0005042891583713542,0.02789041648066853
434.5,51.12238988753148,0.0004954587474282065,0.02740880654259731
435.0,49.26009470140007,0.0004974745747089274,0.027518749748603237
435.5,48.91952209538725,0.0005067678417067141,0.028025603928041168
436.0,49.835457251212,0.0005232689044338925,0.028925570254123793
436.5,51.243467831079585,0.0005297897354609514,0.02928121820781738
437.0,53.020299487205335,0.0005234577690615738,0.028935874492611854
437.5,53.82857313271107,0.0005159294757306276,0.028525282216008262
438.0,54.4745196450459,0.000513566921499058,0.028396425373756612
438.5,55.13372259034163,0.0005157316933189944,0.028514490224495835
439.0,54.720413422512536,0.00051749150494978,0.02861047250962961
439.5,54.64439055816463,0.0005190385385148388,0.02869484722661707
440.0,54.37288051986487,0.0005220796597291155,0.028860708689358895
440.5,52.69313331330035,0.0005258324405277195,0.029065384429897364
441.0,50.677042888956414,0.0005247014543626463,0.029003702483824775
441.5,50.03876788657031,0.000516434517462737,0.028552825239441394
442.0,50.484563752107356,0.0005131960456205984,0.028376200343399886
442.5,51.394319815527055,0.0005205594095379054,0.028777795811997138
443.0,52.07428005967364,0.0005367803144577667,0.02966247556954011
443.5,52.086316378887766,0.0005436625035791061,0.030037834994324903
444.0,51.965828747152194,0.0005310373637358364,0.029349266573277216
444.5,51.47470838875714,0.0005205242195885792,0.028775880359727567
445.0,50.714350479613486,0.0005168839219085749,0.028577338486722073
445.5,49.94789691812794,0.0005179045801891383,0.02863300559028158
446.0,49.482574383569734,0.0005208607976848305,0.028794238400261508
446.5,48.96055587054609,0.0005227807110019158,0.028898950544840984
447.0,48.85566442857144,0.0005243074244069412,0.028982217767205908
447.5,49.0713283188864,0.0005262669072341374,0.029089087919582403
448.0,49.1947811342493,0.0005349180657229329,0.02956091717067248
448.5,49.2144551338675,0.0005409079346337574,0.02988760375411741
449.0,49.75088778299999,0.0005381973693354276,0.029739772095601625
449.5,51.013868015718145,0.0005327397381147367,0.029442113252869457
450.0,52.68120820083332,0.0005331599626514679,0.02946503215480336
450.5,53.101074083109935,0.0005361582182808312,0.02962855588538875
451.0,52.75755028980813,0.0005342392446278145,0.029523897979966494
451.5,52.62065571141044,0.0005291589702649132,0.029246820452405377
452.0,52.7138178423476,0.0005280043194278271,0.029183845488924227
452.5,53.36916799790818,0.0005305217964282871,0.02932114613251028
453.0,54.764400928470074,0.0005380596041145143,0.02973224646229354
453.5,55.667798675158835,0.0005419069603152493,0.02994208059145894
454.0,55.76611878172866,0.000536749686001466,0.029660811352962124
454.5,55.005198095390156,0.0005294688568435931,0.029263718494739327
455.0,54.788237224043726,0.0005245047740163936,0.02899297822950821
455.5,54.637231819513914,0.0005251269615445871,0.029026909964914978
456.0,54.16919311340228,0.0005338861530830186,0.02950463337262442
456.5,53.28860804070329,0.0005488681803381876,0.030321754814007736
457.0,52.19770850831606,0.0005578841136465142,0.030813484811167944
457.5,51.1358068897139,0.0005572133338588713,0.030776904258338462
458.0,50.7032846753863,0.000546580096315949,0.03019697065819888
458.5,50.98410029750881,0.0005326313527737171,0.02943620559452182
459.0,51.33718511902746,0.0005300718178487344,0.029296608617277065
459.5,52.11059366197754,0.0005427794044169807,0.02998967278356543
460.0,52.7597407816986,0.0005622989596975952,0.03105426952456776
460.5,52.22811627385825,0.0005702343794615302,0.03148707600496385
461.0,52.12849423177676,0.0005716503373500757,0.0315643047322239
461.5,53.08327898859853,0.0005608266108064753,0.030973975107202924
462.0,53.5930851696791,0.0005421523552738534,0.029955479737357796
462.5,53.1694420461859,0.0005351700688548454,0.029574667029942638
463.0,52.957160411293906,0.0005263961564817693,0.029096137774933285
463.5,53.69694908550987,0.0005126931894131584,0.028348775087646085
464.0,54.12426565292913,0.0005063368719090568,0.02800210022717024
464.5,53.287938309727785,0.0005076490265794551,0.028073665531712203
465.0,52.41218005791233,0.0005132234343780411,0.028377694092248815
465.5,51.709728250995276,0.0005174884009976848,0.028610301019163627
466.0,50.94552440255196,0.000516664550148304,0.028565362920776157
466.5,50.684118016186616,0.0005098611238897685,0.02819430766673264
467.0,49.631937169938695,0.000504557465792342,0.02790504335006581
467.5,48.47901142154036,0.0005095108523743524,0.02817519466219052
468.0,48.35131317699225,0.0005154213943362127,0.028497561005158364
468.5,50.53399573939542,0.0005133650484600213,0.028385414073460957
469.0,53.8530899153139,0.0005085852879032257,0.02812472811827956
469.5,53.940418546482206,0.0005137681645075718,0.028407403301850827
470.0,53.27478947154694,0.0005235548634134942,0.028941169506411533
470.5,53.671924441893935,0.0005252629915901518,0.02903432808330248
471.0,54.65455071257375,0.0005129448990587201,0.02836249478659356
471.5,56.445697919993506,0.0004982180727167731,0.027559295294684944
472.0,56.04636815255104,0.0005004371824434635,0.027680329358416977
472.5,54.31199800744406,0.0004990843015015921,0.02760654390060265
473.0,53.474626055817176,0.0005055052552067863,0.027956743340284994
473.5,52.254733577572274,0.0005132525045775198,0.028379278913566827
474.0,51.578740700056,0.0005148469224118186,0.02846623633989922
474.5,52.692247589630696,0.0005128141557785544,0.02835536439953825
475.0,55.51280127568591,0.0005094814911762711,0.028173601097993585
475.5,57.51344277410557,0.0005052542785432568,0.027943050886872326
476.0,56.56895212661429,0.0005007706114130272,0.0276985122944163
476.5,54.7025657406057,0.0005004417989132386,0.027680579047668345
477.0,53.402531533936134,0.000503089850426153,0.027825003058103
477.5,53.14556488494732,0.0005060018988968393,0.027983824030398542
478.0,52.06753678004429,0.0005114369166893436,0.02828024805214977
478.5,50.329958086171125,0.0005187275886746939,0.028677885114613305
479.0,48.9526191795576,0.0005276527202322834,0.029164666336127718
479.5,48.67799514598084,0.0005345059281252709,0.02953844268855656
480.0,49.39831311757416,0.0005388903369408799,0.02977756542333987
480.5,49.880811632081716,0.0005454347263865583,0.030134493555505924
481.0,50.06529000453516,0.0005507785571391239,0.03042595071944998
481.5,51.531945274790964,0.0005521773965661428,0.030502248384509136
482.0,53.07459796367368,0.0005490934051650169,0.03033404817003956
482.5,53.552642915630145,0.0005470658540849256,0.03022346171082812
483.0,53.71816389761557,0.0005453637183819517,0.030130622651586735
483.5,53.97413274052442,0.000539050940002951,0.02978632496753222
484.0,53.81696974117336,0.000531835161121772,0.02939277955331597
484.5,53.361345400189926,0.0005263389161388888,0.029093013673717947
485.0,52.532670208651346,0.0005196274164411595,0.02872696740120268
485.5,51.73401126648581,0.0005152866026231536,0.028490218683177578
486.0,51.41672763476298,0.0005111641478782854,0.028265379651813412
486.5,50.55346373102473,0.0005115689541899497,0.02828745745313481
487.0,49.447207091372604,0.000512101406086977,0.02831649658478232
487.5,48.78105523850264,0.0005044470169512462,0.027899021990664623
488.0,48.773877032062494,0.00048480356951405805,0.026827665784853683
488.5,48.76566044688888,0.0004724945697099997,0.026156334834999986
489.0,49.14565322602118,0.0004774016106642784,0.026423966525887316
489.5,50.45052165914102,0.0004913386495148156,0.027184092066265035
490.0,52.898161460436334,0.0004977399020270269,0.027533217688049498
490.5,54.440294304439,0.000494067767532613,0.02733294080356962
491.0,53.962622803923644,0.0004914614450935802,0.027190791903659507
491.5,52.42663428266273,0.0004954604414206571,0.02740889763973092
492.0,51.0099477976745,0.0005039346740260753,0.027871083197375256
492.5,50.66240229320587,0.0005117022107668827,0.028294722388899178
493.0,50.41439867819598,0.0005195020615500968,0.028720124318002725
493.5,50.47928190540957,0.0005322878470855364,0.029417466200411763
494.0,52.65320693622268,0.0005309295131858433,0.029343384585361867
494.5,54.15805205094629,0.0005252892840669898,0.029035766137779934
495.0,54.41916296891964,0.0005233548558852955,0.02893026281974174
495.5,53.99989332392074,0.000520917001737129,0.028797302903331972
496.0,53.091627948858616,0.0005233598369284165,0.028930536130952388
496.5,50.582320009037566,0.0005345839678058166,0.029542686941783802
497.0,48.61769538048707,0.0005437972109620752,0.030045162544846432
497.5,48.10320071287679,0.000532358014255274,0.029421281874573456
498.0,48.57084166546027,0.0005121425642600879,0.028318740257826595
498.5,49.38172638659125,0.0005029911777445469,0.02781962499268057
499.0,49.759415505703274,0.0005021764734284824,0.027775190761113837
499.5,49.64877760526317,0.0005005689554385966,0.027687516223684212
500.0,49.4709058472416,0.0004949950132637547,0.02738351108465128
500.5,49.49030649603057,0.0004850406901391767,0.026840600747176275
501.0,49.0693203032127,0.0004752350994734932,0.026305804283305527
501.5,49.405723610079406,0.0004712447509894665,0.026088170786877616
502.0,50.508092456278845,0.00048311430595968183,0.02673553648031175
502.5,50.999783838679384,0.0004989632230648326,0.027599936063624687
503.0,51.36223478965264,0.000501892598851564,0.027759706798216776
503.5,51.12062553539028,0.0005011896903721188,0.02772137198088373
504.0,51.14673601200703,0.0005053194477529346,0.027946609544080136
504.5,52.416478486434535,0.000508030392756583,0.028094463896737785
505.0,54.504525727047124,0.0005125727659993008,0.028342205457804283
505.5,56.03098767194704,0.0005113686808508781,0.028276536033287548
506.0,56.72804242281223,0.0005048242277838366,0.02791960097320601
506.5,55.76810716179302,0.0005001370052544639,0.027663955478090228
507.0,53.8367798115917,0.0005057552484795078,0.02797036980764585
507.5,52.04504740625082,0.0005088919633848013,0.028141447973561638
508.0,50.45069870504824,0.0005072081542914648,0.028049615066753634
508.5,49.43909912153409,0.0005051292878015644,0.02793623423381168
509.0,49.97017327669193,0.0004989486832655018,0.02759914569589679
509.5,51.54963764852727,0.0004902732389689634,0.027125987625780463
510.0,52.71131450600663,0.00048818779119753366,0.02701224586751357
510.5,53.9758853153626,0.0004942475704943244,0.02734274414326882
511.0,55.06536410896114,0.0005051878864667996,0.02793943091953379
511.5,55.24996392316975,0.0005205717197731823,0.028778470409194307
512.0,53.80288602922577,0.0005326073646220807,0.029434897682751867
512.5,52.79737409266724,0.0005333296447892533,0.029474290702307962
513.0,52.175134209673026,0.0005287930475832211,0.029226864173334047
513.5,51.81172769531886,0.0005343945727573091,0.02953237039458147
514.0,52.72928674322586,0.0005538275808009164,0.030592241352053313
514.5,54.20218398529683,0.0005632096011145077,0.031103937754384272
515.0,55.34933284774029,0.0005613005603008691,0.030999822277155153
515.5,55.43013177701305,0.0005546378430326088,0.030636439296447007
516.0,54.94134227486698,0.0005452867055577576,0.030126427329864192
516.5,55.676000610477935,0.0005310142286651742,0.029348003861308505
517.0,56.463990755035866,0.0005154519470876302,0.02849923655857413
517.5,56.75701247480856,0.0005051317631762469,0.027936373647219827
518.0,57.267962794802486,0.0005028725915506077,0.02781315510905934
518.5,57.57420630931757,0.0005025415249287086,0.027795096682599992
519.0,56.33564982534587,0.0004967617489575146,0.02747986922588835
519.5,52.949743479458824,0.000492006739277398,0.027220532538984807
520.0,51.0012391712582,0.0004980166426796588,0.02754831155925973
520.5,50.09308257649311,0.0005121761177356763,0.02832056736758251
521.0,49.28892567817862,0.00051808877076817,0.028643045515504346
521.5,49.474331752425684,0.0005161403351051987,0.0285367811625166
522.0,50.15130492260755,0.0005150447683263882,0.028477029386730406
522.5,50.531427238114,0.0005206880753612287,0.028784815838403543
523.0,51.31672359156853,0.0005332486570060033,0.029469869899495217
523.5,52.226501447676796,0.0005445763698763299,0.030087667505322813
524.0,52.92873767711816,0.0005375635779487429,0.0297051911756829
524.5,52.914106737586756,0.0005211629904791771,0.028810711350240225
525.0,51.72534503218673,0.0005204152627877355,0.02876993432937991
525.5,50.547986555128624,0.0005264453933289053,0.029098820906936586
526.0,50.44695187715548,0.0005272738825336209,0.029144007670175342
526.5,51.238491391572396,0.0005246754908537407,0.02900228947829808
527.0,52.475634666278054,0.0005262868218783163,0.029090168041406284
527.5,52.981026857685414,0.0005242014976418601,0.028976435377777027
528.0,52.37250672190992,0.0005124707031479178,0.028336638508970977
528.5,51.597798203053316,0.0005067667116990583,0.02802553897662465
529.0,51.63856460167011,0.0005137764820490594,0.028407848439681988
529.5,51.93294752471627,0.0005283471640698356,0.02920253689175835
530.0,52.14691169862797,0.0005452566903555631,0.030124790662343266
530.5,52.90711976255996,0.0005431847272091932,0.030011788000938084
531.0,52.86007244120865,0.00053487916371895,0.02955880171645249
531.5,52.23156795304577,0.0005361053200520028,0.02962567576511136
532.0,51.90779133017231,0.0005492961748587747,0.030345106360354868
532.5,51.24911544183639,0.0005501598961909618,0.030392210572416183
533.0,50.306665583927646,0.000536549756544714,0.029649911384806826
533.5,49.109004473620395,0.0005197121651855796,0.028731588783587652
534.0,51.05393830629628,0.0005099740877620533,0.028200473681254647
534.5,54.4652229215913,0.0005138547431225658,0.028412122433883972
535.0,54.8086633425784,0.0005195880328615523,0.02872481836544266
535.5,54.31063806400136,0.0005230731303572679,0.028914896997798718
536.0,53.86944790622033,0.0005217321078061987,0.02884175720458883
536.5,53.982680982156474,0.0005179882803602474,0.028637569244061578
537.0,54.39778494189308,0.0005146970197322561,0.028458063733436186
537.5,54.57107456307454,0.0005177331530549336,0.028623653677620133
538.0,53.964871909280205,0.0005223529401968019,0.028875613296837625
538.5,52.853076881287556,0.0005158979250968805,0.028523558518220374
539.0,51.678811468795004,0.0005085740281904526,0.028124111967011284
539.5,50.4300123861655,0.0004986082096308276,0.02758057474016134
540.0,50.197453827889326,0.00048470845996488566,0.026822482281806205
540.5,50.05535431337201,0.00047965703470026494,0.026546978017051196
541.0,50.126678358963325,0.0004918421431599271,0.027211552749131077
541.5,49.958289921465806,0.0005059548146960887,0.02798125841160765
542.0,49.681415231649474,0.0005096862968873971,0.028184774656313284
542.5,49.236668653364504,0.0005027986793972749,0.027809125412549856
543.0,48.4651655026629,0.0004930521562836558,0.027277550008118847
543.5,48.12200054713738,0.0004907936363232025,0.02715437026246829
544.0,48.948530116748984,0.0004990704733811245,0.027605783256560972
544.5,49.059903504673166,0.0005104421996806279,0.02822599723640678
545.0,48.32815828690342,0.000514496085548845,0.02844710025263602
545.5,48.94499271529521,0.0005141356927372977,0.028427447133880398
546.0,50.84577667220535,0.0005135320870359806,0.02839452654774458
546.5,52.56929232069519,0.0005167915551693747,0.028572290559763146
547.0,53.0548907550677,0.0005144579346240705,0.028445014274147223
547.5,52.59253996443322,0.0005020378455187465,0.02776762421835775
548.0,52.19496082745685,0.0004930546823404747,0.027277684980737356
548.5,52.31945563018902,0.0004923385475049052,0.02723862913349207
549.0,52.4970793267538,0.0004930851782027129,0.02727935124005946
549.5,52.68504624944826,0.0004900026391422494,0.027111229257984804
550.0,52.154366683597054,0.0004925774098088326,0.02725165800298773
550.5,52.32651295156664,0.0005071425523630076,0.02804604039994539
551.0,53.19595498570426,0.0005166111674979196,0.02856245654302597
551.5,52.37808469623267,0.0005081501421147844,0.028100992671427516
552.0,50.53042817986404,0.000493340993682505,0.027293299585762612
552.5,49.642752615173514,0.0004883646254634009,0.02702188174643466
553.0,49.447851829265645,0.0004941029961752288,0.027334845751431497
553.5,49.99173020027936,0.0005011065643020034,0.027716814113488194
554.0,51.569396403234734,0.000503517298368926,0.02784830123622253
554.5,52.58697968857728,0.0005014704816676758,0.027736680003252703
555.0,51.905488300474026,0.0004961974051154564,0.027449091023228078
555.5,50.61803926297609,0.0004926136443872586,0.027253632912967878
556.0,49.11583861715293,0.000498956621645471,0.027599569300826368
556.5,47.98614777085036,0.0005077577008415497,0.02807957881130994
557.0,47.73504469113575,0.0005094455809359969,0.028171643268793567
557.5,47.457063186768295,0.000514780753377116,0.02846262827941479
558.0,47.704145121313246,0.0005122720935409045,0.028325808187776698
558.5,48.490041560109184,0.0005008517749432132,0.027702942247848836
559.0,49.377528026095156,0.0004930090668955201,0.027275198199580207
559.5,49.735213459617725,0.0004944943301824701,0.027356203658471894
560.0,50.285220194971615,0.0004978699012420935,0.027540309204499732
560.5,52.25085365335214,0.0005020077206619511,0.02776598781258954
561.0,53.071110539017475,0.0005036929322605819,0.027857899613347913
561.5,52.493930925639475,0.0004977724535852792,0.027534995284877094
562.0,53.410089015046594,0.0004931298435746534,0.02728178627816303
562.5,55.397167543172976,0.0004898969094607669,0.02710546064473491
563.0,56.68506920076147,0.0004902426249002613,0.02712431362556586
563.5,57.49603672729416,0.0004978437364115962,0.027538872994510914
564.0,57.78707098426883,0.0005065538305868673,0.028013922611201027
564.5,57.468375388858234,0.0005083435546869824,0.028111539279424752
565.0,56.32520682092612,0.0005012344436181614,0.027723811749458406
565.5,55.116499548372275,0.0005037574730286654,0.027861419491072376
566.0,53.89769548424245,0.0005139237750769221,0.02841589185297476
566.5,52.433252792915404,0.0005242538378379144,0.028979295041294234
567.0,52.1519988634111,0.0005327311383444439,0.029441646465950874
567.5,51.86510890366952,0.0005317352307215324,0.029387326990173816
568.0,51.414973970516385,0.000521172190158975,0.02881121744058865
568.5,51.15782972116787,0.0005119729920151,0.02830949297769638
569.0,49.602943168275935,0.0005056181489031149,0.027962900813392547
569.5,48.408824896443654,0.0005041441392016377,0.027882508526008924
570.0,48.764420873539876,0.0005053654975892943,0.027949121443854013
570.5,50.75898397169721,0.0005019436660606098,0.02776249328315471
571.0,52.42504408447531,0.0004951346892745637,0.027391130391291638
571.5,52.00167368494192,0.0004904521248846719,0.027135742260681286
572.0,50.192401118066336,0.0004948210694207413,0.02737402186125818
572.5,49.111430514052344,0.0005046446715637966,0.027909799042121715
573.0,49.146335408511725,0.0005140402688073395,0.0284222404174312
573.5,48.6572184533256,0.0005193183436823869,0.028710107734317262
574.0,48.93348209359352,0.0005046879038999512,0.027912163095870673
574.5,49.961675355844804,0.0004982689534927374,0.02756207482937182
575.0,54.24190024636371,0.0005007190225629432,0.02769570270420085
575.5,58.11793180212974,0.0005061818407136227,0.027993645494631163
576.0,58.22205641420838,0.0005240503872235082,0.0289681965150871
576.5,57.039012717243224,0.0005389046583627353,0.029778340180076156
577.0,56.030415624408896,0.0005285999411878843,0.029216322787761373
577.5,56.2537274570534,0.0005170523055147684,0.028586514950424066
578.0,56.038710984955486,0.0005126148098051976,0.02834449364724802
578.5,54.96969480139162,0.0005144409407566411,0.028444094539373802
579.0,54.04890859185788,0.0005170400819277212,0.028585853809815417
579.5,53.861775657084664,0.0005131938504140024,0.028376079968413865
580.0,53.65908418894832,0.0005081043960884941,0.028098500647231333
580.5,53.009402523224026,0.0005058717146577696,0.027976727421208505
581.0,52.2011012525777,0.0005079258897507864,0.028088758870984328
581.5,51.45416784087393,0.0005111108370036687,0.028262450236462056
582.0,51.571228143139045,0.0005178089706160081,0.028627742783431335
582.5,51.92430326144558,0.0005322431461455622,0.029414993559523605
583.0,52.18634569158463,0.0005313196688117896,0.029364638118543566
583.5,51.8256507116597,0.0005120818087297554,0.02831541437253357
584.0,52.26791939658531,0.0004994926773342265,0.027628808227676563
584.5,52.660252183958036,0.0004874521916390564,0.02697212451942328
585.0,52.13958295913239,0.00048167949858980973,0.02665728350578589
585.5,51.87290766181588,0.0004794232691145275,0.02653422930461234
586.0,52.067776422410056,0.0004798142299506424,0.02655555181036309
586.5,51.14343100359529,0.000486163878425358,0.026901861893011778
587.0,49.29189546855175,0.0004980535539780176,0.02755032425484117
587.5,48.62240924228806,0.0005036405838769097,0.0278550381581312
588.0,49.23135399717707,0.0004991763941062712,0.02761156316723844
588.5,49.589637657873084,0.0005026375480556848,0.027800335044208292
589.0,49.27522681429999,0.0005221653882138508,0.02886538073106754
589.5,50.72072047779654,0.0005343248837767713,0.029528562367210826
590.0,54.20656432989388,0.0005285436324674696,0.029213255939182097
590.5,55.343047366330225,0.0005244436446438888,0.02898964376650232
591.0,55.099563020194175,0.0005202752009730034,0.02876229537048727
591.5,55.37718471379885,0.0005181326473680595,0.028645439236896875
592.0,55.0152863391345,0.0005185084551617434,0.02866593730600905
592.5,54.16402148490577,0.0005218898688003357,0.028850360967631803
593.0,52.538212177671944,0.0005263601571163012,0.029094172483633697
593.5,51.17350657990974,0.0005329416817263391,0.029453130992079506
594.0,50.25819103982689,0.0005405215807092054,0.029866539987351486
594.5,49.69306129114468,0.0005442915316313748,0.030072152610644148
595.0,48.79913714236141,0.000541687205284889,0.029930111464217177
595.5,48.39381711057008,0.0005318288190148921,0.029392429085680554
596.0,48.19348084549468,0.0005186942971367093,0.028676069188666872
596.5,47.88709758610247,0.0005069771417159245,0.028037016126650122
597.0,48.17838144683518,0.0005021433124876084,0.027773379161431525
597.5,48.92709906368577,0.0005017077607715626,0.027749624366876266
598.0,49.211229068543055,0.0005058198565596649,0.02797389392393579
598.5,49.67883114107719,0.000511724961865568,0.028295955460434275
599.0,50.077249455675265,0.000519463452730499,0.0287180172793376
599.5,50.493690386686225,0.0005246696566909078,0.029001968630983203
600.0,50.27536551016889,0.0005274030026747195,0.029151049287131754
600.5,50.108260146173,0.0005292227879774647,0.029250301812352355
601.0,51.12937958389819,0.0005242258719037352,0.028977769224608672
601.5,52.617804951428944,0.0005199434547561652,0.028744206293284426
602.0,54.35330117655244,0.0005284689850954227,0.029209189934457026
602.5,55.5686484742475,0.0005350875598112127,0.02957016834572406
603.0,55.34331212293486,0.0005268759006758701,0.02912230286727065
603.5,54.418395211032994,0.0005184942261124117,0.02866516466042152
604.0,54.538015576569244,0.000514825938554985,0.028465090306633162
604.5,54.36730622827261,0.000515042811781543,0.028476898299871458
605.0,53.60012001850564,0.0005098279546888419,0.0281924815889253
605.5,53.082669975822995,0.0005002572646596488,0.027670507890504504
606.0,53.040794866517714,0.0004927371120491863,0.02726036443796942
606.5,53.83661431599769,0.00048762249427016793,0.026981414838508397
607.0,54.057660395512556,0.00048528936413497106,0.026854166306269564
607.5,53.64460275134921,0.0004890746551519819,0.027060617085875212
608.0,52.85940985831105,0.0004992596204719019,0.027616106448366533
608.5,51.516499941578296,0.0005089993965880402,0.028147314959249662
609.0,50.66500009363173,0.0005158049294992565,0.0285184897566651
609.5,49.89112120900735,0.0005202912368606838,0.028763174446061544
610.0,49.921715670531974,0.0005245052331507193,0.028993003602838303
610.5,51.018704983266616,0.0005318104407639838,0.02939142668360004
611.0,52.332330993988364,0.000535655637984161,0.029601144548228035
611.5,52.89074887587652,0.0005337650258119172,0.029498033693613104
612.0,52.34940157955657,0.0005314032608987859,0.029369224646625856
612.5,51.730868870958545,0.0005320307463121737,0.029403447073837855
613.0,51.65675933196346,0.0005414177337407108,0.029915412637086428
613.5,51.42945300444037,0.000546600536150116,0.03019808551984712
614.0,51.00648821900916,0.0005365511938246274,0.02964999312081123
614.5,50.83701984560527,0.0005254337055250164,0.029043642891628082
615.0,50.575673206515994,0.000519408057505604,0.02871500119487252
615.5,49.39496528037159,0.0005173151478960113,0.028600850933165882
616.0,48.317644765111396,0.0005146164933134532,0.028453663195593004
616.5,49.1000003671882,0.0005061465245014136,0.027991707169543727
617.0,50.451074045160254,0.0005072346033484264,0.028051052506202778
617.5,51.7066311587214,0.0005092639312720042,0.0281617383851827
618.0,52.60254882582436,0.0005073770846973007,0.028058833040457684
618.5,52.605640105647964,0.000501042189858464,0.02771332756144026
619.0,52.94254449525849,0.0004950293880581528,0.02738538894989077
619.5,53.190798295348344,0.0004919533476652568,0.02721762070209213
620.0,52.90999726612232,0.0004917558059548651,0.027206844362327058
620.5,51.663010173629836,0.0004918683763517411,0.02721298460850417
621.0,50.72749077629988,0.0004913547340129475,0.027184972030897498
621.5,50.02792125436889,0.0004963649550693204,0.027458230828213723
622.0,49.25733173738572,0.0005056848106517593,0.027966537480668904
622.5,49.23549977858031,0.0005153256807759515,0.028492350675825586
623.0,49.60007928754114,0.0005229593970207063,0.028908693204317937
623.5,50.31539298862374,0.0005227846772275654,0.02889916433027822
624.0,51.64840058303283,0.0005168393430037408,0.0285749055725728
624.5,53.595555133589116,0.0005091963907309841,0.028158058593713054
625.0,54.28743382996455,0.0005043074738664544,0.02789141678236215
625.5,53.59223601375634,0.0005048837610811439,0.027922846676691728
626.0,53.07406027241593,0.0005115205041220037,0.028284814103549136
626.5,52.153179124503176,0.0005189325348833857,0.028689067578482677
627.0,50.727027618170034,0.0005198498294980392,0.028739098684117646
627.5,50.1280978826441,0.0005098444850705806,0.02819340661857208
628.0,49.96469716211471,0.0004928398830538127,0.0272659699214118
628.5,49.9449640278515,0.00048328909039572273,0.026745064830560553
629.0,50.34993342107306,0.000474956447316259,0.02629060411663069
629.5,51.362789407829126,0.00046713521112391255,0.02586403449630986
630.0,53.08114445893818,0.0004647395212592591,0.02573337275691056
630.5,53.475937886777075,0.00047523139677835985,0.02630559933431565
631.0,52.56854058254242,0.00048367126235914865,0.026765910944886895
631.5,52.62748996858924,0.00048292206582457994,0.026725050686947777
632.0,52.97979301922163,0.0004869055692052807,0.02694231012780232
632.5,53.47844686916936,0.0004971072532194175,0.02749871132429342
633.0,54.04348409451561,0.0005012787322018663,0.027726226629981504
633.5,52.69324503803571,0.0005043430429462666,0.02789335583635403
634.0,51.69092178513649,0.0005060367154735624,0.027985728525549414
634.5,52.94804632107989,0.0005075196516694945,0.02806660590481846
635.0,52.813951711050926,0.0005095351585253375,0.028176534234944987
635.5,51.26788490258992,0.0005153298069306573,0.02849257681518639
636.0,49.76958983921306,0.0005199443777925867,0.028744255723927404
636.5,48.817941964520756,0.0005194746151666134,0.028718630514672376
637.0,48.78862710161141,0.0005146326642648821,0.028454549141430283
637.5,49.66385117790962,0.000509976000477542,0.028200573955463017
638.0,50.78968381964642,0.0005139743958629258,0.028418645231094775
638.5,52.237430506780186,0.0005240017015556387,0.02896553263066695
639.0,53.085949647870116,0.0005224465668857318,0.028880718129321626
639.5,52.05793022571025,0.0005212573964299839,0.028815865611111106
640.0,50.76725442784116,0.000523328925680578,0.028928848443581852
640.5,50.725319907974104,0.000522997652254902,0.028910779411566362
641.0,51.306767731942685,0.0005175959950707989,0.02861617228185958
641.5,52.05724807382121,0.0005090929668801374,0.02815241736039301
642.0,52.77688998695458,0.0005007573396595508,0.02769779144092749
642.5,52.65238150516737,0.0004991257267445569,0.027608800975632466
643.0,51.354903617350665,0.0005046117989191361,0.027908008417623125
643.5,50.39616892553708,0.0005053284142151667,0.02794709541153148
644.0,49.43992760295521,0.0004993230792414907,0.02761956648787806
644.5,48.308931704516105,0.0004972938797292668,0.027508893054146683
645.0,48.2598469010089,0.000493521305365674,0.027303133958741826
645.5,49.887181553958,0.0004916520120199925,0.027201181973952934
646.0,52.747556847420384,0.0004927958840310045,0.027263570865291884
646.5,53.04160812180867,0.0004945618162809808,0.027359886895185224
647.0,51.96884504320549,0.0005065409963924538,0.028013231719757815
647.5,51.22827286001458,0.0005260199012516998,0.029075613073271073
648.0,50.13416596813015,0.0005380158163148586,0.02972987225805545
648.5,49.24893717977576,0.0005429030010846567,0.029996420969438095
649.0,48.71916144122902,0.0005429011373435529,0.029996319369681564
649.5,49.388934748279745,0.0005426638735576962,0.029983378299095042
650.0,50.08955487288877,0.0005407731613391437,0.029880259330666632
650.5,50.35385281949682,0.0005356109107198393,0.02959871063551482
651.0,51.40549278193371,0.0005264677072576195,0.029100034061437047
651.5,52.50519383064754,0.0005222678648114327,0.02887096607099825
652.0,53.47376313291027,0.0005227493488030399,0.028897228491208765
652.5,52.85633187462098,0.0005241584143421496,0.028974082938679244
653.0,51.91555315807705,0.0005276344980461031,0.029163669082593977
653.5,51.32386007173848,0.0005311087305923484,0.02935315568192613
654.0,50.62317056091575,0.0005299498659980473,0.029289953674493177
654.5,49.87000023134563,0.0005253861984873219,0.029041052925908528
655.0,49.66379526805095,0.0005245251133009495,0.02899408959241357
655.5,49.47740760358271,0.0005293263333959686,0.029255947582940218
656.0,48.85555088519941,0.000531681361119077,0.02938439184841324
656.5,47.84930692120028,0.0005290987998814063,0.029243539711300937
657.0,47.62089066845499,0.0005297693080073089,0.02928010864485497
657.5,48.022690787474154,0.0005340810292370252,0.029515269550253437
658.0,48.41662408868918,0.0005365668974352354,0.029650844828151435
658.5,48.40943851291075,0.0005340529393297886,0.02951372737123676
659.0,48.54588548128703,0.0005252651802783282,0.029034448004877113
659.5,48.767300017960295,0.0005210289309086625,0.0288034066662373
660.0,48.91717548282011,0.0005229313731492837,0.028907166967797743
660.5,49.51698833236786,0.0005315944856697946,0.029379654678252876
661.0,50.42961737131399,0.0005395497519594466,0.029813536366947748
661.5,51.17490134359199,0.0005316158138016924,0.02938081848316381
662.0,51.00978590787484,0.0005260939868587871,0.029079657210205546
662.5,50.98033783952177,0.0005304370072251748,0.029316526007081786
663.0,52.67308039087952,0.0005273121547141562,0.029146096299948656
663.5,54.444301093925205,0.0005168641705673313,0.028576260013373385
664.0,53.687306450428196,0.0005142309093367377,0.02843263871022969
664.5,55.22937885348431,0.0005141075152429367,0.02842590625534083
665.0,57.79864673434314,0.0005051361340784481,0.02793660705395868
665.5,58.31546275405045,0.0004969318818430601,0.027489147308530165
666.0,57.26514366755555,0.0004912870308331471,0.02718127783469151
666.5,56.36785319257859,0.00048437690206244103,0.026804399307947025
667.0,56.077998589010036,0.00048303860360817444,0.02673140615932739
667.5,55.473188663380824,0.0004942734990725838,0.027344156940272424
668.0,53.63395879726113,0.0005134263145733806,0.028388756081016493
668.5,52.007942527939626,0.0005257773473871495,0.02906238434972031
669.0,50.88780630572349,0.0005316734881158007,0.029383961134706118
669.5,51.19877658805772,0.0005334202855822178,0.029479232554211927
670.0,52.547651081970486,0.0005293358486695151,0.02925646446994253
670.5,53.511457677797225,0.0005223982347744727,0.0288780862520582
671.0,52.96882410295817,0.0005160433969544082,0.0285314939350215
671.5,52.37369907754481,0.0005179008840781554,0.028632802517954876
672.0,53.03813084068607,0.0005174755410517349,0.028609603326313172
672.5,53.331822167190545,0.0005107777077394337,0.02824430050267325
673.0,52.71641340217133,0.0005016937090085651,0.027748858405387274
673.5,54.218257568947315,0.00049574776939443,0.027424567338809467
674.0,56.181367306432605,0.0004888841544238865,0.02705022478301549
674.5,56.18964345310086,0.00048757747009347093,0.026978956451063636
675.0,54.24270592631866,0.0005003075925543079,0.027673256893154904
675.5,51.990651728965865,0.0005030069035660613,0.027820479292628767
676.0,51.211122996613156,0.00048562386360806686,0.026872407559075412
676.5,51.86950811578394,0.0004653855730159148,0.025768605379704563
677.0,54.233023559805275,0.0004582571159677108,0.025379813376802257
677.5,54.680774348605105,0.00045993016021073953,0.025471064686901308
678.0,52.45004156957412,0.0004645841837955978,0.02572489991635064
678.5,50.34858256933205,0.0004738496286626584,0.02623023840483104
679.0,49.28444463703868,0.0004854152363375284,0.02686102312193278
679.5,49.21350255909898,0.00048820455939803105,0.02701315662870541
680.0,49.20912901386671,0.0004864606793734772,0.02691804934791195
680.5,48.93707466137691,0.0004919927416674541,0.027219769932161842
681.0,49.13071786988373,0.0005007813331968919,0.027699099612569986
681.5,50.91378605602842,0.0004997932873468501,0.02764521090468481
682.0,51.51747799946874,0.0004966077104056796,0.027471469434584183
682.5,51.10593178974372,0.000492826537900772,0.027265242072226935
683.0,51.36771426296264,0.00048560625959999273,0.026871441594852597
683.5,52.43522645517055,0.0004806556710396038,0.02660143718069306
684.0,53.121954433325065,0.0004834187483926308,0.02675213975116214
684.5,53.64717623542351,0.0004910469142574252,0.02716818317821779
685.0,53.856920577257576,0.0004997393974489837,0.027642273486838072
685.5,53.86151148846446,0.0005109123462932203,0.028251647277853
686.0,52.3876465316463,0.000533361032120292,0.0294759956739869
686.5,50.4769746829933,0.0005549657896478576,0.030654314952069748
687.0,49.77822217953377,0.0005576371619343663,0.030800019396726188
687.5,49.32984574753539,0.0005514847273894126,0.03046446994996751
688.0,48.83342012047059,0.0005472049589378516,0.030231052721740995
688.5,48.85926177410625,0.0005460350457232053,0.030167245275944332
689.0,48.92374638040552,0.0005515814376447487,0.030469740423921924
689.5,50.63964609524847,0.000562231091027895,0.031050569595015867
690.0,52.997987130108356,0.0005618248446736907,0.031028415939624
690.5,55.54520466528381,0.0005564947124157553,0.030737706149871587
691.0,56.64392188024887,0.0005540364446564416,0.03060361817944784
691.5,55.92727241105849,0.0005482858930587271,0.030289985098523816
692.0,54.93819250202796,0.0005322499070182955,0.029415389964198083
692.5,54.72107426987944,0.0005191242619254973,0.028699522632873856
693.0,54.06518180790966,0.0005090982340508484,0.02815270484237293
693.5,53.11554509993324,0.0005020556675350645,0.027768603474724506
694.0,53.024321663312456,0.0004924383327190126,0.02724407190138244
694.5,53.225714998155006,0.00048630161961254553,0.026909375519372662
695.0,52.092637526833705,0.0004917237218117285,0.02720509735062094
695.5,50.155163722242754,0.0005061451961267253,0.027991645101152006
696.0,48.72330211614741,0.0005196008894088566,0.028725518521427386
696.5,48.20221530589096,0.0005221133756737349,0.028862550885275676
697.0,48.91102905200199,0.0005179531875812817,0.02863565455565577
697.5,49.76932151760183,0.0005173989089036618,0.02860542387733046
698.0,49.62410723015233,0.0005202377187943548,0.028760251916935483
698.5,49.16926358672251,0.0005226104032913063,0.028889660064574
699.0,49.0591535317586,0.0005232810135014083,0.0289262362773962
699.5,49.67925612678444,0.0005230316344978392,0.02891263258857027
700.0,51.93150110732324,0.000519590909375,0.028724975511363635
700.5,53.920668958296844,0.0005187710673092877,0.028680261868536814
701.0,53.575621594975686,0.0005189900821254244,0.02869220634379341
701.5,52.966675616850694,0.0005135170081214546,0.028393704947746894
702.0,52.09293816365262,0.000505421260610337,0.027952162166238987
702.5,51.355757743556104,0.0004962414491449298,0.027451494179088206
703.0,51.375993238422,0.0004918501481427498,0.027211991938985575
703.5,51.95215146476953,0.0004901266193861977,0.02711798730187043
704.0,52.603133157461755,0.0004936043513086512,0.027307650321297665
704.5,53.59703612227755,0.0004980857051295534,0.02755205454412333
705.0,53.92170128970949,0.0005058863412351444,0.027977501747347196
705.5,53.944916294396435,0.0005186976664561749,0.028676241634093286
706.0,54.62097442741941,0.0005233598314112908,0.02893052829435486
706.5,55.2858699976377,0.0005151191951391993,0.02848108817100437
707.0,54.87081331870057,0.0005066642185975844,0.028019954155531317
707.5,53.6665393484165,0.0005068322977195685,0.02802912118324029
708.0,53.341845036534735,0.0005215603599670072,0.02883238897947205
708.5,53.682573108559396,0.0005239217860459092,0.02896118145399704
709.0,54.54320438547176,0.0005098432683366061,0.028193335817576867
709.5,55.04882477356328,0.0004957324388901158,0.0274237273031762
710.0,54.65735343649073,0.0004928399902013587,0.02726597031345775
710.5,53.411803852271916,0.0005055986460560041,0.02796182565250438
711.0,51.91952670746794,0.0005153885641910431,0.02849576884766757
711.5,50.85541368673648,0.0005129732265774851,0.02836403265337444
712.0,50.492658643829955,0.0005068088095454545,0.028027827263685134
712.5,50.89330282639353,0.0004932722477248695,0.02728954812761972
713.0,51.85120780618874,0.000480478292945059,0.026591766857882868
713.5,53.19221576526423,0.00047196100425149,0.02612723429650314
714.0,54.25455155983994,0.00046804672933013015,0.025913747203822488
714.5,54.14370630496075,0.0004683360440049271,0.02592951751176498
715.0,52.18262930550398,0.00045982533807110136,0.02546534342032402
715.5,50.36483517005881,0.0004536665089194659,0.025129443356297132
716.0,49.84289010948409,0.00045869221819006207,0.025403549670909572
716.5,50.16471753922019,0.0004715284731067212,0.026103643432292684
717.0,51.65245317400602,0.000487091190585238,0.026952435964959793
717.5,53.13742439293153,0.0005027659566677633,0.027807335792064486
718.0,53.069598622270355,0.0005096267339361121,0.028181522105847286
718.5,52.41644738205036,0.0005129265520664765,0.028361497778298394
719.0,52.24857540373301,0.0005189072608148449,0.028687688498327757
719.5,51.4820759873412,0.0005270028911158738,0.029129224451122485
720.0,51.41622746200134,0.0005322617255075231,0.029416040331200672
720.5,53.260493006703236,0.0005367646830469101,0.02966163024882586
721.0,54.186514059177995,0.0005350357794256726,0.02956733894159217
721.5,53.62163822202821,0.0005283502723621359,0.02920271258797965
722.0,52.59956850749023,0.0005246537944589103,0.02900110720993621
722.5,51.444763556760684,0.0005229624146417036,0.02890885943321552
723.0,50.42013119997475,0.0005269729776156721,0.029127593668948286
723.5,49.91299522472737,0.0005318566778177234,0.02939395157843314
724.0,51.0564330556753,0.0005313609667252305,0.02936691589938863
724.5,53.18025262167885,0.0005277809542235898,0.02917166223427375
725.0,53.066984883762544,0.0005286249750423872,0.029217695387474006
725.5,51.20414406136915,0.0005310667218945239,0.029350869536194493
726.0,50.17401926966773,0.0005345665441246728,0.029541750969004545
726.5,50.288452590522375,0.0005396481492980465,0.029818902760084517
727.0,49.972556421961784,0.0005454797651566024,0.03013695942020596
727.5,49.433687103821015,0.0005459036009404953,0.03016007429059702
728.0,49.200886660167136,0.0005429119858977905,0.02999690903654005
728.5,49.42382963235244,0.0005355016864064944,0.02959274917932455
729.0,51.10398087626729,0.0005165006237632104,0.028556429616474654
729.5,52.21046639117917,0.0005023675159193734,0.027785606110496134
730.0,51.65718257067242,0.0005105804811572554,0.028233533422430294
730.5,51.07559464768693,0.0005245583240510387,0.028995886147511717
731.0,51.773155039761946,0.0005246933267666989,0.029003258514843498
731.5,52.81937926155306,0.0005064469853837735,0.02800810445647416
732.0,52.71309823603899,0.0004943111287930123,0.027346208032539815
732.5,51.569915428188246,0.0004945120384409536,0.027357162666823823
733.0,51.06204140505358,0.0004941699931528278,0.027338511712231502
733.5,51.76790838324547,0.0004943559935299554,0.02734865977970782
734.0,51.62356857631856,0.0005036383036179688,0.027854919425490822
734.5,50.53508854881323,0.0005173736650392733,0.028604048202987845
735.0,49.41107321596427,0.0005277064266427514,0.029167597807976352
735.5,48.53572228471442,0.0005327065003642254,0.0294403022121748
736.0,48.44751595352625,0.000529223024284104,0.029250313248590776
736.5,48.561853622319,0.0005240492332382032,0.0289681322658629
737.0,49.29830929978216,0.000523824985632789,0.028955897681968764
737.5,52.3439226342109,0.0005205448097121985,0.028776997846870572
738.0,54.72571369674448,0.0005120297669210063,0.028312587045353253
738.5,53.31961415924306,0.0005066324576439914,0.02801821573866588
739.0,52.568637066949485,0.000504350453036854,0.027893755843199086
739.5,53.18497017943557,0.0005026137015973542,0.02779903603023642
740.0,53.347874365765165,0.0004996250816047163,0.027636030588928866
740.5,52.616330265427735,0.0005046114850653472,0.02790797806864506
741.0,53.240948459540284,0.0005099835445714283,0.028200968442311
741.5,55.414804719546375,0.0005120863637987316,0.028315667720738336
742.0,55.919359786837155,0.0005090087967002262,0.028147824263636167
742.5,53.955277101285645,0.0005047817203854315,0.02791728231171153
743.0,52.76328799601378,0.0005045986888583053,0.027907299849080133
743.5,50.6708077372474,0.0005055159576348177,0.027957324970677783
744.0,49.6353511441606,0.000515016026325124,0.028475450060374927
744.5,50.62853268946383,0.0005262318666581949,0.029087156251030775
745.0,51.99054099100067,0.0005275198843492288,0.029157407353684012
745.5,52.22717483694875,0.0005340629201066189,0.029514268306919465
746.0,51.40707404330279,0.000536804350525615,0.029663785669165693
746.5,50.842246423693176,0.0005313477302769169,0.029366183842023216
747.0,50.20789452295891,0.0005238826263986354,0.02895904196429666
747.5,49.972338160717115,0.0005185850740512318,0.028670117145782187
748.0,50.28244488409631,0.0005164049469226628,0.02855121435061789
748.5,50.74322272140165,0.0005139490762940263,0.028417270282066618
749.0,50.57858893988884,0.0005092904335329882,0.028163186547219478
749.5,50.83106051141781,0.0005032620640166608,0.02783439820772008
750.0,51.628928698567826,0.000493538666879142,0.027304082818516002
750.5,51.7168077167136,0.0004940162109281809,0.02733012729578777
751.0,51.44448074033398,0.0005085336452009212,0.02812190751111812
751.5,52.01975801811773,0.0005185522178876421,0.028668323043428007
752.0,53.344608690674164,0.0005174068802865806,0.028605856580442162
752.5,54.46145883174666,0.0005065801118380476,0.028015365366652858
753.0,55.20849871198879,0.0004982719049921957,0.027562235310325416
753.5,54.84570304288007,0.0004955858526616152,0.02741573683993558
754.0,53.18062864830778,0.0004966396803837871,0.027473211001145924
754.5,51.27591698068362,0.0004963815389917363,0.027459131970096067
755.0,50.26770225570474,0.0004973583126336762,0.027512406616218198
755.5,50.23805766450229,0.0005008738024588615,0.027704142706213023
756.0,50.31684931316283,0.0005062979431075647,0.027999977216599664
756.5,50.13852512116325,0.0005143049529064514,0.02843668097246331
757.0,50.137085767834726,0.0005239610729503862,0.028963326213400087
757.5,51.076350618158074,0.0005385189227985609,0.029757310806939587
758.0,52.77066376760143,0.0005489290560118154,0.03032508018353029
758.5,54.504355219125415,0.0005495036046334445,0.03035641604135111
759.0,56.26715327317198,0.0005458719230970414,0.030158342236695952
759.5,56.859052841776204,0.0005425438730865169,0.029976822038894242
760.0,56.34570808295679,0.0005381659853191488,0.02973804126530697
760.5,55.069787578374246,0.0005239105034917313,0.028960556105446657
761.0,52.796902026576156,0.0005105883543223431,0.028233973365541978
761.5,50.04739732747971,0.0005057085588531609,0.02796783139536265
762.0,48.40733426599852,0.0005043121083999921,0.02789166850791191
762.5,47.60644734698157,0.0005047839000271155,0.02791739930701615
763.0,47.547743623659386,0.0005015918153263546,0.027743302685380482
763.5,48.925301008224594,0.0004924559116634956,0.027245029963530558
764.0,51.31778238533778,0.0004849003212101974,0.0268329480657402
764.5,53.318692008383735,0.0004879089623506012,0.02699704025126244
765.0,55.07470829418126,0.0004966302437618556,0.027472698964799074
765.5,55.905173703482625,0.0005036090746614471,0.027853320668330843
766.0,54.70156490241408,0.0005034276591939523,0.027843423804298186
766.5,54.85353441033693,0.000500279945601496,0.027671747310418222
767.0,56.55381962557315,0.0004984814004070584,0.027573654669600964
767.5,56.484737228891824,0.0004952327511277848,0.027396473760754023
768.0,53.947972138577434,0.0004895214860291199,0.027084981590229054
768.5,51.210066036387474,0.00048075246140751195,0.026606718928295057
769.0,49.661255823739566,0.0004727448031219887,0.026169982563342336
769.5,48.868891197336296,0.00047174361704210795,0.026115379483918885
770.0,49.15415706380049,0.00048009575970796303,0.02657090573647281
770.5,49.85429143331641,0.0004951068342252859,0.027389606465679783
771.0,50.2106050792434,0.0005009374051615124,0.02770760586166479
771.5,50.48156100371155,0.0004986989260651424,0.027585521196477916
772.0,51.33203010515614,0.0005002956737409941,0.027672610054390607
772.5,51.20092605587151,0.0005128020290841055,0.02835470307961682
773.0,49.99343882972573,0.0005241703851163354,0.028974731077340898
773.5,49.56388872373515,0.0005188082747921232,0.02868228405029754
774.0,49.804174108572035,0.0005032099512995707,0.02783155353313375
774.5,50.231011437811375,0.0004992347714310428,0.027614749983922396
775.0,50.83720312601807,0.0004920371282922437,0.027222190750978818
775.5,50.763254595444685,0.00048567220692603705,0.02687504682013067
776.0,51.21537990777346,0.0005044446847489996,0.027898886723659613
776.5,52.09267204769757,0.000511102110132962,0.028261975367885467
777.0,52.55998420144888,0.0004903747706942687,0.027131513358704604
777.5,52.64828975790645,0.0004848734017153486,0.026831473479454557
778.0,52.31506364529729,0.0005029301011472,0.027816292361351268
778.5,52.86872867762793,0.0005271912611444803,0.02913949989142106
779.0,53.94380567038808,0.0005417115677386218,0.029931437712955315
779.5,53.25771049233992,0.0005422519581954523,0.029960913107160134
780.0,50.30644293778833,0.00053477772859422,0.02955326909783261
780.5,49.2082762150173,0.0005224626701048694,0.028881604454268555
781.0,49.619428440172875,0.0005158961441941478,0.028523465486775607
781.5,50.912855676397854,0.0005143536666166263,0.028439333645423517
782.0,52.88338565595728,0.0005175497207831328,0.028613643879518084
782.5,54.35699921861651,0.00051335473884762,0.028384850168211993
783.0,54.08964215499763,0.0005042355085937595,0.02788748931969923
783.5,52.996097616815035,0.0004990916964512955,0.027606946955913248
784.0,51.568497017278446,0.0004977558034354023,0.02753408486703406
784.5,50.81291089007432,0.0004981081992382938,0.027553298299457563
785.0,50.748860374116454,0.0004968901352286432,0.027486861630204883
785.5,49.63189265303363,0.0004922186383047872,0.027232082654320037
786.0,49.11012302312129,0.0004918144934698887,0.02721004384402641
786.5,50.61919237392892,0.0004973456480982029,0.02751171552767322
787.0,53.39635924761644,0.0005012807259674871,0.027726335522382024
787.5,54.27420188077067,0.0005010170958846291,0.027711956251715405
788.0,53.73284775064998,0.0004996476477975586,0.027637265032553416
788.5,52.74872106995908,0.0004974135251671519,0.02751541427482346
789.0,51.80687235365661,0.000491444419389835,0.02718986030033509
789.5,51.36481628871113,0.0004922669248873256,0.027234721989520698
790.0,51.1129683056137,0.0005055807423110487,0.027960859898804258
790.5,50.01934344680222,0.0005277661133595166,0.029170850274464425
791.0,48.946877635439115,0.0005390479344456624,0.02978616294466602
791.5,48.98914693795118,0.0005344121110795935,0.029533325379571592
792.0,50.31276399131455,0.0005221089665848891,0.02886230880442051
792.5,52.188509104752654,0.0005136329010713333,0.028400021570401907
793.0,52.7724791821518,0.000513524087335485,0.02839408461564255
793.5,51.81636999060307,0.0005179025326277705,0.028632886146703142
794.0,51.054633310884654,0.000514426895273021,0.028443327461338822
794.5,50.41210627708047,0.0005085076496377049,0.028120493617022242
795.0,49.67225609139643,0.0005040469218800383,0.027877203789592117
795.5,49.76424993652174,0.0005083026273718142,0.028109300609863982
796.0,50.695720207993666,0.0005157910536453836,0.028517713486465715
796.5,53.25330957460465,0.0005154608876651981,0.028499715215308363
797.0,56.415171254292694,0.0005095313255848624,0.02817632103668835
797.5,59.58932709436071,0.0005112894518758154,0.028272210269822802
798.0,59.40565162634875,0.0005202995036165695,0.028763621671556765
798.5,57.45138738679824,0.0005239169889752958,0.028960922147775403
799.0,55.52963311023907,0.000521591771898894,0.02883410590406188
799.5,53.63401802087602,0.0005153061429639672,0.028491286544421263
800.0,52.513962288047296,0.0005037769399138395,0.02786248168446749
800.5,52.3751040221938,0.0005065297377973595,0.02801261742815228
801.0,53.50187363765793,0.0005205986705969568,0.028779938437220844
801.5,54.98989199357699,0.000523713544967978,0.028949825455335598
802.0,55.411789503600666,0.0005232198988416194,0.0289229016246959
802.5,54.87039170202247,0.0005249074868208852,0.02901494069510522
803.0,53.83501267151439,0.0005261830298995671,0.029084505963383796
803.5,52.560214168113845,0.0005199788057168347,0.028746127619023086
804.0,51.96636455405934,0.0005097499042977988,0.028188244637998298
804.5,52.01493162805389,0.0005015544921268287,0.027741266817803548
805.0,51.994523282700506,0.000501413698319494,0.0277335871207646
805.5,51.55761926409821,0.0005090831127679169,0.028151877576921464
806.0,51.17517710783677,0.0005177315044164281,0.028623563626773235
806.5,50.7373007660758,0.0005217543846116981,0.02884297285160806
807.0,50.0984736494594,0.0005235698650602722,0.028941990194132954
807.5,49.542889419448336,0.000523029158092249,0.028912500297320842
808.0,48.90822947170099,0.0005204468606821047,0.028771662217236323
808.5,47.68070691104878,0.0005144873221806166,0.028446627697637155
809.0,47.09530868753129,0.0005082779975944614,0.028107970344146093
809.5,47.87724818381244,0.0005052433715911777,0.027942459968492823
810.0,49.18955812186036,0.0005143021155249779,0.02843652355074993
810.5,50.072707456116895,0.0005216732595764726,0.028838547833349427
811.0,52.859248160274504,0.0005283094291320102,0.02920048737294397
811.5,55.33644270533046,0.000526621602856229,0.029108433305005583
812.0,55.81309112058799,0.0005278157041880366,0.02917355887675891
812.5,55.77532276020077,0.0005365471227068564,0.029649770885833218
813.0,55.67870055271235,0.0005359548543815287,0.029617469389625783
813.5,55.32444475736925,0.0005283752596571222,0.029204078028949153
814.0,55.41356598491789,0.0005235718309625143,0.028942097833176535
814.5,55.12864911758495,0.0005289724934706108,0.029236635577464785
815.0,55.12724397781064,0.0005329342852276553,0.029452705848045123
815.5,55.3240793910051,0.000519509645186656,0.02872053597388713
816.0,55.45739486511407,0.0005060447394118275,0.027986164140451734
816.5,54.81226457540743,0.0004993139962972546,0.027619069978047864
817.0,53.52470570671627,0.0004934711104400736,0.027300399354900393
817.5,51.958517427778204,0.0004936345721649875,0.027309315499972273
818.0,49.85627325300177,0.0004943833558319777,0.027350154004880316
818.5,48.410814763490805,0.0005037949607755247,0.027863454364859756
819.0,48.059791411434745,0.0005197881876890678,0.028735717934478038
819.5,49.464288882509926,0.0005231351278798396,0.028918267789452598
820.0,51.63308943018307,0.0005196978615821956,0.02873080432357776
820.5,53.71234017607084,0.0005198054278137003,0.028736673106788544
821.0,54.519754806905425,0.0005254073231205066,0.02904220355418393
821.5,53.58711553973056,0.0005322551562621952,0.029415686987768277
822.0,53.8500089554743,0.0005401168942053154,0.029844464702686584
822.5,53.83937226702696,0.0005362532201371161,0.029633739160641565
823.0,53.307122688140275,0.000520722862933243,0.02878671222864325
823.5,52.497264624797545,0.000508558559388121,0.028123269992913837
824.0,51.47256447227404,0.0005066417471200574,0.028018726690007184
824.5,51.281773131281206,0.0005080989633483958,0.028098199931879796
825.0,51.5434283734945,0.0005058876238716656,0.027977589096730017
825.5,50.973562997174575,0.0004972687563297449,0.027507516996795753
826.0,50.19479177835969,0.0004938401749168119,0.02732052543514428
826.5,50.75065189598612,0.000500386288212164,0.02767755310511687
827.0,51.932280880115734,0.000511750263403329,0.02829734726235596
827.5,52.96325379216414,0.000515755910497442,0.028515816300463098
828.0,53.73117017979798,0.0005137237437272727,0.0284049818969697
828.5,53.75659152954235,0.0005152002699602272,0.02848551217346977
829.0,53.35948031942877,0.0005219869697512746,0.02885565803523333
829.5,52.65980139235165,0.000523577242232513,0.028942385782695968
830.0,52.11566810500787,0.0005159510904894374,0.02852645563521131
830.5,51.904979240786325,0.0005024294293400876,0.027788983119695368
831.0,51.25220033791606,0.0005058747139465721,0.027976881773406286
831.5,50.14651604627593,0.0005226092120597121,0.028889577878011784
832.0,48.721749701583775,0.000494090147916563,0.027334153060757396
832.5,48.51273575639176,0.0004800046629401995,0.02656592680748116
833.0,49.63887390250598,0.000484550474323424,0.026813854193911253
833.5,50.93214757616916,0.00048670621680938967,0.026931435071126716
834.0,52.53317838259153,0.0004878665454539557,0.026994722097116598
834.5,54.7146300084322,0.0004953906484210465,0.027405085970362827
835.0,55.13241809547297,0.0005063634160582893,0.02800354045992141
835.5,54.64036536137423,0.0005139310416714272,0.028416282685399894
836.0,53.88135334158353,0.0005180660054984306,0.028641806554647965
836.5,53.15001045131468,0.000526018402291697,0.029075530854993398
837.0,51.741892413227234,0.0005394280647076409,0.029806894585956513
837.5,51.30682305536848,0.0005442799755454675,0.030071518835114934
838.0,52.87516231516004,0.0005379300973765136,0.029725197367928766
838.5,53.86116158140017,0.0005257470684864493,0.029060733849456462
839.0,53.28131425899827,0.0005170548636514986,0.028586658637412842
839.5,52.99584909509089,0.0005173691678552961,0.028603801137817162
840.0,54.29422621500762,0.0005125611534831259,0.028341570852470067
840.5,55.49883408278953,0.0005039995251755585,0.027874618199026324
841.0,54.73535987711685,0.0005045766987013899,0.027906099376065276
841.5,54.10537089613303,0.0005063220927564033,0.028001294263214585
842.0,54.49009758325197,0.0005042928663920816,0.02789062038160168
842.5,54.658078106040215,0.0005002600822034933,0.027670668004507466
843.0,53.714769986614414,0.0005004261310398133,0.027679717361792807
843.5,52.692505898432024,0.0004980645297717115,0.027550918015644965
844.0,52.7549137709391,0.0005001036716852913,0.0276621361701834
844.5,53.446086485475206,0.0005143888900233567,0.028441251739849807
845.0,52.58113392562634,0.0005308248505176399,0.029337668454695213
845.5,51.376175654828444,0.0005404165329170246,0.029860802823038032
846.0,50.7983231637518,0.0005362898641319709,0.02963573762889732
846.5,50.54880136479301,0.0005257713497646023,0.029062058970540927
847.0,50.744971713789134,0.0005174563727206674,0.028608559403149283
847.5,50.931319438115146,0.0005156999646675033,0.028512764599121714
848.0,51.119020882220546,0.0005179910545011253,0.028637719796324075
848.5,51.50105334245548,0.0005183232244676913,0.02865583315730866
849.0,51.69058702916663,0.0005122483178571133,0.028324508032287088
849.5,51.73393896653166,0.0005092679466927103,0.028161953102118865
850.0,51.653548379463686,0.0005146900490106857,0.02845766644199201
850.5,51.38206412837788,0.0005169981542096444,0.028583552360428012
851.0,51.38526390977204,0.0005058472082672846,0.02797538661192757
851.5,50.95064298049219,0.0004971849095572698,0.027502948809171326
852.0,49.818392640226385,0.0005062254479637738,0.027996023066258986
852.5,48.817369995902204,0.0005178686422338387,0.02863104443633638
853.0,49.054629200435755,0.0005302599808921077,0.02930686826382108
853.5,49.26510474566458,0.0005384089681787715,0.029751313383295463
854.0,48.81908378374146,0.0005292385735574115,0.029251159228729222
854.5,49.19116230460557,0.0005118291882429618,0.028301650095414188
855.0,50.877863496854026,0.0005068168037930103,0.028028272058839385
855.5,54.20547278059444,0.0005151512893531223,0.02848283136987822
856.0,55.367030587438514,0.00051638897802529,0.028550338615590677
856.5,55.18388082648633,0.0005080980762771109,0.0280981554190482
857.0,54.23962229198618,0.0005001107340876895,0.02766252520042258
857.5,52.18703908507595,0.0005001830453045199,0.02766646838166966
858.0,51.37660611051623,0.0005090836338250463,0.028151905587369713
858.5,50.87890871211228,0.0005226172738323744,0.02889003210621379
859.0,50.608574671120486,0.0005312650699297778,0.029361683715460822
859.5,50.268860881634474,0.0005298345499976131,0.0292836586747036
860.0,49.803940138636335,0.0005294491380341762,0.029262637964719805
860.5,49.86156105540636,0.0005370510013201973,0.029677236318307508
861.0,51.7353579917642,0.0005389664777864091,0.029781706528098827
861.5,54.232577333615325,0.0005251161639498841,0.029026318325850963
862.0,54.922294192711576,0.0005155224429992168,0.028503076151018828
862.5,53.32594332576684,0.0005127030501618205,0.02834930765933418
863.0,51.21070991347193,0.0005120457650956148,0.028313462434540613
863.5,49.53010804908127,0.0005095919202843822,0.028179631250938527
864.0,49.23905732696889,0.000499698762374561,0.027640057687583253
864.5,49.92270571419604,0.00048785734841662245,0.026994221475295656
865.0,50.06960333325993,0.0004840208556671074,0.0267849741268164
865.5,49.74829712216541,0.0004776777976309982,0.02643902686709745
866.0,49.97051704225139,0.00047687465110114095,0.02639522549106342
866.5,51.043141583157045,0.00048166465122137926,0.026656473823660234
867.0,53.37854168834399,0.0004886883705520074,0.027039548412474555
867.5,54.02294418444499,0.000496617041511,0.027471979858167458
868.0,52.64196543248716,0.0005045184824906225,0.027902925007574065
868.5,52.17286514608164,0.0005102574126164484,0.028215920600801383
869.0,52.26764375474478,0.0005117405718719714,0.02829680846092204
869.5,51.60063856707471,0.0005031388091080635,0.027827672934432817
870.0,50.81205460916845,0.0004977848553831745,0.027535670691662885
870.5,49.18878680422009,0.0004978228967921321,0.027537745073689786
871.0,48.486146464272494,0.0005071453324167262,0.02804617969774997
871.5,48.89730962413512,0.0005135386520793807,0.028394871469639135
872.0,49.3776594621815,0.0005073225308346585,0.028055852923785887
872.5,49.849247681108125,0.0005041529159801285,0.027882986408011682
873.0,51.17500951756467,0.0005016153481122346,0.02774458845107256
873.5,54.06470643496343,0.0005003252540860427,0.027674225760083746
874.0,55.40813425235978,0.0005058387092313793,0.02797492176139222
874.5,55.370315617595054,0.0005142233466710869,0.02843221798275858
875.0,55.12930647957074,0.0005130160938249019,0.028366381418684833
875.5,54.311742067371874,0.0005073011997786904,0.028054692892660785
876.0,52.63953935543849,0.0005024426496639608,0.02778970621861439
876.5,51.794111456885894,0.0004987305248867112,0.02758724541418795
877.0,51.112722797359936,0.0004952751165279421,0.027398785782889772
877.5,50.16873323308471,0.0004929525703549396,0.027272113643185488
878.0,49.36409132320415,0.0004932352248763646,0.02728753249172217
878.5,49.05779030302013,0.0004944282017232712,0.027352598934085582
879.0,49.504297764451636,0.0004940631379524174,0.027332689194841674
879.5,50.12261306506619,0.0004989070427583512,0.0275968768091461
880.0,50.001531258419085,0.0005101815019739119,0.028211784315610885
880.5,48.703006253700075,0.0005198855277523003,0.028741042193637625
881.0,47.79896069415709,0.0005116867452018082,0.028293880712102367
881.5,48.63444575623986,0.0004921772403416407,0.027229831348912884
882.0,50.17884954549706,0.00048009205351750217,0.026570704328661342
882.5,51.19915647913927,0.0004914014962623812,0.02718752176452837
883.0,52.42511315341037,0.0005157902416264277,0.0285176821492054
883.5,53.8331496071568,0.0005238179308936707,0.028955514132599922
884.0,54.167091887200954,0.0005202919133547543,0.028763207985451206
884.5,52.80100100038749,0.0005212797530963644,0.028817085410234058
885.0,51.54700637278549,0.0005250234984202191,0.02902126918814362
885.5,51.00021442782112,0.0005368902577712068,0.029668477087358893
886.0,50.992435212814314,0.0005524679953900026,0.03051808760679501
886.5,50.64981296415768,0.0005561740879245734,0.030720224323924742
887.0,50.03672114174116,0.0005510287019206214,0.03043959446871108
887.5,50.30881381368742,0.0005437563771570182,0.030042957803668516
888.0,50.72019866754737,0.0005353955293312309,0.029586954309884728
888.5,50.722266675330744,0.0005300902544007947,0.029297606862843932
889.0,51.5376531962326,0.0005273458114959582,0.02914792797983912
889.5,53.50620637818063,0.0005257134517849533,0.029058899108265715
890.0,54.937504707023294,0.0005249431961504327,0.029016889607215705
890.5,55.1498845441519,0.0005259482247841872,0.029071705243580378
891.0,54.643809708453006,0.0005251988246140038,0.029030834085241673
891.5,53.99370777292772,0.0005143970317659879,0.02844170320919451
892.0,53.184794906852055,0.0005063872919866039,0.028004849934921604
892.5,52.032245226120644,0.000521572608902857,0.02883305304021804
893.0,51.1143066584903,0.0005316696139777005,0.029383744602534997
893.5,50.460086873458955,0.000525449343964104,0.02904449188272168
894.0,49.90880039400541,0.0005162445963292869,0.028542461823740897
894.5,50.589075251328595,0.0005118676038121361,0.028303736920364465
895.0,51.51031035747152,0.000510080011663087,0.028206246121750763
895.5,52.085987641143774,0.0005126270430916183,0.028345162357782106
896.0,53.06894893200984,0.0005202275353754693,0.028759689719967896
896.5,53.46305752226222,0.0005190149785840956,0.02869355922729829
897.0,53.226323745355025,0.0005130760078494918,0.028369651566898805
897.5,53.106156407251184,0.0005121645211275145,0.02831994112120616
898.0,53.48817324464436,0.0005155203430102836,0.028502968358446682
898.5,54.116024106797866,0.0005188323477588296,0.02868360599683685
899.0,54.539729359387515,0.0005146456704437393,0.028455264154922097
899.5,54.05510653410862,0.0005094752829466202,0.028173270614666224
900.0,52.65235177844211,0.0005109531116254713,0.0282538708960055
900.5,50.908946653893935,0.000521327603732854,0.02881969531797894
901.0,50.169909230376376,0.0005328105065197905,0.029445973279153697
901.5,50.03375492937472,0.0005395654993885519,0.02981439330764469
902.0,50.00327300381963,0.0005349047731188744,0.029560197505403382
902.5,50.267902231041944,0.000528318708862191,0.02920099309822883
903.0,50.62396008383425,0.0005262809443143711,0.029089851521325864
903.5,50.60054426921641,0.0005269760515880106,0.029127762730708138
904.0,51.20642943597702,0.000527862141095643,0.0291760912056119
904.5,53.294056342072814,0.0005319448509144998,0.02939876347389402
905.0,54.93870758971022,0.00053716609930384,0.029683528913285847
905.5,54.92549455439574,0.0005366808249060737,0.029657059076364498
906.0,54.13009302842782,0.0005318613071415602,0.029394204423507233
906.5,52.99370154093608,0.0005288504295341175,0.02922999219628834
907.0,52.540904341721784,0.0005299621390308418,0.02929062416155926
907.5,52.647306229271074,0.0005314749451641738,0.029373131781828404
908.0,53.326412402814746,0.0005326878468024805,0.029439282225058448
908.5,54.99065462865918,0.0005360462157155744,0.029622445913152048
909.0,55.61038923982142,0.0005363222971582575,0.02963750532499471
909.5,54.70187948753539,0.0005370636930508017,0.029677944408098636
910.0,54.09735394547646,0.0005373932093871638,0.029695917886114694
910.5,54.87327130595027,0.0005353970508146699,0.029587047682228196
911.0,54.757616460409444,0.0005351032535620921,0.029571017979402085
911.5,53.01525404344849,0.0005321301170852315,0.029408861384349744
912.0,50.74377079775867,0.0005206589366828973,0.028783225574397414
912.5,50.01627372638157,0.0005122353920363094,0.02832380561841671
913.0,50.34026171126376,0.0005117260933124796,0.028296029332086196
913.5,50.25207621101161,0.0005113564141422351,0.028275867366413146
914.0,49.75942918713087,0.0005127671159460748,0.028352807218715404
914.5,49.16484783005912,0.0005199223850017892,0.028743056821045943
915.0,48.52899389419876,0.000528361421105669,0.029203322691006214
915.5,48.11736116147915,0.0005313297683229034,0.029365216479067206
916.0,47.98920343304031,0.0005273225577470646,0.029146661943840867
916.5,48.75862209908313,0.0005198069910741581,0.028736760799709035
917.0,50.5482032969553,0.0005166254278123317,0.028563236815746393
917.5,50.62977541371345,0.0005301142952836692,0.029298915815104562
918.0,51.897600529836886,0.0005424597881368111,0.029972234317009343
918.5,52.47026867959963,0.0005383597019334076,0.029748620374090637
919.0,52.74375652530465,0.0005280130688262154,0.029184320382730843
919.5,53.008441411822744,0.0005226592809487231,0.028892325399885645
920.0,53.23544084270263,0.0005213716206100101,0.028822096955559113
920.5,53.10520567321804,0.0005252699847995281,0.029034714476415084
921.0,54.12120209646362,0.0005271677756141637,0.029138219695633027
921.5,55.16993298149314,0.0005248504489720057,0.029011830911807063
922.0,54.88409038735972,0.0005125320165464729,0.028339981324981126
922.5,53.52067065217317,0.0004932972446052735,0.027290909259839177
923.0,52.74972826215023,0.00047932914522459506,0.026529086915643926
923.5,52.645747061362,0.0004731728729548391,0.026193327287741958
924.0,52.128511634711295,0.0004740214681252576,0.02623961186320561
924.5,52.692207665437394,0.00048000203155755045,0.026565790481700362
925.0,53.556070020814346,0.00048539986829623306,0.026860189387671245
925.5,53.266243289072,0.0004891346197261918,0.027063885648637518
926.0,51.48002672659353,0.0004895412543308005,0.027086064102375854
926.5,50.14289496284085,0.0004924481343384735,0.027244606756899773
927.0,50.11202844793585,0.0004972105099606181,0.027504347131774732
927.5,49.604443702787435,0.0005022542636839112,0.02777943407598173
928.0,48.92559248769001,0.0005043552221515012,0.02789402016550843
928.5,48.925262909995475,0.0004994704576705319,0.02762760404835329
929.0,48.39826203644265,0.0004889939158009013,0.02705621239004852
929.5,47.709791676690884,0.0004865477265438888,0.02692279582300727
930.0,48.05442632289993,0.0004955296708575657,0.02741267209896963
930.5,49.92541802133436,0.0005025340230177948,0.027794691247249818
931.0,51.871129517773795,0.0005063278013968703,0.028001603245700387
931.5,51.936901464122215,0.0005104307489722662,0.02822537916665647
932.0,50.840492705173105,0.0005149313290157722,0.02847084226635286
932.5,50.366684665484826,0.0005206527803398943,0.028782889975699933
933.0,50.59530436172127,0.0005289799187644773,0.02923704792277359
933.5,51.79533157400765,0.0005379976253791574,0.029728873718579903
934.0,53.04432189210273,0.0005390596151609551,0.029786799123418663
934.5,52.87568524474189,0.0005351523706851978,0.029573700441358083
935.0,51.77315607574291,0.0005300975916499919,0.029298013355400956
935.5,51.45284981118409,0.0005289476298666333,0.029235293809251325
936.0,51.74623869919664,0.000530804270994895,0.029336552561953385
936.5,51.29599296202757,0.0005263600556477865,0.029094164217675494
937.0,49.99738186947323,0.0005234188556792836,0.028933746149129108
937.5,48.878771867585655,0.0005178569395609619,0.028630400578285874
938.0,49.201214493167775,0.0005020041778067741,0.02776579260326963
938.5,49.382410010660884,0.0004936569703688458,0.027310535028003114
939.0,49.409305339317264,0.0004915895854738151,0.027197778729652285
939.5,49.75645904265495,0.0004935212112700031,0.027303128053599014
940.0,50.839682066879554,0.000495347138323648,0.027402713249079533
940.5,52.23135484674534,0.0004907031006422017,0.02714942968178243
941.0,53.18421320668747,0.000488054726910758,0.027004989023533012
941.5,52.962373404484026,0.0004919330672024191,0.027216514749522615
942.0,52.34636969280588,0.0004979855689886473,0.027546618773778602
942.5,51.91538865123448,0.0004980199196830655,0.027548490989536486
943.0,52.787978170490774,0.0004900558740868955,0.027114130969094926
943.5,53.35900622074027,0.0004817676663548926,0.02666209221988677
944.0,53.80691530799724,0.00047103330621387255,0.026076638800963475
944.5,53.373972724303954,0.0004736830839870285,0.026221156618827082
945.0,52.298605151490904,0.0004870532856528272,0.026950367404632938
945.5,51.3219905494952,0.000490632523379624,0.027145580186784094
946.0,51.28578927446362,0.00048601191177446144,0.026893572136762904
946.5,50.71294614279282,0.00048395777110124094,0.026781537756862924
947.0,49.501507021150154,0.0004793147898266044,0.026528307184944658
947.5,48.7769890692075,0.0004758699012792518,0.026340424045674233
948.0,48.86092629399051,0.0004790435085009704,0.02651351532809734
948.5,49.670462801474635,0.0004863934635740391,0.026914381072626878
949.0,49.30635051574951,0.0004974721277872917,0.027518610057156702
949.5,48.427672684554246,0.0005088253586813231,0.028137819172114806
950.0,48.73697411052011,0.0005179753858322992,0.02863686289494815
950.5,50.717697014925996,0.0005194809698916772,0.028718977627416598
951.0,52.05274583231409,0.0005163572400970528,0.028548610702570937
951.5,52.43030928006656,0.0005122428925413871,0.028324215775868203
952.0,53.056066464988675,0.0005121086207218484,0.028316893003471077
952.5,52.68383061159948,0.0005170005678787722,0.028583699532794174
953.0,51.49715217886573,0.0005210463637289212,0.02880435763916591
953.5,50.64166868063194,0.000520460132911056,0.028772384212758143
954.0,51.8947968732763,0.0005180933416046537,0.02864329733869042
954.5,53.39864866532424,0.0005138412233352801,0.028411383442576432
955.0,54.16105878481237,0.000514592794418923,0.028452372904679914
955.5,54.7065954834249,0.0005213836592653665,0.028822748284107903
956.0,55.192033048958464,0.0005287210500565107,0.029222930817456687
956.5,55.84545900068337,0.0005309255261923634,0.029343166059872642
957.0,55.79165837870176,0.0005342905447043202,0.029526696639051636
957.5,55.39729331921521,0.0005387660666056581,0.029770791272487787
958.0,55.2224934543046,0.0005349898479968778,0.029564832388604863
958.5,53.73923551744134,0.0005258830647711879,0.029068148886164664
959.0,51.38593406076318,0.0005191748230793865,0.028702283432330503
959.5,50.30978374405339,0.0005186836551451508,0.028675496129297765
960.0,50.14426635090474,0.0005170763335726853,0.02858783273553953
960.5,50.21550697611555,0.0005160284741120368,0.02853068103452889
961.0,50.71608367504662,0.0005190142441634096,0.028693519375514936
961.5,51.682109763679165,0.0005123317984719877,0.028329057179145578
962.0,52.538129916299134,0.0004986440257075734,0.027582527885034465
962.5,53.58156254556994,0.000500751514449278,0.027697472859027076
963.0,54.49956568188501,0.0005126388812568094,0.028345812720622577
963.5,55.139831756120245,0.0005224390805033328,0.028880317742178818
964.0,54.42524981255725,0.0005274722123001937,0.02915482576084668
964.5,52.92128282812296,0.000529273499723164,0.029253066122598873
965.0,52.43151866589385,0.0005300519419410537,0.02929551714922135
965.5,53.117019403389556,0.0005284089294523074,0.02920590941577783
966.0,55.16020499890964,0.000526692385049275,0.02911229210714792
966.5,56.1592531863148,0.0005395975090632707,0.02981613134039495
967.0,55.33720377110877,0.000559053377370529,0.030877250463865687
967.5,53.40826032889478,0.0005561351167723818,0.030718096306701824
968.0,52.009569821045226,0.0005369475903082164,0.029671611050125717
968.5,51.02876741966386,0.000523983764169301,0.028964563753274393
969.0,50.30072113807503,0.0005232637902112135,0.02892529700897821
969.5,49.85900071489539,0.0005254648764261506,0.02904534463400168
970.0,49.999367019156736,0.0005224018796402418,0.028878287963291987
970.5,50.140588497923375,0.000517880705812719,0.02863170206723179
971.0,50.174326094366144,0.0005121408078061388,0.02831864601337302
971.5,50.033890831228035,0.0005070242951204717,0.028039586291397835
972.0,49.5684499907831,0.0005028637230687966,0.02781266338572921
972.5,49.379118362032195,0.0004995177490589548,0.02763017613903759
973.0,50.181096151619556,0.0004991488769211175,0.02761006152176682
973.5,51.69148712840574,0.0005041229845809579,0.027881351992546165
974.0,52.88664843989125,0.00050796113062782,0.028090685538356117
974.5,53.99380723849627,0.0005093025843039983,0.028163849655172775
975.0,53.82913608037493,0.0005149853388178303,0.028473789008174107
975.5,53.466820177770444,0.000518685924880061,0.0286756195213114
976.0,53.5232632624839,0.0005184021768963357,0.0286601424517173
976.5,53.57265744849148,0.0005147388550152747,0.028460343262425112
977.0,53.857208910305864,0.0005090238059447717,0.028148645118249282
977.5,54.416856864259984,0.0005075205720242237,0.028066657823699052
978.0,54.360603960487055,0.0005139977128653447,0.028419920918043448
978.5,53.86366318867594,0.000522814066046326,0.028900758075348858
979.0,53.17526048979753,0.0005224599719113989,0.028881438455444282
979.5,52.1244519341913,0.0005163946476730238,0.028550642622855844
980.0,50.57101084306089,0.0005191822751556423,0.028702688241245146
980.5,49.975126970317305,0.0005333412930925345,0.029474924867668346
981.0,50.829708396805515,0.0005438027516069708,0.030045488636908667
981.5,53.05369848879743,0.0005391803940221726,0.02979338149628416
982.0,54.45530913752527,0.0005270364729928427,0.02913105269276101
982.5,54.79943090182947,0.0005225433731355503,0.028885998961734684
983.0,55.07069682031203,0.0005257249946197537,0.029059523621422733
983.5,55.12819460674191,0.0005277086034733678,0.02916770870212011
984.0,55.472062431694795,0.0005237487363285973,0.028951740374314434
984.5,55.90576379672508,0.0005135594269430808,0.028396015704080804
985.0,56.435237045479184,0.0005032412001021298,0.02783325895351604
985.5,56.5339195474578,0.0005014763468947914,0.02773700465264575
986.0,55.887970187872284,0.0005112032949422206,0.02826751470672504
986.5,54.59563947731303,0.0005296764584455286,0.02927504315183684
987.0,52.67768442334741,0.0005466025174280393,0.030198191887609575
987.5,52.000235317817086,0.0005490242292437769,0.030330269877331822
988.0,51.56065225706075,0.0005370416789872166,0.02967674261366566
988.5,51.81042825659552,0.000527352895955805,0.029148316895858197
989.0,52.30935533936687,0.0005293187606233268,0.029255534958508595
989.5,52.283132315697756,0.0005395429048174295,0.029813161336477798
990.0,52.517589957520265,0.0005447580040749528,0.03009759431206858
990.5,52.57190282662631,0.0005486238732956972,0.030308436121744605
991.0,51.577984137221016,0.0005497970344154225,0.030372417932241744
991.5,50.59565992333699,0.000549153998306693,0.030337348648123638
992.0,51.12796245020327,0.0005519765438397338,0.030491292342364678
992.5,51.43263377672054,0.000558400294779458,0.0308416454651245
993.0,51.28277586330233,0.0005586746869899204,0.03085661184964218
993.5,52.26177010680369,0.0005427860844426982,0.029990044461747856
994.0,52.29568475689503,0.0005244726110386048,0.028991219913980435
994.5,51.64850838099521,0.0005130078605363183,0.02836592847541912
995.0,51.46161995305217,0.0005110069454455395,0.028256800802795707
995.5,51.64243017342769,0.0005093638681558954,0.02816719080876448
996.0,51.370498955012486,0.0005045505553131883,0.027904673793501415
996.5,51.03964891480376,0.000497193438753879,0.027503415281225206
997.0,51.81183910708111,0.0004888799724426266,0.02704999832661001
997.5,53.29940164499712,0.000488305057002656,0.027018641639582744
998.0,53.31337402353916,0.0005002798839590857,0.027671747175626392
998.5,51.70752338017561,0.0005094902045778145,0.028174078948466724
999.0,50.47945528631409,0.000501620526032746,0.02774486727141061
999.5,50.63230142837306,0.0004902814286078274,0.027126432018649456
1000.0,50.64547741343746,0.00048793649332582356,0.026998536889155905
1000.5,51.15169509047331,0.0004924422506975554,0.027244282280049336
1001.0,51.639853610853784,0.0004924604573398302,0.027245277189309147
1001.5,52.16582011871695,0.00048319484555055833,0.026739930564541416
1002.0,53.43022575460691,0.00047465762885727037,0.026274310143397088
1002.5,54.84042273090486,0.0004751285395867607,0.02629999317959264
1003.0,55.05718023531858,0.0004859042056548184,0.02688769919317123
1003.5,55.38457738233056,0.0005041641550983739,0.027883597195786956
1004.0,55.6355577511679,0.0005169663658656226,0.028581830084295153
1004.5,55.23881030803697,0.0005147495520904158,0.028460926637974678
1005.0,54.3428684269537,0.0005038311817242739,0.02786543835482914
1005.5,52.70258057358322,0.0004959314370984096,0.027434584803756615
1006.0,51.01855733914895,0.0004976527824738298,0.027528467035255775
1006.5,49.99479242153761,0.0004998007272511848,0.027645616464454983
1007.0,49.27500178041125,0.0005051624454542762,0.027938046690598465
1007.5,49.376165023989884,0.0005167462050094694,0.028569827314393927
1008.0,51.42959966475765,0.0005278572308024298,0.02917582448711499
1008.5,52.85067064976954,0.0005314750797235022,0.02937314120276497
1009.0,52.196301605210714,0.0005279147922083024,0.029178959571241597
1009.5,51.21121888632962,0.0005220334468050044,0.028858185673947604
1010.0,50.51442027093775,0.0005148089210666034,0.028464156811798296
1010.5,51.693836809098734,0.00050913247,0.028154563382662173
1011.0,52.98798763300284,0.000507412625040577,0.02806076341636609
1011.5,53.78640429131511,0.0005124292172908214,0.028334370060966195
1012.0,54.127924626180665,0.0005179379620392194,0.02863481879443586
1012.5,54.451151864906045,0.000515230164571981,0.028487137431207742
1013.0,53.926337375012515,0.0005090909097385031,0.028152304683047785
1013.5,52.76720977489861,0.0005058113304672164,0.027973437268551244
1014.0,51.90977391912093,0.0005075455487735132,0.028068021453448604
1014.5,51.48095436765128,0.0005210124696937461,0.02880250633340582
1015.0,51.73501808115351,0.0005304671418421044,0.029318164615713425
1015.5,52.21333242755187,0.0005293502414386163,0.029257249222158867
1016.0,52.957738364121155,0.00053077660269924,0.029335041988056462
1016.5,54.36351384023819,0.0005347087897263398,0.02954950234350057
1017.0,55.02779423264789,0.0005317502617082975,0.029388145889335377
1017.5,53.836166297992364,0.0005257762166815509,0.029062323545981407
1018.0,52.450983160142044,0.0005287021710433291,0.029221904364310127
1018.5,52.06192666029677,0.0005391834533463634,0.029793547877198734
1019.0,52.344851216225365,0.0005419902893776132,0.029946625592740406
1019.5,52.34149823669925,0.0005296358569771989,0.02927281384364822
1020.0,51.9293538327602,0.0005211753805520365,0.02881138506624436
1020.5,51.26444030299438,0.0005189493405380059,0.028689982290523195
1021.0,51.047419784666026,0.0005238694483405721,0.028958327308884473
1021.5,51.737923420697115,0.000539035448008983,0.02978548482312304
1022.0,52.394025044290835,0.0005489985819180643,0.030328876218163825
1022.5,52.47840274192169,0.0005472077213551404,0.030231203385926345
1023.0,52.28247387785609,0.0005368946656758499,0.02966872768545811
1023.5,52.35773279569893,0.0005277359462314989,0.029169207703605305
1024.0,52.4422925278404,0.0005188181397007594,0.028682823307235147
1024.5,52.87008115071596,0.000513038395294502,0.028367583767985267
1025.0,53.74980304272545,0.0005023002455153429,0.027781924497979168
1025.5,54.91192561496861,0.00048578220237508157,0.026881041072680103
1026.0,54.84774065029193,0.00048294729637773866,0.026726428592010843
1026.5,56.02525821170774,0.0004911018351628841,0.027171177548186858
1027.0,56.46374004317754,0.0005028587874200112,0.02781240101687025
1027.5,55.099623159771426,0.0005196732885328019,0.028729467958333366
1028.0,53.76284132556326,0.000518417395659667,0.0286609726232171
1028.5,53.33408346432639,0.0005046839148086069,0.02791194764249078
1029.0,53.63498399469374,0.00048767850183140685,0.026984469857396637
1029.5,53.552198785626324,0.00048223359320026337,0.026687503345763683
1030.0,53.269196528503144,0.0004854098508135804,0.026860737041583
1030.5,52.88468505891547,0.0004952809333122358,0.02739910595850912
1031.0,52.21648778092621,0.0005095004383654046,0.028174635181010765
1031.5,50.96567089688464,0.0005133550083963477,0.028384865274337933
1032.0,50.37903322822878,0.0005064419627864734,0.028007830646837754
1032.5,50.274853332915875,0.0005005818286098929,0.027688218592986816
1033.0,49.34882973254196,0.0005027687789114153,0.02780749423178081
1033.5,48.566635675294094,0.0005024925477562096,0.02779242930181591
1034.0,49.006274858484545,0.0005006831647933629,0.027693746432373222
1034.5,50.038963045498754,0.0005031116058197346,0.027826193196204954
1035.0,50.7490579172097,0.0005140356520601636,0.028421983740747794
1035.5,50.49195828850109,0.0005230170894558511,0.028911824078542037
1036.0,49.49768838599866,0.00051585203834997,0.02852104490348279
1036.5,49.02413237271009,0.0005076214798494035,0.028072158394778016
1037.0,49.83725149767958,0.0005154379160319419,0.028498471861077034
1037.5,50.802794703286516,0.0005304834446755342,0.02931905476683709
1038.0,51.69366828523968,0.0005419235981859118,0.029942999059786982
1038.5,52.24720883401563,0.0005366335150707108,0.029654481294752514
1039.0,53.08099070819098,0.0005258722966544833,0.029067565701483316
1039.5,53.131653016085224,0.0005138310975402131,0.02841083554982244
1040.0,53.50021805969443,0.000506292604623924,0.02799967591117471
1040.5,54.29959769138638,0.0004971426243503238,0.02750063296344266
1041.0,54.005055750179814,0.0004889089235847071,0.0270515728989972
1041.5,52.98418565441158,0.0004894023657582811,0.027078488506087735
1042.0,51.81992256820533,0.0004938740847702121,0.027322377558596258
1042.5,50.674929412947094,0.0005003120772832672,0.027673505343430126
1043.0,51.04468748808749,0.0005116890388671399,0.028294004578094747
1043.5,52.22134708816394,0.0005152890681476327,0.028490350447373674
1044.0,53.54657258802489,0.0005048013977779968,0.027918351165904007
1044.5,54.71344954538634,0.0005007454534341422,0.02769713103143651
1045.0,54.72745119183077,0.0005071273604376375,0.02804519343107225
1045.5,54.3360986168473,0.0005090237089951358,0.028148626778907795
1046.0,54.21785217153997,0.0005048669528947369,0.0279219226140351
1046.5,53.9034092059506,0.000505108261406415,0.02793508884543153
1047.0,53.63436437978248,0.0005009794598268216,0.027709906234997944
1047.5,53.66753114527417,0.0004939655358072601,0.027327366479975027
1048.0,52.25183520258749,0.0004984849873964263,0.02757385340742194
1048.5,49.762906171293366,0.0005106623528885986,0.028238005985843685
1049.0,48.36333212324407,0.0005112739404597702,0.02827136605747127
1049.5,49.348312192118236,0.0005082670436945812,0.028107371477832512
1050.0,50.94870867816114,0.0005063330568965515,0.0280018916551724
1050.5,51.49687977011486,0.0005108489440147775,0.02824818935960587
1051.0,51.88152224777217,0.000520601424678445,0.028780090154234453
1051.5,52.455236924912974,0.0005281476604052709,0.02919166161698944
1052.0,52.30952062553884,0.0005295323950328598,0.02926718671645113
1052.5,51.875241473362586,0.0005265010922235318,0.029101859878609315
1053.0,50.137825181499316,0.0005312786090633493,0.02936240948400585
1053.5,48.2008387712726,0.0005351752500622033,0.029574929960757442
1054.0,48.3776765469122,0.0005294335254509582,0.0292617879193912
1054.5,49.5966771289351,0.00053019295889392,0.029303211468952144
1055.0,50.53658886545856,0.00053471212675212,0.02954968606098827
1055.5,51.76566016611969,0.0005369669002244979,0.029672661454115797
1056.0,52.58962528994317,0.0005357320503261328,0.0296053140893689
1056.5,52.48179723483986,0.0005354279822218003,0.029588732533991646
1057.0,51.28542777885725,0.0005376265668707766,0.029708643587415512
1057.5,50.01890818086437,0.0005416369158749254,0.02992735967528566
1058.0,49.161226505623425,0.0005401604013048706,0.029846831538384442
1058.5,48.650420415230585,0.0005312114572304281,0.029358760404726722
1059.0,48.05920338227503,0.000528757465535714,0.02922492194217686
1059.5,47.559708465824365,0.0005314619484693881,0.029372425250728883
1060.0,47.39416863906924,0.0005296523000730516,0.029273724784902578
1060.5,48.38390954732681,0.000520583837347952,0.028779128442904426
1061.0,49.807133777938496,0.0005117351289731136,0.02829651871147885
1061.5,50.71181275082137,0.0005049112768210975,0.02792434472823172
1062.0,51.65429582623095,0.0005026770367438972,0.027802490362846495
1062.5,53.0064987365683,0.000509311510942086,0.02816433608409359
1063.0,53.79721432422989,0.0005208989085160076,0.02879631506022795
1063.5,52.537892713800645,0.0005335154377335878,0.02948442334626886
1064.0,52.03977684170051,0.0005446671360243202,0.030092636579513478
1064.5,51.63941607605339,0.0005572755209908086,0.0307802905066268
1065.0,53.344365525267825,0.0005390784652712795,0.029787820540130856
1065.5,54.09304812455743,0.0005142674827421469,0.02843462990399854
1066.0,52.82308311595394,0.000511034721133558,0.02825831641937899
1066.5,51.95896339284439,0.0005151264787780631,0.028481483309172557
1067.0,51.59427361591217,0.0005196208368630757,0.028726607377852632
1067.5,52.13135889611089,0.0005245254109204611,0.02899410114282656
1068.0,53.19165740864368,0.0005273337240351947,0.029147264564623812
1068.5,53.712133498661494,0.0005245879220438395,0.028997510429008718
1069.0,53.97216989551616,0.0005189427639760278,0.028689625957908596
1069.5,54.09650760495646,0.0005146023134561927,0.0284528987635847
1070.0,52.579532097699385,0.000514018957175058,0.02842108248693912
1070.5,51.034498993301085,0.0005157617346335742,0.028516134506859216
1071.0,51.08210111319434,0.0005179900609806197,0.028637667332104506
1071.5,51.83829970317311,0.0005208725454496625,0.028794877432392556
1072.0,52.088729942446385,0.0005307060419077417,0.029331194012900783
1072.5,53.24103821137416,0.0005435859292844177,0.030033658037295484
1073.0,53.96150845733913,0.0005505259580388178,0.030412160141326257
1073.5,53.11952353951584,0.0005465292494237776,0.03019418482126976
1074.0,52.705122993890846,0.0005375199584040845,0.029702824523751833
1074.5,53.28602974576531,0.0005334215627729483,0.029479299579761448
1075.0,54.533695616542516,0.0005357494185364405,0.029606261856014206
1075.5,54.17801151928784,0.0005390617890356082,0.029786921329376853
1076.0,52.916407382420346,0.0005349841042274205,0.02956452496409137
1076.5,51.69469458071663,0.0005247820934135416,0.029008105833892895
1077.0,51.31837462859765,0.0005190725904048751,0.028696706911406144
1077.5,51.652736066193405,0.0005184924405105533,0.028665063687678266
1078.0,52.08644009139272,0.0005146543318873247,0.02845573004084511
1078.5,51.700796855763386,0.0005062631547544812,0.027998074532151182
1079.0,50.79193755705382,0.0004965449284225663,0.027468044110251846
1079.5,50.30480552797608,0.0004889167475059484,0.027052002034099958
1080.0,52.44009510778409,0.0004838735797460927,0.02677694668901904
1080.5,55.68311568857551,0.00048620739171908133,0.026904235442118448
1081.0,55.966503268518515,0.0004926750932291666,0.027256984071759256
1081.5,55.04685398836324,0.0004908222795102886,0.027155930193209905
1082.0,56.409724508496666,0.0004835238735618351,0.02675787466696727
1082.5,57.45406770054125,0.0004753724513589892,0.026313294996692698
1083.0,57.377754765931975,0.0004660279994933886,0.025803647753713178
1083.5,57.57562855033298,0.0004592846440599283,0.025435863864864797
1084.0,57.081730980454886,0.00045738115472380016,0.025332047863858956
1084.5,54.38739420980122,0.0004602565612985798,0.025488873397409142
1085.0,51.21793340211651,0.00046274760738095234,0.02562473503571428
1085.5,50.12101182560013,0.00046381194806369575,0.025682783885632894
1086.0,50.68848301719306,0.0004705034897943389,0.026047738626157477
1086.5,51.6220273890187,0.0004889376659780963,0.027053134013395555
1087.0,51.841605366182996,0.000508207871500844,0.028104133292820584
1087.5,51.20587790092761,0.0005229901391395939,0.028910367654091114
1088.0,49.991823712514,0.000531850402530837,0.029393611990542662
1088.5,49.51238882478976,0.0005361530728125008,0.029628280739000867
1089.0,49.85705254148255,0.0005313081484731169,0.029364034443866
1089.5,50.56907856877276,0.0005190395263275876,0.02869489826749002
1090.0,51.045173646093865,0.0005004421027161514,0.02768059467944542
1090.5,51.38474807739717,0.00048808531610929735,0.027006656090946105
1091.0,51.66411559145701,0.0004876234690015723,0.026981465495676097
1091.5,51.310456311289265,0.000496486917931863,0.02746487734128253
1092.0,51.21039620924442,0.0005040130934741919,0.02787535702477889
1092.5,52.05938731412078,0.0005044435420005797,0.027898833051970634
1093.0,52.60591994293377,0.0005048790240359845,0.02792258267092619
1093.5,53.12635346957628,0.000507714123445708,0.02807721238984714
1094.0,54.22414042791789,0.0005116186589520594,0.02829016902765829
1094.5,55.14226960199498,0.000515271656723843,0.02848940517076429
1095.0,55.25270773023758,0.0005215987609935828,0.028834486005588886
1095.5,55.198821484126974,0.0005220974037500001,0.028861678892857144
1096.0,54.62437770272766,0.0005166863155517101,0.028566555763346064
1096.5,53.77657488180858,0.0005116480512216569,0.028291770728107856
1097.0,52.76289478433665,0.0005073082817044564,0.028055081182369022
1097.5,52.020543275910015,0.0005003730872419861,0.02767683501505083
1098.0,52.243490678351115,0.0004892867677580153,0.02707218542591875
1098.5,52.32258093853704,0.00048088125897771856,0.026613746021892187
1099.0,51.705897713449055,0.00048530647083649714,0.026855091623520184
1099.5,50.86525979762851,0.0004904002793657145,0.027132909486121924
1100.0,51.489391758035914,0.000488772980174941,0.027044160603498808
1100.5,52.93338477037643,0.0004892562403320472,0.027070519438261574
1101.0,53.35688416008008,0.000493032787906368,0.027276493942501055
1101.5,52.34895507464176,0.0004988504024602716,0.027593785875898554
1102.0,50.72088185563678,0.0005054236968936697,0.0279522929162127
1102.5,49.85790995909121,0.000512045328708087,0.028313439051720377
1103.0,49.852658467129984,0.0005161777206414347,0.028538821464688193
1103.5,49.57659654744691,0.0005160554314168312,0.02853215259072979
1104.0,49.07956443872065,0.000513178474083334,0.02837524258333337
1104.5,48.792714366403175,0.0005161598144146896,0.028537837400535546
1105.0,48.64760891061452,0.0005206591418435753,0.02878322709217877
1105.5,49.592666145480045,0.0005165053868309714,0.02855668318110155
1106.0,51.348237284871544,0.0005087481573573438,0.02813360373543503
1106.5,52.46909764910517,0.0005049437603173023,0.0279261134382359
1107.0,52.66341345362554,0.0005132607487561074,0.02837972543824961
1107.5,52.34076373030775,0.0005211273944600944,0.028808775847417863
1108.0,52.10460093791833,0.0005213488246197719,0.028820854511506906
1108.5,51.3928929783183,0.0005151698327174934,0.028483852068101046
1109.0,50.270775990009334,0.0005069674881732877,0.028036495254255833
1109.5,49.71423180520537,0.0005068992796847534,0.02803277234562476
1110.0,50.070006431355786,0.0005209889934443017,0.028801219094110087
1110.5,50.97632202731156,0.0005315207324734716,0.029375624752556465
1111.0,51.99685906544403,0.0005334898664256757,0.029483026883590734
1111.5,52.13657004412923,0.000527174007801419,0.029138560788652512
1112.0,52.95943833716628,0.0005156495946119165,0.02851001830693844
1112.5,53.83645059042419,0.0005114096800019919,0.028278772177220267
1113.0,54.053761820626725,0.00051899195239037,0.028692308250000017
1113.5,53.52079721529862,0.0005242714420386699,0.02898025237156884
1114.0,53.15195706295418,0.0005265380750457958,0.029103874462080955
1114.5,52.53488791360825,0.0005277535658717208,0.0291701669608552
1115.0,52.10550674304304,0.0005185801227106979,0.028669847495218094
1115.5,52.039012778261565,0.0004977697793831659,0.027534848655297633
1116.0,52.35573724126123,0.0004956216405093675,0.02741768600575721
1116.5,52.11217339243965,0.0005178842448377572,0.028631874102949796
1117.0,50.887984574853625,0.000542723492464926,0.029986608982965717
1117.5,50.09186917993354,0.0005348936037173495,0.029559581664179036
1118.0,48.963124326818196,0.0005152688997761177,0.028489254172174752
1118.5,47.74486932369407,0.0005072355277611943,0.02805111375932837
1119.0,47.791768312603615,0.0004999301852505341,0.027652679400319884
1119.5,48.761769257386455,0.0004953247513593948,0.027401498667475245
1120.0,50.1486220018006,0.0005014409481257999,0.02773506745607678
1120.5,52.097207588640025,0.0005178804125634318,0.028631668111193977
1121.0,53.6352930301348,0.0005284118656034098,0.029206057894029764
1121.5,53.43416327048089,0.0005285746573488805,0.02921494518227612
1122.0,52.81605034770893,0.0005302692887932821,0.02930737474942981
1122.5,51.871068433546405,0.0005310049038137237,0.029347496310331463
1123.0,50.67928679507226,0.0005274044622707889,0.02915112721748401
1123.5,50.19316544037386,0.0005282910910933967,0.029199483155246498
1124.0,50.37805992862525,0.0005337671633717768,0.029498150093332
1124.5,49.99836617496226,0.0005346432033710407,0.029545930798642536
1125.0,49.367760230121185,0.0005357220746208529,0.029604771997630328
1125.5,49.43959004716653,0.0005381428194417877,0.029736794069431666
1126.0,49.424037448176925,0.0005414614253416363,0.02991777617527423
1126.5,49.33106498398399,0.0005388105335135138,0.029773194677927942
1127.0,50.86085586074678,0.00053064884598041,0.02932806389079327
1127.5,53.11911421823069,0.0005220809085029922,0.028860775888023854
1128.0,53.63724924393557,0.000517642564204501,0.02861871233103042
1128.5,53.788766020134226,0.0005194917052013423,0.028719566845637586
1129.0,53.27478373995069,0.0005246553808736677,0.029001195363412675
1129.5,52.68872792152046,0.0005289079452173907,0.02923313063986871
1130.0,52.36221063269769,0.0005341972235513638,0.029521608991183116
1130.5,52.37376842587939,0.0005362014824246233,0.029630919485552774
1131.0,51.845527461075875,0.000536163206837195,0.029628827899323355
1131.5,50.59006100154957,0.0005345396234146841,0.02954027843867925
1132.0,49.83705877695735,0.00053409875890484,0.029516234368129616
1132.5,49.65922913859268,0.0005297734315832657,0.02928032800553737
1133.0,49.33783481595792,0.0005195017964812498,0.028720110691279433
1133.5,49.00779709864642,0.0005047331996954463,0.027914632125410125
1134.0,48.76309405209183,0.0004995275597292856,0.027630717363617677
1134.5,48.93401734370156,0.0005032665245488101,0.027834633629101706
1135.0,49.26164518458528,0.0005067188789112162,0.028022925999282362
1135.5,49.586883577522485,0.0005104057735274807,0.028224013722313326
1136.0,49.949424974599715,0.0005121231499838505,0.02831768179176385
1136.5,51.1159822320436,0.0005113966850963904,0.028278060386279735
1137.0,51.2803095456713,0.0005077727634135417,0.028080409782604166
1137.5,50.847948013419135,0.0005070152710054347,0.028039097392814002
1138.0,51.567853557428236,0.0005110514846161051,0.028259235005617982
1138.5,51.8286690200022,0.0005133756106726014,0.02838599385212661
1139.0,51.347034840014565,0.000516510272992254,0.028556958977374623
1139.5,50.86709530421457,0.0005181630032370689,0.02864709906961207
1140.0,49.80998978100407,0.0005224691198699086,0.02888195408182499
1140.5,48.57588781566868,0.0005310823332099526,0.029351717384708792
1141.0,48.20040076740348,0.0005379529042342944,0.02972644044022694
1141.5,48.61012115075081,0.0005398557965810813,0.029830222685135147
1142.0,50.01521112618103,0.0005340314500768089,0.02951256339003377
1142.5,51.50687783935494,0.0005252973702797213,0.029036207091783266
1143.0,52.196684517720804,0.0005282809931457205,0.02919893384107512
1143.5,52.34418307704206,0.0005325592653231266,0.0294322697170412
1144.0,52.18997906455862,0.0005361023901581029,0.02962551160079052
1144.5,51.185780840801684,0.0005396255336079795,0.029817663235906348
1145.0,50.58062023111367,0.0005416495162354459,0.029928051141933084
1145.5,50.817910152810086,0.0005393404630707494,0.029802103553959857
1146.0,50.675728586629376,0.0005480665065101878,0.030278002666400322
1146.5,50.91654559073927,0.0005306866428107915,0.029330119865520032
1147.0,51.76941146388341,0.0005034201043004163,0.027843012993540632
1147.5,52.25479094544526,0.0004992692351456496,0.027616627388750474
1148.0,52.09348957633432,0.0005039831205297954,0.027873716737593437
1148.5,51.44113237698923,0.0005113541045137987,0.028275716129435014
1149.0,50.942321226607795,0.0005143567731011694,0.028439485594558382
1149.5,50.418832459839955,0.000508011351435417,0.028093416189536282
1150.0,50.04366847767806,0.0005033750870396327,0.027840560454346425
1150.5,49.91461375507859,0.000510598386494825,0.028234521908585632
1151.0,50.68621740041727,0.0005214869322063612,0.028828385340390873
1151.5,51.236936279310875,0.0005247835242422253,0.02900818165013141
1152.0,50.78408434289527,0.0005200876894912282,0.028752071396306565
1152.5,52.73898784640942,0.000514200459731182,0.028430981517323733
1153.0,55.276543500070325,0.0005100952140997052,0.028207074117585173
1153.5,55.261278088652745,0.0005131075876468815,0.028371356561961082
1154.0,53.96941733934335,0.0005102416105006199,0.028215048471614407
1154.5,52.486052785719224,0.0004921680364817008,0.02722932527919836
1155.0,50.9624352859785,0.0004814579851782239,0.026645201467066944
1155.5,50.385459269373875,0.00048719418828103945,0.026958052747917946
1156.0,50.61418817748924,0.0004979716183835126,0.027545856009051677
1156.5,51.24710644831613,0.0004966497628927836,0.027473764103402066
1157.0,51.33396142480266,0.0004904865746884079,0.027137623019941784
1157.5,50.703714488609165,0.0004940421214838127,0.027331540086330916
1158.0,50.207470021050355,0.0004998129060078126,0.02764627758203125
1158.5,50.9949434024606,0.0004958531396270252,0.027430312710310444
1159.0,52.90845296780752,0.00048777102172098223,0.02698951478839286
1159.5,53.67755375091154,0.00048507226991601534,0.026842323095898422
1160.0,53.45737502883557,0.00048285729033587226,0.02672151712770945
1160.5,52.590010456640705,0.0004804570822050783,0.0265906109779297
1161.0,51.501378039462786,0.00048399538242330193,0.026783591766516124
1161.5,50.37385884253225,0.0004905782726461053,0.027142624105519556
1162.0,49.540566555374994,0.0004958403534902608,0.027429617622159154
1162.5,48.89797478580937,0.0004996479068302164,0.02763728193254885
1163.0,49.046278918846916,0.0005017939290603153,0.027754324181645678
1163.5,49.60193372854613,0.0005004760146878827,0.027682442072827423
1164.0,49.78435432287556,0.0004896967658398557,0.027094541618803942
1164.5,50.25438127642835,0.0004749613278357915,0.026290869354370028
1165.0,51.74274344729153,0.0004604167388790025,0.025497607402135174
1165.5,51.759064248522044,0.0004630686201729718,0.0256422419583249
1166.0,51.0027225945624,0.0004831375943910611,0.026736803451843556
1166.5,51.666941786302374,0.0004898029717215567,0.02710033478181137
1167.0,52.23693175443519,0.0004957738128571437,0.027425976386554664
1167.5,52.55853547075484,0.0004976170134263022,0.027526510654137422
1168.0,53.42490507089005,0.0004924309044386975,0.02724366576416715
1168.5,54.00387657711127,0.0004894025570785877,0.02707850047987851
1169.0,54.18467736518531,0.0004942049044881643,0.027340421142524742
1169.5,52.44578198071816,0.0005108010013261773,0.028245573128264773
1170.0,49.89254588226703,0.0005282000431191946,0.029194518066756936
1170.5,49.183967752922264,0.0005356751432970568,0.02960220958806928
1171.0,49.862729353562635,0.0005283668546153851,0.029203617495554727
1171.5,50.76099042571173,0.0005183298579380157,0.02865619957954541
1172.0,51.21347657695127,0.0005106497739648773,0.028237324692355438
1172.5,50.75827529654893,0.0005042960899349045,0.027890792420334813
1173.0,50.0635288922635,0.0004993844626952476,0.0276229135216942
1173.5,49.326512723176506,0.0004915904792053886,0.027197829794341027
1174.0,48.79925046227537,0.0004839986415449969,0.026783770133102583
1174.5,48.924626337037,0.00048184312027777816,0.026666207916666684
1175.0,49.560505093390745,0.0004800710646551726,0.02656955970689656
1175.5,49.90064175262098,0.00047731425291644495,0.02641920129474241
1176.0,49.969365191599884,0.00047146926719501234,0.02610041551959033
1176.5,49.88153933271694,0.0004694936840421595,0.025992666360207084
1177.0,50.04998605256154,0.0004749046163297545,0.02628777705244684
1177.5,50.1972023352162,0.0004892446729178157,0.027069885374073375
1178.0,51.10289942971251,0.0005017034650259592,0.02774939084165339
1178.5,51.4051055925206,0.0005104012204563978,0.028223768572052742
1179.0,51.117890933405,0.0005191474885281845,0.028700791793034773
1179.5,50.303581696626296,0.0005267158124251003,0.029113568472064724
1180.0,50.23350775324221,0.0005331744808832796,0.029465824305993628
1180.5,50.79658546199531,0.0005364009540800636,0.02964179775251432
1181.0,51.34880983523931,0.0005343941852523655,0.02953234851695581
1181.5,51.832191785445964,0.0005298165784851616,0.029282685165976503
1182.0,51.99116135988435,0.0005232759900335167,0.028925958903588286
1182.5,51.22522172619905,0.0005185761003253794,0.02866962616919739
1183.0,51.425629440238346,0.0005197685103893927,0.028734662166798108
1183.5,51.02201981224395,0.0005320403589045546,0.02940397215726677
1184.0,51.39219378005605,0.000545557810291797,0.03014121573974757
1184.5,52.62629205467915,0.0005514792735646683,0.030464169764984197
1185.0,52.7591807946274,0.0005602912080447627,0.03094476731689993
1185.5,53.685785164979634,0.0005671727903795333,0.03132008641088321
1186.0,55.145870443777866,0.000573264000115024,0.03165230744158837
1186.5,54.823639028191565,0.0005801651413168284,0.032028702357362014
1187.0,53.88860730093913,0.0005707625433735852,0.031515885560283625
1187.5,53.26406913494798,0.0005538238035908734,0.030592045357361913
1188.0,52.58866477802115,0.0005405669896002186,0.029869014063526808
1188.5,52.63629070961145,0.0005454521684355826,0.030135427791411037
1189.0,52.91836880205735,0.0005529743192438179,0.030545693006900496
1189.5,53.20261634643098,0.0005449309718350143,0.03010702237324722
1190.0,52.53213999028825,0.0005336758537147801,0.029493170792697032
1190.5,50.75224060518953,0.0005256505950747715,0.02905547349137278
1191.0,49.56279484075083,0.0005217754491279909,0.028844120992844037
1191.5,48.64400177191361,0.000517408006050588,0.02860591841595302
1192.0,47.68782823959366,0.0005177293092391954,0.02862344242272456
1192.5,48.200266648664645,0.0005195970472457078,0.028725310871137322
1193.0,49.78055681555348,0.0005206870999128243,0.028784763992347914
1193.5,50.64260535886188,0.0005187358097781864,0.028678340235567593
1194.0,50.49657425270246,0.0005141644565582301,0.02842901521843772
1194.5,49.40261629079436,0.0005112527541827696,0.028270210833534613
1195.0,48.675411139308565,0.0005089929020608548,0.028146958576823495
1195.5,48.50034059256547,0.000510017721299616,0.02820285139336017
1196.0,48.23750460652929,0.0005110535325885201,0.02825934520453047
1196.5,48.51834620860564,0.0005109297873095777,0.02825259730147059
1197.0,49.22355430773431,0.0005086923231881595,0.028130566088235272
1197.5,50.38310551194071,0.000505919076591726,0.027979313387140256
1198.0,52.148788201714076,0.0005024527779445896,0.027790261486709076
1198.5,52.086544731620556,0.0004944683971064653,0.027354791207707316
1199.0,51.499555153743614,0.0004975972606391691,0.027525438412173732
1199.5,51.348878368224916,0.0005073675498818602,0.028058308260480218
1200.0,50.55624336221777,0.0005058442475604178,0.027975222497060727
1200.5,51.11518028024379,0.0005016702932825305,0.02774757540788724
1201.0,52.39182608289253,0.0005029496278958081,0.027817356474969482
1201.5,52.98933395586001,0.000502821121369863,0.027810350595890408
1202.0,53.63403957413469,0.0005131855326065557,0.02837562590385719
1202.5,53.40153460724393,0.0005291004897368407,0.029243628043293644
1203.0,51.98403799455811,0.0005328975072700158,0.029450718873576694
1203.5,51.19376311835658,0.0005282610761917423,0.029197849611610833
1204.0,51.18116111004338,0.0005195542093723177,0.02872297641504811
1204.5,50.63927469119657,0.0005133124519378584,0.028382548237735113
1205.0,49.61958475942219,0.0005133480970823962,0.028384491505315884
1205.5,48.76570346490877,0.0005116881713154131,0.028293960111304174
1206.0,48.79778669285419,0.0005079131836319707,0.028088071962081806
1206.5,49.93932797301756,0.0005064814301571571,0.0280099819055055
1207.0,51.50711827402625,0.0005106242335869783,0.02823592877363434
1207.5,52.44072161615126,0.0005138647527217734,0.02841266910231851
1208.0,52.28933086021503,0.0005131255399999999,0.028372354204459195
1208.5,51.49173045410104,0.0005220613649162325,0.028859716537696454
1209.0,51.0284570712234,0.0005346964205528388,0.029548833898900333
1209.5,50.12113421439291,0.0005353598033679298,0.029585014939059226
1210.0,49.744422450367686,0.0005344315102021322,0.029534384792092395
1210.5,50.60029679000601,0.0005373597992936027,0.029694090202589504
1211.0,51.869686761230625,0.0005341701486431157,0.0295201281044563
1211.5,53.44792554899882,0.0005207714624552612,0.028789364644013594
1212.0,53.788704477670095,0.0005097306044947786,0.028187195533463758
1212.5,53.89064368854324,0.0005071259884924353,0.02804513874557851
1213.0,53.72443175825974,0.0005241004427958779,0.028970923309715388
1213.5,53.49706001900527,0.0005510819876314186,0.030442482387282616
1214.0,53.65265960803728,0.0005577853963735194,0.0308080945513455
1214.5,54.675930167702575,0.0005461695666501367,0.030174578312177597
1215.0,55.4486801746799,0.0005385451182297773,0.02975874271111566
1215.5,54.29878442187377,0.000538463434940704,0.02975428521021423
1216.0,52.321119909291326,0.0005458826844135482,0.030158925683518654
1216.5,51.29680936640196,0.0005519649109599613,0.030490646649761644
1217.0,50.645890572474606,0.0005502326807204133,0.030396177274419966
1217.5,50.12930650505062,0.0005599851759090884,0.030928084537878653
1218.0,49.54173974016304,0.000568294609083462,0.03138128353042114
1218.5,50.15334602071009,0.0005643363628134142,0.031165399740885176
1219.0,53.15162460165522,0.0005588795084802104,0.030867782361766412
1219.5,55.426068000536674,0.0005536744625483312,0.03058389955909495
1220.0,54.82099826370413,0.0005523934747500442,0.0305140345337706
1220.5,54.25214299788738,0.0005486083393854682,0.03030759312811225
1221.0,53.487443727069376,0.0005475349448993288,0.030249044630872482
1221.5,52.46257352760459,0.000548892346568214,0.030323065366686774
1222.0,52.4508610128015,0.0005397114033858979,0.029822339511502684
1222.5,53.00696126969032,0.0005282058677948184,0.02919483010399579
1223.0,52.67826401757374,0.0005266015597845806,0.029107316951530616
1223.5,51.37543041682267,0.0005277812838477322,0.02917166348012959
1224.0,50.34494720120116,0.0005221006189198636,0.028861851675108664
1224.5,49.786327605516604,0.0005178480743208436,0.028629922098360693
1225.0,49.88979888114405,0.0005222294831454936,0.02886888570783427
1225.5,50.42780300619592,0.0005295030316630675,0.02926558675633225
1226.0,51.76833932279627,0.0005306489664087145,0.02932808450197161
1226.5,53.33830210447779,0.0005245049161493461,0.028992981653411378
1227.0,53.65961038433734,0.0005111521507131507,0.02826471840061488
1227.5,53.232725745471384,0.0005016105610571202,0.02774432183082111
1228.0,53.41032362197536,0.0005075073582804429,0.02806593491590631
1228.5,55.30985695657913,0.0005189369963675376,0.028689309406701485
1229.0,56.05980689554439,0.0005262893518000012,0.029090308251066063
1229.5,55.633616112102125,0.0005277867944648828,0.029171979663879594
1230.0,55.093163687776816,0.0005253674247314887,0.029040025884865726
1230.5,54.020642620138645,0.0005210367136333126,0.028803830315741283
1231.0,52.909829340171086,0.000516126579153847,0.028536031776923113
1231.5,52.80970534112555,0.000512915910506494,0.028360919789610407
1232.0,52.70842024659453,0.0005161441072840724,0.02853698641351884
1232.5,52.82317055124054,0.0005197226397087372,0.028732161444174713
1233.0,52.84164400258865,0.0005194948990801364,0.02871974071861819
1233.5,52.20350658634536,0.0005199158775903614,0.02874269734136546
1234.0,51.37397455644807,0.0005234507769879515,0.02893548378313252
1234.5,50.87037280722898,0.000526700514216867,0.029112728096385515
1235.0,51.70103867336026,0.0005306168627510046,0.0293263316606426
1235.5,53.5460567533196,0.0005348923320496085,0.029559518575517182
1236.0,55.00494328730471,0.0005393176667961844,0.0298008766380522
1236.5,55.408282218674664,0.000547729788894577,0.030259674474397525
1237.0,55.57217256046078,0.000559402157544478,0.03089628856007038
1237.5,55.60592691144375,0.0005671868039101866,0.03132086380759404
1238.0,55.82522411241278,0.0005696793878753997,0.03145680766080939
1238.5,54.985727758975216,0.0005634270491675787,0.0311158031473165
1239.0,52.45949630190564,0.0005496689344781712,0.030365436061661498
1239.5,51.750917627239424,0.0005388589865761456,0.029775861524920164
1240.0,52.46146481362415,0.000534643061978935,0.029545922925443432
1240.5,52.31581063328092,0.0005444711607973315,0.03008194579143768
1241.0,51.42366432285949,0.0005585708816938319,0.030850946476826305
1241.5,50.565157131933475,0.0005517623249461647,0.030479609114089458
1242.0,50.23252149144632,0.0005418811940691294,0.02994069172663008
1242.5,49.69726516378637,0.0005375595634112336,0.02970498974273372
1243.0,50.99566127022782,0.0005424065886213669,0.02996934708562451
1243.5,54.28571005047938,0.0005447779196573604,0.030098680339467006
1244.0,55.80818397770665,0.0005472977108032851,0.030236106717422377
1244.5,57.040838259946106,0.0005484708737158928,0.030300088828473248
1245.0,57.63974123242211,0.0005488675856863172,0.030321728169349575
1245.5,57.27275927924154,0.0005509640174995582,0.030436064343501337
1246.0,55.43589917975067,0.0005455956987193404,0.030143275244193628
1246.5,54.62471566730709,0.0005321727855735281,0.029411190018590893
1247.0,54.90489107888967,0.0005181511023231335,0.02864644818483098
1247.5,53.59957098172929,0.0005151801743605268,0.028484415364988316
1248.0,52.354398322984494,0.0005217635939059301,0.028843475902770015
1248.5,52.427861026131254,0.0005428661968897343,0.029994412228807915
1249.0,52.15902200000001,0.000566509635,0.031283919
1249.5,50.998114313634794,0.000572315969492081,0.03160060304789489
1250.0,49.93838825389292,0.0005671895720747309,0.03132101339612646
1250.5,49.99463301772951,0.0005578599530469076,0.030812174151986928
1251.0,50.59680344255537,0.0005503498053011067,0.030402569219377333
1251.5,51.28456086132159,0.0005451138449119041,0.03011700126961692
1252.0,52.25329519303238,0.0005433393792261568,0.030020223197601385
1252.5,53.06287808429646,0.0005426638907289205,0.02998338172074468
1253.0,53.66353518768728,0.0005458789933878267,0.030158732239314513
1253.5,53.90887824035757,0.0005507556132114936,0.030424703006436748
1254.0,53.98485050946535,0.0005669142283937381,0.031305985777624674
1254.5,53.545388812819326,0.0005770237340557175,0.03185736004505325
1255.0,52.54823882631541,0.0005638707801320404,0.031140003558318568
1255.5,52.66162301004872,0.0005422466001254935,0.02996061886274876
1256.0,53.27369268997797,0.0005301779846204446,0.029302392621637897
1256.5,51.717690024551395,0.0005236307905578811,0.02894530994082492
1257.0,49.26708850976112,0.0005167991762758967,0.028572715323406397
1257.5,48.44731094308296,0.0005145244413100219,0.028448651019027698
1258.0,49.53351296260878,0.0005200517111645748,0.02875010095327755
1258.5,51.94137677011982,0.0005331897616723123,0.0294666482196216
1259.0,53.790417903621005,0.0005398182330488486,0.029828171283572184
1259.5,54.61262545562199,0.0005376432542998008,0.029709550043319315
1260.0,54.729544952910274,0.0005300849249282658,0.029297316106242678
1260.5,54.3844696605693,0.0005238864933333342,0.028959251838084208
1261.0,53.11249429962087,0.0005199128096568436,0.02874252947780147
1261.5,53.26753075859865,0.0005190515653523155,0.028695560190892973
1262.0,54.67008366128115,0.0005204467958763086,0.028771657314656834
1262.5,54.970442002270175,0.000521704687258797,0.02884026357491488
1263.0,54.25155977043734,0.0005222658346032226,0.028870869084088625
1263.5,52.6706628010677,0.000524825580183027,0.029010477522494908
1264.0,51.201531633457996,0.0005290879027790905,0.0292429445927348
1264.5,50.69310699855645,0.0005327996370314958,0.029445375827165342
1265.0,50.42460879661355,0.0005311364787861788,0.02935465490047256
1265.5,50.59277543728418,0.0005218364685080798,0.028847435447161132
1266.0,51.065252829208454,0.0005150265334158311,0.028476031100429514
1266.5,53.08732152537429,0.000515088602857435,0.028479420433626508
1267.0,55.182716534282946,0.0005145545877694826,0.02845029577776642
1267.5,54.918156316150544,0.0005148904789359227,0.028468614966797926
1268.0,53.83245894911469,0.0005211256792912667,0.028808683941296823
1268.5,53.705177224063085,0.0005263125759183881,0.029091578348332984
1269.0,55.080035948296405,0.0005203506804448774,0.028766416154223828
1269.5,55.10147576529196,0.00051292599977866,0.02836147256640179
1270.0,54.73826167681221,0.0005146687542685133,0.02845651910505722
1270.5,54.15990852159552,0.0005167306488310259,0.028568975517660064
1271.0,53.583338808632114,0.0005138339384349924,0.0284109900939005
1271.5,52.59073125584648,0.0005103633931372338,0.028221706691115046
1272.0,50.9244836924481,0.0005087451721306094,0.028133448788215984
1272.5,49.28392737170264,0.0005060127218705036,0.027984419356834534
1273.0,49.00414490708446,0.0005036504630003786,0.02785558099336616
1273.5,49.42541314963874,0.0005060846097036706,0.027988340855152564
1274.0,49.054826053238955,0.0005119298288741474,0.028307138803260065
1274.5,48.148569119561955,0.000520360224805437,0.02876693214713675
1275.0,47.877724568970606,0.0005249942146503032,0.029019671888646698
1275.5,48.02915457686803,0.0005220840156548515,0.028860951468821044
1276.0,48.120806830065355,0.0005170527333823536,0.02858654538235298
1276.5,48.28900857438296,0.0005154220922971947,0.028497609040371488
1277.0,49.18883210995269,0.0005182813937850639,0.028653554556387392
1277.5,51.950024137517836,0.0005209865185196371,0.028801091088620324
1278.0,53.398048662956775,0.000520947739065934,0.02879897565490279
1278.5,53.54420576749885,0.0005191049293864915,0.028698469077317608
1279.0,54.691350696798075,0.0005173053594872064,0.028600321473888423
1279.5,55.828401063081905,0.0005153577898090443,0.028494100463803913
1280.0,55.50743169924275,0.0005171658389144219,0.028592709591125216
1280.5,55.036763636731884,0.0005234499467828834,0.028935441297147337
1281.0,55.726461657833376,0.0005330760644915661,0.029460450822278796
1281.5,56.40886298976481,0.0005411017752030493,0.02989817786331213
1282.0,55.91187672647035,0.0005435287872771395,0.03003055129714738
1282.5,53.57080032257177,0.0005421665387373736,0.029956255835809062
1283.0,50.54269764175078,0.0005359602581418392,0.029617765314183885
1283.5,48.4521922032929,0.0005277576712916009,0.02917039419730588
1284.0,47.66266130533537,0.0005238510397860536,0.028957324907686193
1284.5,47.46608241019548,0.0005311409924683028,0.029354915470285178
1285.0,47.94653744910982,0.000541131677236086,0.02989980744692016
1285.5,49.851370302628304,0.0005405968812272185,0.029870637956616472
1286.0,52.43651998998456,0.0005341919416620456,0.029521309362519878
1286.5,54.019884086766915,0.000526525368474644,0.029103176129556298
1287.0,53.60233706015581,0.0005174678091422342,0.028609179884904887
1287.5,52.71571356733123,0.000515382817772385,0.02849546664887083
1288.0,51.916507713470196,0.000524204469832917,0.028976602468970245
1288.5,51.08693980006798,0.0005322545360210702,0.02941565395840089
1289.0,49.90710044918318,0.0005362864564485289,0.0296355556930672
1289.5,49.629585809383734,0.0005391724240567229,0.029792956442857153
1290.0,50.18907912497754,0.0005392504093841167,0.029797209073473798
1290.5,51.172046949159544,0.0005347662756449585,0.029552644048529444
1291.0,51.650355443904054,0.0005299584721301168,0.02929042597324682
1291.5,52.165760959499565,0.0005261595019717465,0.029083229205332246
1292.0,54.20243760865738,0.0005251118314444885,0.029026087581774766
1292.5,56.32904999170807,0.0005241957222885573,0.028976122293532337
1293.0,56.93984951046975,0.0005214429132162562,0.028825984718166376
1293.5,55.90314435968384,0.0005224522765946095,0.02888103568162085
1294.0,53.3994341207125,0.0005366231875666766,0.029653898197643337
1294.5,51.34811223396005,0.0005554874297022985,0.030682731887327057
1295.0,49.68918908648849,0.0005529757694832738,0.030545772816109144
1295.5,49.11999681402516,0.0005452092968123674,0.030122203705756963
1296.0,49.2299708190216,0.0005372136229655689,0.029686123245013706
1296.5,49.12300981477596,0.0005324981893113593,0.029428943178249053
1297.0,48.625361234260495,0.0005365142636043573,0.029647980305388063
1297.5,48.45600685943547,0.0005452455760696906,0.030124184643405855
1298.0,48.666724331727416,0.0005474741223571919,0.030245729070199578
1298.5,50.47387339947447,0.0005422124053557236,0.02995875573642383
1299.0,52.89801158256972,0.0005384869844174082,0.0297555704604352
1299.5,53.9538642223762,0.0005361432300633034,0.029627741315430254
1300.0,55.05698985871593,0.0005249850854875372,0.029019171889438165
1300.5,54.50172879481522,0.0005066919469846049,0.028021461028764044
1301.0,52.91330268922708,0.0004953972422577093,0.027405448488386067
1301.5,53.32512332157017,0.000493287659316493,0.02729039394474367
1302.0,54.834717604561924,0.0005007232572136434,0.027695933530565327
1302.5,55.085363150246636,0.0005194832155983064,0.028719101278858225
1303.0,54.10917738685518,0.0005363186495686836,0.02963730591899235
1303.5,52.09451163524252,0.0005382398058000423,0.029742085263052206
1304.0,50.138257107486055,0.0005334677720440869,0.02948182101476018
1304.5,49.06068138912789,0.0005295392880416064,0.02926756361549495
1305.0,49.64728329956579,0.000525799443068248,0.029063592236340648
1305.5,50.86384277617321,0.0005311588788966913,0.02935588999167509
1306.0,52.6704711707343,0.0005417624640571707,0.02993420480792373
1306.5,53.78105278223565,0.0005319096068014036,0.029396835051654933
1307.0,52.74096971319783,0.0005228860466690916,0.028904689656418858
1307.5,51.985678576303194,0.0005229413150569059,0.028907695240258487
1308.0,51.84358836458481,0.0005201633333796103,0.028756189731030113
1308.5,50.73802726507468,0.0005127947019384852,0.02835430946499386
1309.0,50.223305741849906,0.0005096430234682315,0.028182411130817483
1309.5,50.73190412687845,0.0005099384702221223,0.02819851516438849
1310.0,52.131827378787676,0.0005017506374057661,0.027751957205875897
1310.5,53.335064649497085,0.0004910765014817889,0.02716979175837017
1311.0,53.81150864660266,0.0004817871907210426,0.02666315369571158
1311.5,53.1932185410272,0.0004751211054467096,0.026299586048034448
1312.0,52.2051573818959,0.00047882872009876115,0.026501800775271134
1312.5,51.681321799520134,0.0004915981134893945,0.027198243440569477
1313.0,51.94345570650692,0.0005014431551376132,0.027735192302752218
1313.5,51.95994343907568,0.0005047608913851418,0.027916142864807727
1314.0,50.146908936258924,0.0005122941702246611,0.02832700823427382
1314.5,48.78689518386786,0.000518127314110976,0.02864514570508896
1315.0,49.59027738230846,0.0005163406932123216,0.02854770592821784
1315.5,50.84788980638172,0.0005114026180299485,0.028278386045560714
1316.0,53.4072316530965,0.0005063193667406541,0.02800114585832624
1316.5,55.76507899780379,0.0005021746369169968,0.027775092217391335
1317.0,56.01738971370259,0.0005033771714737288,0.02784067866339169
1317.5,55.13117943050989,0.0005065567154741629,0.02801409057489839
1318.0,56.35172013585739,0.0005139993642213038,0.02842001203015941
1318.5,56.65424362900191,0.0005173384026553677,0.02860212492796613
1319.0,55.553437837738066,0.0005145302270919917,0.028448965648174323
1319.5,55.39370046794582,0.0005065313006973145,0.02801270140428817
1320.0,54.18491137919565,0.0004974953562490403,0.027519879907763316
1320.5,51.593155090689045,0.0004909409684890971,0.02716240468224302
1321.0,50.545787581670375,0.0004892564728374863,0.027070532616028282
1321.5,50.374605314483546,0.0004939338367497483,0.027325635050552733
1322.0,50.91951456171977,0.0005080197925224506,0.028093880968868484
1322.5,51.32134961157355,0.0005156496840406084,0.02851001738233498
1323.0,51.35122725033016,0.0005140400711311411,0.02842223156378764
1323.5,51.868968813215425,0.000518243242392037,0.02865147099375994
1324.0,51.8754225103582,0.0005291766255498295,0.02924777559243103
1324.5,51.19342185116225,0.000536784179803882,0.0296626912341521
1325.0,50.39512381980495,0.0005347751661630672,0.029553123031702003
1325.5,49.49369608487425,0.0005247956778922364,0.029008843867670463
1326.0,49.154715865073086,0.0005151490067492079,0.028482713529516653
1326.5,48.5289337047971,0.0005074464054200511,0.02806261329562114
1327.0,48.259839844019226,0.0004992575639695037,0.02761599405969703
1327.5,48.02123108101252,0.0004905917764229002,0.02714336057977767
1328.0,47.33508076743633,0.0004862536781266131,0.026906760054177453
1328.5,47.03427472144111,0.0004943465166583934,0.027348142834573923
1329.0,48.61115987904406,0.000511582806033057,0.028288206689602108
1329.5,51.78752957013793,0.0005155509823397742,0.028504634729864163
1330.0,53.24505575495181,0.0005147630920829081,0.02846166529895856
1330.5,52.5501813435209,0.0005292959442883413,0.029254289425975164
1331.0,51.14714569987751,0.0005424647852592894,0.029972520828093093
1331.5,50.99464614884399,0.0005466968781907283,0.030203340431182318
1332.0,51.91111465888452,0.0005483642477702337,0.030294277420135764
1332.5,53.699671661017014,0.0005463845011864407,0.03018629612711864
1333.0,55.370981428788454,0.0005385150157892595,0.029757094235858726
1333.5,55.48569280999705,0.0005295152962119652,0.029266251104349522
1334.0,54.51577448982368,0.000525055823192771,0.02902303241178272
1334.5,54.06854299825296,0.0005276196923371448,0.029162867652950765
1335.0,53.92037405591849,0.0005301731430216418,0.029302134868824034
1335.5,53.96896406125408,0.0005258033838196921,0.029063807408416704
1336.0,54.95445019039516,0.0005234905409391589,0.028937660290118416
1336.5,56.33705904350644,0.0005222819702948402,0.02887173987123073
1337.0,55.55469789794364,0.0005220815990662707,0.02886081527111565
1337.5,52.54323855620586,0.0005279477310688749,0.029180758587394356
1338.0,50.53037159016535,0.0005393502076860977,0.029802650062186836
1338.5,49.07968050605705,0.0005506478350757405,0.030418820798271764
1339.0,49.659043518398875,0.0005551519136548938,0.030664475905449025
1339.5,51.711006892035215,0.0005527539748050814,0.030533694891291693
1340.0,53.12107400840461,0.0005551575456681539,0.030664786110162937
1340.5,53.15632621666237,0.0005582853809988357,0.030835377181826964
1341.0,51.66896032587593,0.0005602374322492722,0.03094183930640153
1341.5,51.1143427473453,0.0005548666009840364,0.03064891286315897
1342.0,51.52432596019513,0.0005387086164197231,0.02976765554898962
1342.5,53.054436980354964,0.0005247917925190106,0.02900863191653988
1343.0,54.47510914115585,0.0005161549640281886,0.02853757807993316
1343.5,54.419907594726126,0.0005080499196198175,0.028095527148617606
1344.0,54.51458865560605,0.0005009850893403106,0.02771020958769496
1344.5,53.87873644334984,0.000494071751453203,0.027333157600985276
1345.0,53.332047993912994,0.0004917133337077531,0.027204530362270808
1345.5,52.72625738073561,0.0004951717851535841,0.0273931525358362
1346.0,51.59096264201737,0.0004959269287372015,0.027434337726560936
1346.5,49.97849282864796,0.0004965302479246987,0.027467243958132527
1347.0,48.81518699107728,0.0005030401494117643,0.027822294867195316
1347.5,48.892384723033764,0.0005067888899549143,0.028026752668259693
1348.0,50.75934710262732,0.0005038077456403939,0.027864161121921176
1348.5,52.03700726702305,0.0004994538700212023,0.0276266981972714
1349.0,51.08509182086062,0.0005028438474882969,0.02781158659077959
1349.5,51.12173229418535,0.0005114137744559572,0.028278991380828938
1350.0,51.11362396256552,0.000515635466673451,0.028509244768177643
1350.5,51.51247445583855,0.0005225217799233584,0.028884826579339332
1351.0,51.757336276257256,0.000531920104389472,0.029397412987368324
1351.5,51.562322310813336,0.0005362570604711052,0.029633950751675027
1352.0,51.73090275106879,0.0005341354118614873,0.02951823537816048
1352.5,51.60253148376966,0.0005296890797382208,0.02927573165340319
1353.0,51.33236573699518,0.0005227364416415416,0.028896530691897016
1353.5,51.70067818901924,0.0005193424602729932,0.028711415227281024
1354.0,52.446489795196754,0.0005237743172526125,0.028953116341783394
1354.5,53.36310442025083,0.0005304869030184326,0.029319221610023014
1355.0,54.18939674398169,0.000535391829371626,0.029586747427910516
1355.5,53.89566027723169,0.0005351640392281749,0.02957432873511273
1356.0,53.1657529254598,0.0005340540680924014,0.02951379517963131
1356.5,52.593408798269756,0.0005310132297697047,0.02934794896906916
1357.0,52.213453412158934,0.0005304747518590387,0.02931857806806756
1357.5,51.448182680705415,0.0005380609032664653,0.02973232408023943
1358.0,50.53401144480946,0.000548165081276014,0.030283409270993107
1358.5,50.4624723217948,0.000545804710570737,0.03015467206653348
1359.0,50.81905272016626,0.0005302893466757815,0.029308464348612465
1359.5,50.555682600024525,0.0005189986091476429,0.02869267017175991
1360.0,51.36111340983814,0.0005107420224845645,0.02824235676537846
1360.5,52.73274726955579,0.0005060121981325304,0.027984392838787998
1361.0,53.318978291362214,0.0005069729565470561,0.028036792803824654
1361.5,52.77634566474799,0.0005083961915272448,0.028114415803914047
1362.0,52.00690390374234,0.00050203049171224,0.02776722670768232
1362.5,50.903712228594244,0.000498175228101025,0.02755695610178502
1363.0,49.78739623500882,0.0004972778435510826,0.02750801182453476
1363.5,49.82016655147965,0.0004945976314846969,0.027361836240286506
1364.0,50.66823128524692,0.0004988052777136338,0.02759132363710592
1364.5,50.77307668930846,0.0005122664802799496,0.028325496263671972
1365.0,49.95121245396054,0.0005239097875066448,0.028960517760824065
1365.5,49.84545568192467,0.0005215833343162396,0.02883363873760685
1366.0,50.35901531328058,0.000510199136417376,0.028212747515450082
1366.5,50.19460573794105,0.0005044290149770399,0.027898042763687743
1367.0,49.29862440573332,0.0005066534965650317,0.02801936378997866
1367.5,48.5937950630049,0.0005117467177051793,0.028297148914623708
1368.0,49.245853911400225,0.0005089008096739535,0.028141936772710107
1368.5,50.32521725166956,0.0005094004181439797,0.028169187024527507
1369.0,50.51383753391803,0.0005132635881841742,0.02837988492535382
1369.5,50.70997830356779,0.0005159702550394494,0.028527506153302747
1370.0,51.08472185261242,0.0005208442930794211,0.028793335486797956
1370.5,51.508446898458516,0.0005239826404295887,0.02896448545148781
1371.0,51.823696777735876,0.0005219631764293796,0.028854324403168017
1371.5,51.523326072587764,0.0004913517166174377,0.027184790094520288
1372.0,52.04036659007305,0.0004653570393260303,0.025767050469671347
1372.5,53.49216383468364,0.00047719184604695945,0.026412523006077247
1373.0,53.98309822462184,0.0005192341624897229,0.02870551019919823
1373.5,53.1093793776223,0.0005447451575349669,0.030096884412587514
1374.0,53.126407698158054,0.0005445796288636364,0.030087859546791447
1374.5,53.39971071584479,0.0005399534113465764,0.029835546763625487
1375.0,52.232107442641755,0.0005380719427166603,0.02973292906450337
1375.5,51.63537512078015,0.0005321760479424786,0.029411367303097388
1376.0,51.291815756145574,0.0005244735985398244,0.028991278283185908
1376.5,50.57431136648418,0.0005189678474336293,0.028690995381795252
1377.0,50.18975557817104,0.0005159066763421823,0.028524039256637147
1377.5,50.84780221191908,0.0005129615030136983,0.02836340318967332
1378.0,53.388301034064035,0.0005071018560946054,0.028043807737779154
1378.5,54.70579505223944,0.0004991723337745784,0.02761133504810392
1379.0,53.633185625093134,0.0004947196110147519,0.02736848964405454
1379.5,51.240016222455935,0.0004961015027303201,0.02744386110390731
1380.0,49.16159128365725,0.0005015976679172698,0.02774362422580985
1380.5,48.9616550617284,0.0005072840962106439,0.028053763184440385
1381.0,48.798274546425304,0.0005128779441540476,0.02835885091802945
1381.5,48.06638485632766,0.0005152902063141993,0.028490410933534743
1382.0,47.62858479769496,0.0005083790017019132,0.02811347393856998
1382.5,48.351539901085445,0.0005016129402517617,0.02774445381722051
1383.0,50.09905960591951,0.0005012510817293234,0.02772471894575725
1383.5,51.59786862470629,0.0005079437533897283,0.02808973628056395
1384.0,52.61292883555468,0.0005135752346389496,0.028396879283071417
1384.5,53.622797421333914,0.0005173692598932825,0.02860380783050844
1385.0,53.77679928402038,0.0005152278684118013,0.028487016822975504
1385.5,52.170303603500415,0.0005125110958105017,0.028338843714231322
1386.0,50.90831383759224,0.0005116730632689747,0.0282931375329085
1386.5,50.21728804432909,0.0005227245610081272,0.028895872602280367
1387.0,51.223321982226516,0.0005431699647034325,0.030010956883874146
1387.5,52.73409376157485,0.0005469893384933062,0.03021928003645728
1388.0,52.73882125861738,0.0005384175660803013,0.029751780913344936
1388.5,52.287572489385404,0.0005321115427301621,0.02940785203226119
1389.0,52.166227927531885,0.0005335814205740286,0.029488020618288046
1389.5,52.70961203649728,0.0005333779111080753,0.029476920935033398
1390.0,53.634908942924476,0.0005189899576549416,0.02869220067141263
1390.5,54.18239186238132,0.0005009153261491032,0.027706408089264296
1391.0,54.42370525141678,0.0004872581835394139,0.026961546255796047
1391.5,55.87222568675629,0.0004756644385118221,0.02632922165716273
1392.0,56.40994854515412,0.0004895433642392757,0.027086174786367982
1392.5,54.40638574200369,0.0005084361118308051,0.028116583554608422
1393.0,51.63637422322477,0.0005067813254873645,0.028026335333032483
1393.5,50.30155448814486,0.000489468140836817,0.02708207579428156
1394.0,50.345312873095246,0.000469852990241249,0.026012264224190236
1394.5,50.85284891792352,0.00046187817004463217,0.025577314616453555
1395.0,51.040517763814805,0.00046720886720213453,0.025868048786899852
1395.5,50.45202991633188,0.00047273255853289855,0.026169313606599482
1396.0,49.574620583507105,0.000472274433276604,0.026144329964201875
1396.5,49.02316915530331,0.0004745053644739509,0.026266004288364075
1397.0,49.01264640375299,0.00048766543751108864,0.026983748152623915
1397.5,49.383904641655974,0.0005013968278395887,0.027732660830853965
1398.0,50.26694553792409,0.0005055738725405852,0.027960482534192414
1398.5,52.17819685201723,0.0005078715137204576,0.02808579871193338
1399.0,53.78326120219285,0.0005073124852899288,0.02805530928992879
1399.5,53.65421515059254,0.0005069131140188568,0.02803352759340012
1400.0,52.92858337540287,0.0005102715591683699,0.028216698187270156
1400.5,51.857714880302744,0.0005122636613279907,0.02832534776445335
1401.0,50.26044666258617,0.0005095483894216969,0.028177256370409454
1401.5,49.76344543816475,0.0005060735335294112,0.02798773727450978
1402.0,50.88029878510152,0.0004992946337606135,0.027618012211483967
1402.5,51.62723221853167,0.0004919239872762785,0.027216008673505206
1403.0,50.82033372171285,0.0004894437313813683,0.02708073401055211
1403.5,49.52384116439711,0.0004902383267748555,0.02712407488267115
1404.0,49.47062155356637,0.0004936728496163684,0.0273113978337596
1404.5,49.92859843131273,0.0004984873339037007,0.027573983313370472
1405.0,50.41770744948313,0.000505765592494185,0.027970942029651107
1405.5,51.497166847039,0.0005129712230192842,0.02836393744518975
1406.0,52.30471866900548,0.0005186347275744348,0.02867282402105058
1406.5,51.87560972388567,0.0005178226094011978,0.0286285313203593
1407.0,52.224706585675506,0.0005074052706028371,0.02806036612490151
1407.5,52.90195763724729,0.0005028151642434983,0.027810013295902256
1408.0,51.86830066737406,0.0005026890137587523,0.02780313188860598
1408.5,50.355431528378865,0.000497018429272837,0.02749386659334939
1409.0,50.593917896677574,0.0004947963338553975,0.027372677540056074
1409.5,52.50607347226689,0.0005004816554607377,0.02768275579827727
1410.0,54.83345860796267,0.0005065709420488695,0.028014864202884092
1410.5,55.84738011048772,0.0005064936560947517,0.028010646351161864
1411.0,55.70920129090954,0.0005069196839028426,0.028033882085183016
1411.5,54.67117363727773,0.0005083020697896751,0.02810928054684513
1412.0,53.62768521720501,0.0005106768117625633,0.02823880110779313
1412.5,52.87911541160915,0.000513726332594009,0.028405122772891447
1413.0,52.171452192762615,0.0005160606808147438,0.02853243761737836
1413.5,52.00930942971594,0.0005177373684668609,0.028623882861252736
1414.0,51.72764409793926,0.0005131454362045894,0.028373435807839416
1414.5,50.341384111090285,0.0005069005638620501,0.028032837411304055
1415.0,48.99288325589794,0.0004989071162527129,0.027596876401867077
1415.5,50.244974547324965,0.0004932870519044734,0.027290360294373633
1416.0,52.42553132557538,0.0004944437698694597,0.027353449073163335
1416.5,53.31381149679543,0.0005083062666697009,0.02810951092440793
1417.0,53.62447286291028,0.0005315220638882287,0.02937569705144144
1417.5,54.027175834917685,0.0005456855891536327,0.030148168174148976
1418.0,53.90502709924307,0.0005413016247014301,0.02990906698948698
1418.5,53.76919727923824,0.000533095741335437,0.02946152227371191
1419.0,53.915626180742095,0.0005267735688905248,0.029116712735510596
1419.5,53.677610177833856,0.0005237839512867958,0.028953660738856187
1420.0,53.28272892767045,0.0005214568453882245,0.028826741044894206
1420.5,52.286609542867204,0.0005149016444374345,0.028469220707676143
1421.0,50.91274020208394,0.0005036991133179143,0.02785823460218672
1421.5,49.58944670415051,0.0004930600698098551,0.027277981725209583
1422.0,48.16544740548837,0.000485899870087936,0.026887463937201227
1422.5,47.26692372443081,0.0004812831834097857,0.026635669165137602
1423.0,47.107086607703174,0.0004799528116272586,0.026563109612313188
1423.5,47.21703790093973,0.00048151383857014907,0.026648246841791037
1424.0,47.55533762983014,0.0004794319710967122,0.02653469955512575
1424.5,47.677473861270435,0.0004751575778986618,0.02630157309177822
1425.0,47.99187701748254,0.0004739874095760489,0.026237751138111887
1425.5,49.35372067367779,0.00048141403076864403,0.026642786479541193
1426.0,50.63542671856258,0.0004930519408591267,0.027277521212499982
1426.5,51.23557046654025,0.0004884507625542449,0.027026581689909422
1427.0,50.60236867983342,0.00047854776371715837,0.026486474163312727
1427.5,50.732755081355656,0.00047533832779126175,0.026311433753236222
1428.0,51.69674220193249,0.0004802653827826092,0.02658015571739134
1428.5,51.97614179009351,0.0004913769678832932,0.027186182796217654
1429.0,52.25159174683117,0.0005004159285376207,0.02767917038167473
1429.5,52.351613101829365,0.00050306140057949,0.02782345526840613
1430.0,52.42306494934375,0.0005115904283424333,0.02828862863733808
1430.5,51.93511188888889,0.0005219241799999999,0.0288522315
1431.0,51.251953175924385,0.0005213721173533129,0.028822123177198056
1431.5,50.46854249353377,0.0005126723013375992,0.028347635329372345
1432.0,49.88375201295252,0.0005076331538728683,0.028072798733549998
1432.5,48.99010356728121,0.0005135855960151953,0.028397443071549126
1433.0,48.34562669776803,0.0005239105253988165,0.028960562898448942
1433.5,49.02042466976472,0.000523261186071577,0.02892514206575114
1434.0,50.77875737073962,0.0005124603469825449,0.028336067178304305
1434.5,52.065312771376576,0.0004975191553706552,0.027521176875761038
1435.0,51.930887107878654,0.00048770696247866667,0.02698602145510091
1435.5,50.7310784785579,0.00048617245147692013,0.026902330003394107
1436.0,48.99451040134455,0.0004895194532117924,0.02708487670374323
1436.5,47.841541717029955,0.0004991683424236256,0.027611127069812197
1437.0,48.76390266058973,0.0005233335786171483,0.028929092368308942
1437.5,50.45432339237964,0.0005337105549709058,0.029495055287625967
1438.0,50.69403284824582,0.0005157447999456969,0.028515205637509835
1438.5,49.94258937437871,0.0004904730189376282,0.027136883137536053
1439.0,49.48769963943339,0.0004799018085661286,0.02656032862521414
1439.5,49.203398167243236,0.0004831262160647566,0.02673618571419673
1440.0,49.777659604980755,0.0004979685766207684,0.027545688042742378
1440.5,51.23024733422553,0.0005014585443969383,0.027736033139843182
1441.0,51.98412720811181,0.0004936088022184201,0.02730790973837198
1441.5,50.987684468173335,0.00048331905209334956,0.02674670501126965
1442.0,49.09191543241966,0.0004843482179443774,0.026802835522672316
1442.5,47.51152910822901,0.0005040666336146598,0.027878277813812462
1443.0,46.6665819948186,0.00051558570121146,0.028506528059954437
1443.5,46.46256929598609,0.0005182209189094027,0.028650254441568348
1444.0,46.621949169306276,0.0005089438742928521,0.028144285310390836
1444.5,47.03498641521022,0.000493575217414061,0.027306076103226593
1445.0,48.20651103879888,0.0004772422841096608,0.026415274622921467
1445.5,51.114686341511,0.0004696684274463114,0.02600219635493955
1446.0,53.02607946414137,0.00047896817888877833,0.026509403774513888
1446.5,53.398342638776406,0.0004922053404062018,0.027231358793962858
1447.0,52.679140508889006,0.0004895241668500005,0.027085131330000026
1447.5,51.74976378187927,0.0004796361953291081,0.02654584210807204
1448.0,51.274942356213494,0.00046919036474427886,0.025976125356662126
1448.5,50.191616067770596,0.00046487999582767295,0.02574103691422471
1449.0,49.336725531712105,0.0004696323357663953,0.0260002300917734
1449.5,48.90685517421747,0.00047726606248424755,0.026416572776327585
1450.0,48.860001329594624,0.00048210269084120937,0.026680354439319442
1450.5,48.73295012727632,0.00047480087713628504,0.02628211014871753
1451.0,48.571354115370966,0.00046072490061980907,0.025514404950159785
1451.5,48.841110230099,0.0004570050622966963,0.025311528559976783
1452.0,50.63097595390412,0.0004608226727205161,0.025519745873934633
1452.5,52.09597432505636,0.00046796923138413466,0.025909522325749914
1453.0,51.21251764357639,0.00047918509388085933,0.026521236408789062
1453.5,50.01678986214076,0.0004900406267684352,0.027113298563499786
1454.0,49.13658304826184,0.0004875308430978262,0.026976415866794553
1454.5,48.09092957566903,0.0004797367186083144,0.026551324181301253
1455.0,47.60660585683165,0.0004748774341636476,0.02628629849179627
1455.5,48.386913169409766,0.00047744084159188704,0.02642610704077034
1456.0,49.35323581155065,0.00048826028233050985,0.027016200625141318
1456.5,50.74929051347439,0.0005005818522675309,0.027688211781614215
1457.0,51.960063443142516,0.0005119207761759787,0.028306633174095028
1457.5,51.72552931253207,0.0005096690226444526,0.028183829631163313
1458.0,50.86559958700047,0.0004983786351057315,0.027568054510770768
1458.5,50.430656787867285,0.0004905602493285017,0.02714163890843196
1459.0,49.830885885250595,0.0004862332995694241,0.026905647518286217
1459.5,49.01433447800095,0.0004842762735461581,0.026798911179012348
1460.0,47.953446855737276,0.00048274697411758417,0.02671550371152194
1460.5,47.35095748363782,0.00048085681240596216,0.026612414807222876
1461.0,48.09611540553488,0.00047801835210733507,0.02645760501668047
1461.5,48.99331004238269,0.0004785879732450726,0.02648867183296834
1462.0,49.08615369906932,0.0004843540369026552,0.026803150974274555
1462.5,49.296074035187175,0.0004892692251106833,0.0270712180541529
1463.0,50.06635366113282,0.00048740558662173285,0.026969575854805517
1463.5,50.46719746109516,0.00048232063205022575,0.026692246403252327
1464.0,50.57970159873534,0.0004817737000487804,0.026662420073983735
1464.5,50.790570012813994,0.00048304904116843676,0.02673197863125947
1465.0,50.25372904225365,0.0004856268595774642,0.026872573373239405
1465.5,48.945641551603515,0.00048636591924747295,0.026912882202545868
1466.0,47.57852714126996,0.0004889195964999998,0.027052158510714276
1466.5,47.57925599883264,0.0004939570749432657,0.027326902276633768
1467.0,48.36157185420555,0.0004955071746074765,0.027411444201401864
1467.5,48.60675780408588,0.0004977994923073824,0.027536461590625606
1468.0,48.51807913877793,0.0004950750722313108,0.027387873466806167
1468.5,48.77322941418214,0.0004886773362789473,0.027038944796048493
1469.0,49.39678988181582,0.0004851115481539353,0.026844467907986117
1469.5,49.51419879566662,0.0004811955952253176,0.02663089039225728
1470.0,49.510183775387375,0.00047586243533423043,0.026340015801190973
1470.5,49.47747048639894,0.00047493804972899105,0.02628960079492143
1471.0,48.09444283376695,0.00047946783041959433,0.02653665546282203
1471.5,46.82616719571881,0.0004845525689849691,0.026813977894983375
1472.0,47.147975458496035,0.0004905066719320853,0.02713871496252933
1472.5,47.73611851994275,0.0004939515506763615,0.027326598563536992
1473.0,47.45833506707005,0.0004934747601307574,0.02730059622482436
1473.5,47.73093512821284,0.0004927087179030055,0.027258817000796912
1474.0,47.566590380744785,0.0004919098003484287,0.02721524371930509
1474.5,46.120363660031344,0.0004897013645257613,0.027094796963700245
1475.0,44.764212255665946,0.000487248676939293,0.026961027668163166
1475.5,44.95384675357794,0.0004840737377224823,0.02678786630064402
1476.0,46.03349577064349,0.0004844595571545667,0.026808906555718184
1476.5,46.68444309041208,0.00048451219473810063,0.026811775179457983
1477.0,46.78267681811086,0.000477046677833723,0.026404605391100663
1477.5,46.649458436831736,0.00046396415305387576,0.025691084320808178
1478.0,45.978404898276565,0.0004528976420954178,0.02508751604245479
1478.5,46.167298530833556,0.0004494069854639811,0.02489713567778564
1479.0,47.18236557383539,0.00044412649473579154,0.024609135370337536
1479.5,48.75935712784886,0.00044232972588154025,0.024511139215498533
1480.0,49.43526671824061,0.0004384480293622904,0.024299430123494583
1480.5,48.34737221443455,0.000439661364976308,0.024365606030799607
1481.0,47.94790289452667,0.00044798723517571663,0.02481970138124388
1481.5,49.21887138212157,0.00045047605640770024,0.024955443519151056
1482.0,50.83027781669386,0.00044889102203652547,0.024868994966535062
1482.5,51.81420098918494,0.0004511056968983215,0.024989782747778858
1483.0,51.76113653008665,0.00045146154150246787,0.025009191235834158
1483.5,50.919807444674724,0.00045045740418451954,0.02495442577021423
1484.0,50.39840960707712,0.00044733772191843445,0.024784276742943326
1484.5,50.6272249363684,0.0004464783858076094,0.024737408658650387
1485.0,49.44102403904614,0.00044910474010785296,0.02488065055256542
1485.5,47.780494446817514,0.00045318745484296464,0.025103323344430474
1486.0,47.29951698552086,0.00045705012377903755,0.025313993740509955
1486.5,48.17476063868351,0.00046148355939220877,0.02555579187340493
1487.0,49.53223802598509,0.0004596010718337128,0.025453120648063775
1487.5,49.979184513840046,0.00045031444104886995,0.024946627743528602
1488.0,49.49514145169358,0.0004424486812876762,0.024517629050171675
1488.5,48.55290307247722,0.0004472583501167181,0.02477994615559118
1489.0,47.91123085461155,0.00047156068100278676,0.026105389192548813
1489.5,48.282605912278534,0.00047451231048654946,0.026266377702022004
1490.0,49.668467298599836,0.0004700858447792942,0.02602496237359553
1490.5,51.03624821946854,0.0004685159314067509,0.025939340797372364
1491.0,51.07240869450157,0.0004659164034716769,0.025797562410076646
1491.5,51.116742350427344,0.0004650917119615385,0.0257525826
1492.0,51.35468764911409,0.00046714604234716797,0.025864626027388312
1492.5,50.79818264293716,0.00047094970968510346,0.026072077008982668
1493.0,49.06718168378871,0.00047420197671096026,0.026249455086526586
1493.5,47.452575516939035,0.0004718770496147506,0.026122654953543465
1494.0,47.167489151970884,0.00046783329261742906,0.02590210945859086
1494.5,47.32025813930729,0.0004657583988084206,0.02578894418230979
1495.0,47.15147286190683,0.00046820970824037236,0.025922639034244004
1495.5,47.00018470517929,0.0004746422671713141,0.026273470168725062
1496.0,46.62251041418019,0.0004789853293402708,0.026510342004445343
1496.5,46.77674749092115,0.0004746619859575548,0.02627454710682791
1497.0,47.743529195286065,0.00046752528984848576,0.025885309803030353
1497.5,48.657235558417376,0.000463337495279955,0.0256569053555431
1498.0,49.54328268480244,0.0004592323269841099,0.02543300696413172
1498.5,49.00388415664379,0.0004550165540019587,0.02520307622693437
1499.0,48.0106196668348,0.0004561436843872919,0.025264551127458394
1499.5,47.491753589530866,0.00045657066005193683,0.02528783727677992
1500.0,47.12457125148526,0.0004473799819343559,0.024786579302972775
1500.5,46.72169451875503,0.0004372467191650053,0.024233912402035186
1501.0,45.74339974499266,0.00043553826857614604,0.024140733597902097
1501.5,45.69890986399436,0.00043895349815223546,0.024326998526369957
1502.0,46.83483747916688,0.0004444206920312509,0.024625178796875046
1502.5,47.26432467970773,0.0004422157736372039,0.024504924422816002
1503.0,46.93325663669583,0.0004339842243215444,0.024055975515522115
1503.5,46.40402798265997,0.00042916747282124005,0.02379326871250505
1504.0,46.40110023799199,0.000429518724390893,0.023812425886457718
1504.5,46.96339447421111,0.00043600322577890823,0.024166091693987042
1505.0,47.6937305520142,0.0004439369206782872,0.024598796332470137
1505.5,48.8456359958053,0.00045144430021136343,0.02500825041958311
1506.0,50.08417080649844,0.0004580308858520641,0.025367483841628433
1506.5,50.40849499161102,0.00046009587562229694,0.025480107258454603
1507.0,50.505357121400834,0.000458238099288871,0.0253787831664323
1507.5,50.97238740345941,0.00045029566697373506,0.024945603362059074
1508.0,50.94964784450733,0.0004435275830311299,0.024576472271578734
1508.5,50.35154117155173,0.0004459097132413586,0.024706393837174056
1509.0,49.32634734671953,0.00045174797401859794,0.025024813651708153
1509.5,49.638806753782696,0.00045561151585969765,0.025235530920220097
1510.0,50.86126843406883,0.0004579041039359448,0.025360569959193537
1510.5,51.242910115709925,0.0004584886396567737,0.025392451294468
1511.0,50.50586021055052,0.0004575820803620177,0.02534300779970326
1511.5,49.52236205269894,0.0004601488752324146,0.025483000488482108
1512.0,48.79260612272291,0.000469216910031885,0.02597756849691413
1512.5,48.3969199056629,0.00047983043687165966,0.026556425986836798
1513.0,48.09406903610729,0.00047885508547619067,0.026503231832835237
1513.5,48.0037865500109,0.0004653192254479346,0.025764988228290625
1514.0,47.76610757010606,0.00045341631829922107,0.025115803208838973
1514.5,47.353087787033445,0.0004496347177048382,0.024909553857296145
1515.0,48.05623191629518,0.0004493884923386353,0.024896125050138315
1515.5,49.42672010980429,0.0004464631028696003,0.024736575351855597
1516.0,49.95892329276573,0.0004457485901472211,0.024697606557600296
1516.5,50.18761480638467,0.0004484337368284306,0.024844054778827587
1517.0,50.37120495408716,0.00045339493878428135,0.02511463916068471
1517.5,50.80917505262159,0.00045856881332116846,0.02539682398969518
1518.0,50.928257057529095,0.0004592224074259157,0.0254324703655439
1518.5,50.34354801959255,0.0004571431426300641,0.025319066328464826
1519.0,49.61684732841581,0.0004550163483249299,0.025203070319887957
1519.5,48.11605437500029,0.0004565914326286761,0.025288974033088215
1520.0,47.44433168141109,0.00046165255880867474,0.025565006371360652
1520.5,47.933974782619316,0.00046437997602693636,0.025713760409090927
1521.0,47.59279035475227,0.00046451544717634167,0.02572115207174151
1521.5,47.415686687899736,0.0004647259704892555,0.025732635682079813
1522.0,49.12681583379176,0.0004615259978486473,0.025558109187607887
1522.5,50.28533372625068,0.00045750703465756567,0.02533891474910479
1523.0,50.20149079357162,0.0004571405132687512,0.02531892433598696
1523.5,50.606126614084374,0.00046109390813926646,0.025534543184059042
1524.0,50.919592415995204,0.00046397440932408214,0.025691646011638303
1524.5,50.424727935703885,0.00046032409020337647,0.02549255716039906
1525.0,49.93302833825697,0.00044661462859006457,0.024744840902071817
1525.5,49.71917177487142,0.00043179256518108397,0.023936443001005895
1526.0,49.132916260280425,0.0004239519191463415,0.023508812015906683
1526.5,47.65742511851871,0.000426227150333333,0.023632902233333315
1527.0,46.2047320508194,0.00042740579765712503,0.023697185328251397
1527.5,45.964023915882905,0.00042152173631535255,0.02337626854553941
1528.0,46.145530225172905,0.0004104437928464721,0.022772074810477126
1528.5,45.984671079484485,0.0004032183121823042,0.022377996256927962
1529.0,45.39857220874029,0.00040396359237727616,0.02241864438727236
1529.5,44.81233849822824,0.000413434412425969,0.02293518164066064
1530.0,44.89876387226597,0.000414824257257874,0.023010985812795277
1530.5,46.38004760237148,0.000410066837942523,0.022751517761621223
1531.0,47.673445818686616,0.0004076487193979372,0.022619634208490398
1531.5,47.741839111807856,0.0004083832161370344,0.022659693901235713
1532.0,46.509088024053526,0.00041049673735851127,0.022774965711641938
1532.5,45.45493121951721,0.00041285168466986355,0.022903404579859832
1533.0,44.101360760084184,0.0004149723525112976,0.02301906599182268
1533.5,43.76892469322518,0.0004148301983271856,0.023011313009682777
1534.0,43.92393777527615,0.0004146908427697281,0.023003712368591174
1534.5,43.98861200691851,0.0004171111773536741,0.023135717848069757
1535.0,44.324095476564786,0.0004227268559519651,0.023441996221834065
1535.5,45.67117858563791,0.00042638444574235777,0.02364148195960697
1536.0,47.01442240680761,0.00042666382462601236,0.02365671984230586
1536.5,47.24658918146535,0.0004272052507800715,0.023686250104605008
1537.0,48.10139935128562,0.00042712920897776895,0.02368210293509329
1537.5,48.81628320881295,0.0004278188275188566,0.02371971445990472
1538.0,48.76770308539543,0.000427670694279476,0.023711635735807857
1538.5,49.153767339155785,0.0004260680565919014,0.02362422744124652
1539.0,48.8906855667721,0.00042770719305572385,0.023713626784474057
1539.5,47.79954207027734,0.0004349207849054275,0.02410705752676371
1540.0,46.87609460571708,0.00043897779349911007,0.02432832670832509
1540.5,46.04915706922207,0.0004359422643723671,0.02416276859919965
1541.0,45.015073577605655,0.0004334166425271786,0.024025019056476856
1541.5,44.68914020059904,0.0004376724654043819,0.024257129649115475
1542.0,45.914325721872956,0.00044392408615173023,0.024598092678852237
1542.5,47.72008851502956,0.0004446330635439403,0.024636762729753015
1543.0,48.64035607584329,0.00044278648523882864,0.024536051986902906
1543.5,49.114427383627955,0.00044087070546962407,0.024431565618225657
1544.0,48.62427978549488,0.00043960427581457676,0.024362494307717048
1544.5,47.20021498125069,0.0004366308783822454,0.024200323105649325
1545.0,45.70830334237894,0.00042614381088092423,0.023628358023491336
1545.5,44.86541355065124,0.00041741766986535693,0.023152433979550496
1546.0,44.63367571213244,0.00041420248891779667,0.02297707794644662
1546.5,44.29303485351701,0.0004127563575759419,0.02289820509214258
1547.0,43.885667107106734,0.00041049364918607025,0.022774796972059135
1547.5,44.42213376531463,0.0004099742651002227,0.02274646951538773
1548.0,46.024095222627416,0.0004091366340340218,0.02270078509173754
1548.5,47.3568721301655,0.0004051429791870833,0.022482970665924324
1549.0,47.330078304260425,0.00040390857422789985,0.022415645789350975
1549.5,46.82185350441473,0.00041014948359643623,0.022756024160760394
1550.0,46.08990621590513,0.00041613793287357355,0.023082634046194105
1550.5,45.66118635239646,0.0004183448397493122,0.023202999304844492
1551.0,46.44602259700671,0.0004153132017614513,0.023037653196040342
1551.5,46.66892903332223,0.0004084743922707292,0.02266466502037962
1552.0,46.013364712629766,0.0004024606083693035,0.02233667318884886
1552.5,45.30675655382364,0.0003987636120863311,0.022135039006195054
1553.0,45.19179542496256,0.000400734015254763,0.022242505026546754
1553.5,46.35938178994474,0.0004035606338383548,0.022396669651796073
1554.0,47.470284166015524,0.0004135522282469673,0.022941612453321016
1554.5,47.355660915202066,0.00042998187938905606,0.023837685509537365
1555.0,47.4023091121395,0.00043541513012443486,0.024134016144487888
1555.5,47.70170885669572,0.000425257760072999,0.02358003271396251
1556.0,47.71586482320947,0.0004099128460201564,0.02274311951953929
1556.5,47.00135285274298,0.0003975375051511421,0.022068166682294926
1557.0,45.84445338365744,0.00039387471835311235,0.021868397462645888
1557.5,44.780229028437354,0.00039522493413254807,0.021942038677603286
1558.0,44.501536629584216,0.0003982024310368094,0.022104432110429426
1558.5,45.100258538979325,0.00040310656334889203,0.022371904190005468
1559.0,45.13020593964278,0.0004104270935973657,0.02277116666011886
1559.5,44.67951853829367,0.000416433084243467,0.023098733937310066
1560.0,44.30078545031929,0.0004193188880124521,0.02325612479425287
1560.5,44.446847828321886,0.0004179180938756443,0.023179725962306698
1561.0,45.03473329437161,0.00041281865064750486,0.02290160217174718
1561.5,45.61829260717308,0.0004107182805711775,0.022787048013766843
1562.0,46.434289961639564,0.00041359386627709484,0.022943883596465563
1562.5,45.99693872454428,0.0004184242282314178,0.023207331869157875
1563.0,44.52152490917303,0.00042537928941111365,0.023586660473132046
1563.5,46.17676861495228,0.0004277770836362557,0.023717436719885965
1564.0,48.32066009335868,0.00041603325222926244,0.023076925808354833
1564.5,46.57384006888397,0.0004131616469299293,0.022920309186460836
1565.0,44.31607251316554,0.0004099833283795286,0.022746963973470587
1565.5,45.40894643995935,0.0004074704384849333,0.02260991058193826
1566.0,47.21149399892129,0.00040626048617494365,0.022543919692550794
1566.5,47.828275130620035,0.0004060418254538088,0.02253199365117954
1567.0,47.89837641967573,0.00040712505519695615,0.022591074042076997
1567.5,47.660104309286915,0.0004092711363246267,0.022708121217537305
1568.0,47.74960810642707,0.00041357408096343907,0.022942803573120656
1568.5,47.14005446291621,0.00041801377340632906,0.02318494475292366
1569.0,45.74720400082672,0.0004182440257623888,0.023197502522690146
1569.5,44.66063206103831,0.0004143101551630671,0.02298294885779334
1570.0,44.08488913089809,0.00040862201372543255,0.022672717847230534
1570.5,43.686385855138454,0.00040321532919826707,0.02237783598488929
1571.0,43.864559393680715,0.00039873116185213753,0.022133269119464793
1571.5,44.40851269624165,0.00039672873486714386,0.022024054782116432
1572.0,44.917885943357135,0.00039936525024144876,0.022167850924730205
1572.5,45.79604533330918,0.000399956886087807,0.02220011980754184
1573.0,47.48622707830741,0.00039851504829971487,0.022121482197330893
1573.5,48.5926095372454,0.00039614594922643794,0.02199227019620631
1574.0,48.85593218468026,0.0003953276452746492,0.021947638540407027
1574.5,48.68879917752311,0.00039724566502568666,0.022052246728610947
1575.0,47.675767133702266,0.00039899932807053925,0.02214789289834024
1575.5,47.06947916700708,0.00039884133771290266,0.022139277516004745
1576.0,46.66064657458997,0.0003979018854228412,0.022088040576269508
1576.5,46.28679546838653,0.0003968175907392155,0.02202890316301757
1577.0,46.24407893090701,0.0003963580635126525,0.02200384037019996
1577.5,46.76353378565694,0.00039844255377403806,0.022117528847656227
1578.0,47.082030716631294,0.000403462336581285,0.022391308085041035
1578.5,46.6966782907739,0.00040718795396996844,0.022594502599051637
1579.0,46.26520450578087,0.00040967998780827526,0.022730418724907824
1579.5,46.09243798961961,0.0004098294167609097,0.02273856920221266
1580.0,46.214545807006736,0.00041046302432698207,0.02277312662630608
1580.5,45.86946805497516,0.0004126332241046912,0.022891489692890774
1581.0,44.868964269138644,0.0004123206697019053,0.022874443415488624
1581.5,44.26214011495524,0.0004060430227018132,0.022532059912685396
1582.0,44.04639294212541,0.00039807854878402837,0.02209767577313971
1582.5,44.04453473838456,0.0003949564830271623,0.021927397618656183
1583.0,43.73789985102888,0.00039500610649382704,0.021930103679835385
1583.5,43.797036691970106,0.00039625760883151625,0.02199836136864843
1584.0,44.181720253200695,0.0003963459335967078,0.02200317851872428
1584.5,44.62687816687248,0.00039764092966666683,0.022073807975925938
1585.0,45.36727514128952,0.00040125691739506216,0.022271023831481506
1585.5,46.45130238800884,0.00040040124103990954,0.022224353929644107
1586.0,46.655775025971664,0.0003958578286625506,0.021976555137448513
1586.5,46.67943320018291,0.0003873827995226337,0.02151432658847736
1587.0,47.16837613388192,0.0003820620456543221,0.02122413276790129
1587.5,46.77888818417923,0.000384801103925926,0.021373521737037042
1588.0,46.379718090989215,0.0003904529884165054,0.0216817758353906
1588.5,45.57139037837229,0.0003976908071502049,0.02207652760905345
1589.0,44.81940123102417,0.0003986256248199589,0.022127513150720167
1589.5,44.675253337577175,0.00039250605539062615,0.021793751433159786
1590.0,44.77941923044212,0.0003827635315703291,0.021262392564411106
1590.5,44.88123069032706,0.00037792914449269314,0.020998724134446763
1591.0,45.149763978037505,0.00038280840380192,0.021264838956272163
1591.5,45.54336449676474,0.00038770050759444753,0.0215316545589647
1592.0,45.60876788024095,0.0003902849838996241,0.02167261217176596
1592.5,45.301467946972906,0.00039022098266701464,0.021669121468789146
1593.0,45.27767615331989,0.0003866407153558763,0.021473853425589683
1593.5,45.572383053815884,0.0003824042951565754,0.021242799275574067
1594.0,45.559341462535535,0.00038056274867418106,0.02114236111415278
1594.5,45.00948631471472,0.0003826730519639639,0.021257457259459458
1595.0,44.44835849264046,0.0003877476603138028,0.0215342272434955
1595.5,44.15246808041409,0.0003949986033575306,0.021929694139545004
1596.0,44.34398879236561,0.0003995114566174555,0.022175825562302673
1596.5,44.479149518719154,0.0004005024051495125,0.022229872354171183
1597.0,44.37271966181782,0.00039905516480130004,0.022150940150324986
1597.5,44.40539029938607,0.00040053131602166866,0.022231450352004342
1598.0,44.4286832366274,0.0004040333865372645,0.022422453525636345
1598.5,43.85503128009359,0.000405800313637731,0.02251882218500215
1599.0,42.90812667144164,0.00040931722659432704,0.022710632732595593
1599.5,42.279198781342465,0.0004103476057793922,0.02276682925967163
1600.0,42.01370773184747,0.00040309649432065963,0.022371353810297034
1600.5,42.90471373412251,0.0003930323455247737,0.021822453309402936
1601.0,43.10418627870021,0.000381634833085164,0.021200831723085192
1601.5,42.60850936189298,0.00037436304234052665,0.02080422771083497
1602.0,41.772644386315605,0.00037605752892710606,0.02089664465086967
1602.5,41.25269686988895,0.0003794440370637098,0.02108134537502446
1603.0,41.94950488530461,0.0003792575700537635,0.021071176215053763
1603.5,43.283464169641555,0.0003751048509653086,0.020844686589177944
1604.0,44.03963061700159,0.00037054655532116094,0.020596076878134594
1604.5,45.04927606076214,0.00036898175813596096,0.020510732678483887
1605.0,46.22120209412194,0.0003708681327328433,0.020613615412236056
1605.5,45.87428718536438,0.0003745192683820944,0.020812748814562267
1606.0,44.91911605539857,0.0003750990836960211,0.02084437259673769
1606.5,45.173831998826884,0.0003749106982138143,0.020834097609106903
1607.0,45.747235198428854,0.0003761036161054351,0.02089915944503473
1607.5,44.12588147466683,0.0003814751286079994,0.02119212070319997
1608.0,42.8136606810628,0.0003835651224375241,0.021306109730296043
1608.5,42.35780213033442,0.00038494294919261843,0.021381257606113046
1609.0,43.33521270008748,0.00038773806402075706,0.021533703576878713
1609.5,44.999330290722924,0.00038855632039582865,0.02157833169724153
1610.0,46.01257615374444,0.0003883406404209919,0.021566568069204147
1610.5,46.395580139561666,0.0003879456101557094,0.02154502348096886
1611.0,46.25623902643133,0.0003882390545430279,0.021561027427290196
1611.5,45.18303339171772,0.00038797579871181266,0.021546669897556013
1612.0,44.092571383621305,0.0003866468726611884,0.021474190527812895
1612.5,43.34352897365631,0.00038435309637072253,0.02134908744796516
1613.0,43.0445087598449,0.00038381316869456227,0.021319639259930582
1613.5,43.616526013848045,0.00038485697580943764,0.02137656846150372
1614.0,44.51523016851439,0.00038463588750051636,0.021364509362528403
1614.5,44.239146638062664,0.00038548284084100563,0.021410703365616145
1615.0,43.13499863742561,0.00038830729678268974,0.021564749632204103
1615.5,42.64507549252915,0.0003896187324364799,0.021636275659884314
1616.0,42.8598366637567,0.0003856961151039587,0.0214223359160336
1616.5,42.84604915273866,0.0003753930792741796,0.02086040676291086
1617.0,42.59383123172854,0.0003655720609107646,0.02032476665915369
1617.5,42.49772191549743,0.00036515136405337634,0.020301822074601468
1618.0,42.51276494246033,0.0003682184313988094,0.02046909943154761
1618.5,42.71963371777956,0.00037184716840763714,0.0206670114360256
1619.0,43.453547222888844,0.00037118107554889016,0.020630682907018593
1619.5,43.82303592607773,0.00036765234935147277,0.020438225506522578
1620.0,42.80183934352765,0.0003681122244949886,0.020463306003084044
1620.5,41.729333588017745,0.0003703259283969462,0.02058404267453156
1621.0,42.66715839997442,0.0003699706508559861,0.0205646662238288
1621.5,45.29801573496397,0.00036677987603296055,0.020390641385520894
1622.0,46.56034980366499,0.00036474288862202507,0.020279543757885977
1622.5,46.4180751504436,0.00036321197485259335,0.02019604780514312
1623.0,45.77422116439457,0.0003608372876969431,0.02006653202249244
1623.5,45.09217182715366,0.00035926938499907765,0.019981018244881018
1624.0,43.62080645642354,0.0003615718587863137,0.02010659481181407
1624.5,42.28756222955972,0.00037452008110219737,0.020812787495296196
1625.0,41.39599328861134,0.00038344977057468924,0.021299815478691416
1625.5,40.79186440125852,0.00038101519077937663,0.021167035835270253
1626.0,40.78885215515387,0.000374468695390575,0.020809990401872203
1626.5,41.73224732706835,0.0003662536780210992,0.020361942332666458
1627.0,42.74273586973632,0.00035616779676090764,0.01981185675464683
1627.5,43.01618670239961,0.000348240505563379,0.01937950108685439
1628.0,42.60477183949658,0.0003498442515574249,0.019466969807669716
1628.5,41.9161074280963,0.00035705226564077436,0.019860095743103087
1629.0,41.130603600578226,0.00036289205659851333,0.020178597643122693
1629.5,40.63798813993774,0.00036498600504304474,0.020292801767755837
1630.0,40.58153221616992,0.00036331565257142817,0.020201700958273356
1630.5,41.5527084922352,0.00036237057859196014,0.02015015686940222
1631.0,42.85050968085478,0.0003634137857821999,0.020207054158835443
1631.5,43.22731002943338,0.00036280445706401776,0.020173821538631353
1632.0,42.63216929653744,0.0003587607490758473,0.01995327730540125
1632.5,41.92527688855704,0.0003542417329177209,0.019706809361411216
1633.0,42.026456412734895,0.0003526446001848306,0.019619701599789315
1633.5,42.11873941391656,0.00035004923507029847,0.01947814993878147
1634.0,42.263226143052535,0.00034914797442227503,0.019428994854873927
1634.5,42.20055748233486,0.0003507483172580649,0.019516278036866383
1635.0,41.748531732629374,0.0003558288562944858,0.019793370851192812
1635.5,41.536030102137595,0.00036542153449714137,0.02031655345885706
1636.0,41.35421690476194,0.00037320355318151363,0.020740984608642436
1636.5,40.965810726823804,0.0003657108475858586,0.02033233523080808
1637.0,40.65920982317625,0.00035254536375616,0.01961428888218967
1637.5,40.47586138341102,0.00034416662917241466,0.019157311419944128
1638.0,40.28520514817154,0.0003400297073901162,0.01893168247655103
1638.5,40.32319407851083,0.0003411475337797247,0.018992648855623104
1639.0,40.64863773114547,0.0003441604973028792,0.01915697668314563
1639.5,40.71951092133008,0.00034638244405109473,0.01927816256569342
1640.0,40.52921269008818,0.00034814686235725486,0.019374394448083705
1640.5,41.07465152819043,0.0003488479016728583,0.019412629094624115
1641.0,41.594714809162966,0.0003499163979788959,0.019470904564935054
1641.5,41.5684537575696,0.0003527004671215198,0.019622748145905297
1642.0,41.57267169883882,0.00035373572886385413,0.019679211732502387
1642.5,41.486977166556294,0.0003517705824199607,0.019572032748951227
1643.0,40.89513702373515,0.00034992844365777393,0.01947156166347748
1643.5,40.67137177503951,0.0003485796027799021,0.019397995831527504
1644.0,41.542281962775064,0.0003496025299219224,0.019453786194889466
1644.5,43.028055267210036,0.0003522604020464045,0.019598745790133765
1645.0,44.13108587727109,0.0003536523080063733,0.019674660748456488
1645.5,44.201466381290835,0.00035232922233088246,0.0196025001007353
1646.0,43.670659772951055,0.0003487812760990443,0.019408994911815813
1646.5,43.25322878286341,0.0003461032073196631,0.019262932671731965
1647.0,42.89484302402094,0.0003444769861574757,0.019174238765674163
1647.5,42.77139099874931,0.00034377275483015086,0.01913582968422111
1648.0,42.44467654407886,0.0003446641625638671,0.01918444727568462
1648.5,41.6084838858256,0.0003485846532631231,0.019398271070247025
1649.0,40.91341317352953,0.00035305727617371247,0.01964220844843746
1649.5,40.807730363696514,0.0003566999843041466,0.019840881630679322
1650.0,42.028755241409065,0.00035757948763553933,0.019888850112676063
1650.5,43.42696600832523,0.0003572595077291036,0.01987139873393756
1651.0,43.672862960847695,0.0003571520996765016,0.01986554100136986
1651.5,43.71750343345818,0.00035809606189887635,0.019917024219101118
1652.0,44.37128710076442,0.00035557863891359033,0.019779724514681192
1652.5,45.38582240562882,0.0003514200169616277,0.019552912427552974
1653.0,46.237848621746245,0.00034846840420156816,0.019391931266112068
1653.5,46.324050202838336,0.00034633407956386326,0.01927552452492214
1654.0,46.31322717251409,0.00034530913869019683,0.019219624225672503
1654.5,46.04776450522022,0.00034362188038356825,0.01912760097094873
1655.0,45.20226995081345,0.00034325485893303063,0.019107583076617477
1655.5,43.683479015689606,0.00034426958766883744,0.019162925343534892
1656.0,41.91591518855379,0.00034543880380532915,0.01922669545981061
1656.5,40.64588792214362,0.0003459689977868549,0.019255612635350913
1657.0,39.75157092774124,0.0003464365652567654,0.01928111419731515
1657.5,40.54102554588425,0.00034530570022745167,0.019219436948601808
1658.0,42.04886488930448,0.0003420305003584091,0.019040806890409625
1658.5,42.68829864045344,0.00033900900826900314,0.018876014014277253
1659.0,43.033128167060525,0.0003387425622518709,0.01886148155612446
1659.5,43.34022594472832,0.0003392478385397507,0.018889039132536277
1660.0,42.84208938293438,0.0003365395656254148,0.018741329335580127
1660.5,41.77933285064846,0.0003348779567838713,0.01865070516214407
1661.0,41.832219502618436,0.00033752257938801596,0.0187949435670442
1661.5,42.95399795645207,0.0003406432387308204,0.018965144769399415
1662.0,43.26191362383792,0.0003409909930635732,0.018984111921081476
1662.5,43.29560284608864,0.00033579992910404556,0.018700990865664707
1663.0,42.81122339569071,0.00033156560575441053,0.018470049879996356
1663.5,42.08356132080094,0.0003322276972495274,0.018506160676118467
1664.0,41.9385285024855,0.00034059664182419517,0.018962601940978707
1664.5,42.28223505035406,0.00035089782067878895,0.019524428671047835
1665.0,42.61644969016785,0.00035278416625183785,0.01962731223597984
1665.5,42.447144304843334,0.0003455078326923091,0.01923046126923085
1666.0,41.90235510332306,0.0003356853065887872,0.018694739063084227
1666.5,41.393657376248115,0.00032902764563309925,0.0183316289194816
1667.0,41.25568024006799,0.00032697079313681767,0.018219448547163807
1667.5,41.56281955709317,0.00033103865180990555,0.018441309393299358
1668.0,42.10721447248773,0.0003425331788623318,0.019068221911089814
1668.5,42.20175057471474,0.0003502646219519304,0.019489896175892224
1669.0,41.62393924943943,0.00035362454535479054,0.019673147677714033
1669.5,40.644027873474315,0.0003548858558922883,0.019741939092628013
1670.0,40.163735604796265,0.00035647179750256905,0.01982843583206576
1670.5,40.29246563306297,0.0003514821388991885,0.019556299484356877
1671.0,40.21602157980345,0.00034213677433758265,0.019046602786790302
1671.5,40.091630054155544,0.00033402110561828494,0.01860397350302794
1672.0,40.509487171348546,0.0003300298104202608,0.018386287509953542
1672.5,41.72755875957071,0.00033132828379297717,0.01845710636649597
1673.0,42.94590614900824,0.0003401460691232998,0.018938029301040892
1673.5,42.9705806495486,0.00035179431489678974,0.019573325330831223
1674.0,42.58693078714627,0.0003545928252381464,0.019725956878030467
1674.5,42.219892524796016,0.00034958165309792883,0.019452647648775915
1675.0,41.6579444128877,0.00034315949272289574,0.019102382063206313
1675.5,41.013722052775336,0.00034103090932466383,0.018986288945112118
1676.0,40.78350525389515,0.00034160685222896616,0.019017700804520726
1676.5,41.36120387814514,0.00034141581010255337,0.019007281229803268
1677.0,42.20680441969835,0.0003377940202733238,0.01880974840139074
1677.5,42.88817228063156,0.0003331179905308227,0.018554717321061686
1678.0,42.93972155844491,0.00032958622275858673,0.018362094067242356
1678.5,42.57440684690692,0.00032804123357856507,0.01827783051771118
1679.0,42.141813432477385,0.0003282906069493498,0.018291431174073353
1679.5,41.974187317991735,0.000328346171981973,0.018294461458795562
1680.0,41.87872245293897,0.00032831242855119825,0.018292621334917804
1680.5,41.33108004915329,0.0003312338885873604,0.018451957927509283
1681.0,40.92040272023577,0.0003401275813097496,0.018937020135303066
1681.5,40.67177871091603,0.0003511720607142851,0.01953938674501194
1682.0,40.106012,0.000354653355,0.0197292575
1682.5,39.751895196249535,0.0003512236836871349,0.01954220344085514
1683.0,39.80270004662483,0.0003465433781565905,0.019286939308721496
1683.5,40.2552957549858,0.00034057877940170877,0.01896162935470082
1684.0,41.10227114469666,0.00033442237633513544,0.01862585829372975
1684.5,40.98139207380139,0.00033225022585511816,0.01850738954961342
1685.0,40.390618985332694,0.00032949818747596667,0.018357292912192232
1685.5,41.031860521949646,0.0003249733278065402,0.01811050630245235
1686.0,41.874116228199625,0.0003214150406065875,0.01791643707154621
1686.5,42.085696666099324,0.0003217547653737747,0.017934965266952624
1687.0,41.81102006338686,0.00032419344865860773,0.018067970908754134
1687.5,42.00034853088104,0.0003257679091908754,0.018153842054591536
1688.0,42.70972704444441,0.00032626729231578945,0.018181077763157895
1688.5,42.956900861992075,0.00032522211718330045,0.018124072603386488
1689.0,42.91734968306938,0.0003235749254563539,0.018034235303093938
1689.5,42.43386250108387,0.00032208224878007175,0.017952825830933876
1690.0,41.82286098722393,0.00031777395843152054,0.01771785118137902
1690.5,41.585850186565146,0.0003129335617087332,0.017453855460136176
1691.0,41.66415249312615,0.00030909371413927,0.01724442977824264
1691.5,41.95306667069576,0.0003083570685076709,0.017204252407252443
1692.0,41.8426297854479,0.0003098442277352242,0.01728536271962173
1692.5,40.930580939072456,0.0003109647685958307,0.017346477112333517
1693.0,39.98054602650473,0.00031177566705404875,0.017390703865355225
1693.5,39.2210319914637,0.00031197490177651904,0.017401569800205973
1694.0,38.98837428370641,0.0003106062982777088,0.017326926049443744
1694.5,39.20179030502747,0.00030836067931558917,0.017204449344106455
1695.0,39.90702235039525,0.0003057021329213486,0.017059451619850202
1695.5,41.25207299525591,0.0003022561463033708,0.016871507159550565
1696.0,42.19823388189118,0.00029901324428467484,0.016694639118310917
1696.5,42.44825042074956,0.00029751315201784185,0.01661282375063721
1697.0,41.956740892121424,0.00029910574125610546,0.016699684254725
1697.5,41.53790766126592,0.0003022570224549421,0.01687155551283449
1698.0,41.18296519841432,0.00030550809207368924,0.017048868959227047
1698.5,41.12451780468919,0.00030917259412315093,0.01724873109508109
1699.0,41.5328225512462,0.0003138739599515196,0.017505143818034936
1699.5,42.36655603269382,0.0003180899335960049,0.01773508432153447
1700.0,42.81761641445181,0.00032115873407817985,0.017902457631660842
1700.5,42.07421415380974,0.00032242168887848554,0.017971339167005895
1701.0,40.9874091460786,0.0003208018737980395,0.017882994505000013
1701.5,39.738619756270516,0.00031946620210923735,0.017810146897038647
1702.0,38.620242555381445,0.0003190459447450481,0.01778722592704452
1702.5,38.038479217728764,0.00031655698533088243,0.0176514775569853
1703.0,38.23197604393017,0.00031364329071876856,0.017492564141792517
1703.5,38.826559654136936,0.00031196102007746636,0.01740081337183762
1704.0,39.86658345299151,0.0003111681598581336,0.01735757017339218
1704.5,41.149222390296124,0.00031113053979307884,0.017355518170531572
1705.0,42.402651725600535,0.00031377366615096305,0.017499674588865068
1705.5,42.484582699331746,0.0003164509352375128,0.01764569307787972
1706.0,41.890898920543755,0.00031645085130770615,0.017645688413148914
1706.5,41.500848388702686,0.0003136068672893972,0.01749057766879719
1707.0,41.72850970422374,0.0003092350291900665,0.01725213692958924
1707.5,42.15160642009322,0.0003053885420868256,0.017042349533832293
1708.0,43.067422623012504,0.00030201919230419145,0.016858584531117698
1708.5,43.8774848743218,0.0002994865982836851,0.016720456287668835
1709.0,43.877204417353774,0.0002975107690989402,0.01661269415724383
1709.5,43.17059255398957,0.0002977570249378239,0.016626124892331607
1710.0,42.008847581015935,0.0003013671862592973,0.016823023304020145
1710.5,40.78138539506433,0.00030671344549145673,0.017114608587236152
1711.0,39.97763394684536,0.00031030507505226126,0.017310496844824115
1711.5,39.85802164971517,0.000311542753782826,0.017378000507919957
1712.0,40.218507158984565,0.0003099697185671346,0.017292206578156333
1712.5,40.024484838852786,0.0003075931934261838,0.017162591123491177
1713.0,39.229730968960794,0.0003048588453238865,0.017013459437246952
1713.5,38.51476521445002,0.00030238795152307647,0.01687869631897434
1714.0,38.29767424289784,0.00030122334804042806,0.016815178714971374
1714.5,38.39290429315183,0.0003021501257095207,0.016865724970487155
1715.0,38.56525613484198,0.0003046405597080061,0.017001553880932697
1715.5,38.58087943655707,0.0003058745470924471,0.01706885611277341
1716.0,38.373978405520056,0.0003050478645708687,0.01702376833505262
1716.5,38.2175645226978,0.0003034144088521402,0.016934679628404677
1717.0,38.31607395906433,0.0003017875943498451,0.016845952400928788
1717.5,38.52420550335274,0.00030118648260861025,0.016813167749164543
1718.0,38.59656299916278,0.00030186208527717976,0.016850014803013996
1718.5,38.44060401600356,0.0003052857108529134,0.017036738005404128
1719.0,38.221517011675004,0.0003064460075639099,0.017100020972462413
1719.5,38.610659479573876,0.00030348009126409824,0.016938260629135365
1720.0,39.05713749217635,0.0003007724971969259,0.016790588874639762
1720.5,39.306390348698216,0.0002985917292829709,0.016671649652368777
1721.0,39.60064869332384,0.00029626683798301533,0.0165448498906582
1721.5,39.985234250512725,0.0002934051387278383,0.016388772314659145
1722.0,39.892872241382975,0.00028984002702642215,0.016194330326610093
1722.5,39.423137032900776,0.0002885315744317735,0.016122967810263466
1723.0,39.34212988891037,0.0002881564374859795,0.016102507623960552
1723.5,39.50006009160955,0.00028868732145397665,0.01613146186934763
1724.0,39.27251883246281,0.00029131190995034174,0.016274606902670474
1724.5,38.65712975558172,0.0002943024986630175,0.016437713986610605
1725.0,37.92703566524373,0.00029571596260926996,0.01651480447936571
1725.5,37.730640819016,0.00029489809523283565,0.016470197841194023
1726.0,37.68919041038372,0.0002911859372324582,0.016267736304586458
1726.5,37.601091289341866,0.00028653335039886336,0.016013984304390445
1727.0,38.07633102876871,0.0002809822851999212,0.015711228049882373
1727.5,38.62021038908056,0.00027614583325215417,0.01544744742575426
1728.0,38.936580612040636,0.00027613883446803947,0.015447065656585157
1728.5,39.311315913254994,0.00028306407228593584,0.015824768407593965
1729.0,40.62456720817223,0.0002967814227556913,0.016572914501098584
1729.5,41.85299680580768,0.0003089017730020167,0.017233959895963595
1730.0,42.27291121330712,0.00031228771620353996,0.01741862998141594
1730.5,42.12242597264593,0.00031141194108916714,0.017370865722721947
1731.0,41.31787309578698,0.00030940574223534356,0.01726144756843103
1731.5,40.39796989569776,0.00030740198225415763,0.017152162230567605
1732.0,39.26786343661172,0.0003040083709268935,0.01696707433681465
1732.5,38.21683737213426,0.0003008408955291012,0.01679431995238099
1733.0,37.875162166581404,0.000299264104819785,0.016708321416794465
1733.5,38.04216947604163,0.00029818895669792944,0.016649682650150408
1734.0,38.562143841409316,0.00029733659435264586,0.016603194467893743
1734.5,39.29157069079671,0.00029744679622926827,0.01660920529209756
1735.0,40.47767793336259,0.00029865773802628654,0.016675249817097403
1735.5,41.51664724272755,0.00030011162084929774,0.01675454448914433
1736.0,41.19779503437609,0.0003011206774152917,0.016809578163207373
1736.5,40.20936075894638,0.0003010822361907744,0.01680748180505114
1737.0,39.819823433307526,0.0002979077082343266,0.016634342990131574
1737.5,39.69739227516506,0.00029070759479678856,0.01624164771114774
1738.0,39.68839609941521,0.0002835255430263158,0.015849937736842106
1738.5,39.9606284791701,0.00027937191107885753,0.015623398150217665
1739.0,39.930032684364456,0.0002819358933636539,0.015763237911263786
1739.5,39.318458091343075,0.0002884764288756883,0.016119959747671504
1740.0,38.679885896158176,0.00029360708741053707,0.01639978627189896
1740.5,38.70524787363756,0.0002927991788672296,0.016355723158821417
1741.0,39.26845613429626,0.0002882393756951924,0.016107031130739354
1741.5,39.659812547452226,0.0002828299901850191,0.01581200259610204
1742.0,39.698495958240635,0.00027648495111967913,0.015465942792405136
1742.5,39.375553529646716,0.0002734977546103633,0.015303020528620192
1743.0,38.956675488237174,0.0002743120834943752,0.015347434195259137
1743.5,39.04971945116157,0.0002784215662693321,0.01557156597750557
1744.0,39.73610567284823,0.00028215829358003644,0.01577536755091385
1744.5,40.09763219718614,0.0002846546327343156,0.01591151819768556
1745.0,40.12146814798851,0.00028854963335398724,0.01612395200538794
1745.5,40.14774409416009,0.00029400604959271137,0.016421545666102412
1746.0,40.758492823158484,0.00029765764365434217,0.0166207042005589
1746.5,41.2839324669524,0.0002956359875836963,0.01651044301418576
1747.0,41.257287811796544,0.00029183056573550703,0.01630289487342689
1747.5,40.67185066056902,0.0002897779973756964,0.016190947445327016
1748.0,40.292359154015394,0.0002898461497091584,0.016194664471225247
1748.5,40.013600193682215,0.00029170492706416355,0.01629604227955437
1749.0,39.474687897691524,0.0002945353253270067,0.016450412351970308
1749.5,38.80989872204452,0.0002961482443241214,0.016538381244124854
1750.0,38.24816696782812,0.0002967027691360947,0.01656862538757397
1750.5,37.93090711296133,0.0002968234592791411,0.01657520719894829
1751.0,37.94315362945699,0.0002949360798027968,0.016472269712621015
1751.5,38.09221324019889,0.0002903052186230636,0.016219702143717724
1752.0,37.86802414625548,0.0002865891891984942,0.016017029396718688
1752.5,37.206483268574345,0.0002825385193599401,0.01579610507981929
1753.0,36.58090437710572,0.00027868548362507497,0.015585960181454028
1753.5,36.13876505043696,0.0002750982140301165,0.015390309966118463
1754.0,35.914833106999254,0.00027160118970539544,0.015199581693611719
1754.5,35.56778287336961,0.0002682286133516082,0.015015640655761244
1755.0,35.32486048298618,0.0002647203374273048,0.014824298875644473
1755.5,35.431164176439594,0.000264272614096721,0.014799880310579501
1756.0,35.69530184720796,0.00027025864384512397,0.015126358780367152
1756.5,35.98013059622829,0.00028262969431738387,0.01580107772076711
1757.0,36.380854344057205,0.00028901715234584474,0.016149450328418243
1757.5,37.1599390966982,0.0002873870395535158,0.016060543640441308
1758.0,37.96487156411131,0.000282222069443108,0.015778845584994865
1758.5,38.51076403361518,0.0002753847502289131,0.015405936771499276
1759.0,38.034903993664884,0.000270634535428629,0.015146859234128578
1759.5,36.8808227000375,0.00026753309956692917,0.014977706822272216
1760.0,35.73487209691838,0.0002660162256784293,0.014894976670725639
1760.5,35.16518349988237,0.000266067920303244,0.014897795859485191
1761.0,35.361774862557034,0.0002654037613626745,0.014861572807448157
1761.5,36.25863761507183,0.00026646647639094566,0.014919533335307806
1762.0,36.499999908070315,0.00026878784859284084,0.015046141555898436
1762.5,36.333507115624194,0.00027162995158028344,0.015201150393590013
1763.0,36.47628131224429,0.00027474890825962724,0.015371258656686395
1763.5,37.185117084630676,0.00027776717370658655,0.015535875394610764
1764.0,37.73036227363902,0.0002799268987750718,0.015653667170487117
1764.5,38.02052990904767,0.00028037773069951874,0.015678255197736586
1765.0,38.489684718966245,0.00027884508245835937,0.015594664816471334
1765.5,38.66830424855429,0.0002757665536571312,0.015426761208879602
1766.0,38.31623887486405,0.0002731212846354738,0.015282487587595235
1766.5,37.61543098369505,0.000273594837458734,0.015308314921276983
1767.0,36.70512466274833,0.00027672045074662665,0.01547878630267744
1767.5,36.40273027016078,0.00027757117222071095,0.015525185107000366
1768.0,37.2753576272676,0.0002725995143752712,0.015254030120374355
1768.5,38.17293139413709,0.00026626578837396747,0.014908587965389715
1769.0,38.08694081341072,0.00026273027080990377,0.014715760163341187
1769.5,37.51323429691681,0.0002603187069869419,0.01458423293917299
1770.0,37.05651671955174,0.00026117909328133513,0.014631158595864323
1770.5,37.845377376578256,0.00026342973110143696,0.014753909112320432
1771.0,39.14041830036676,0.00026565224304679,0.014875125400616614
1771.5,40.203853520002,0.0002685296316499784,0.015032057958424045
1772.0,40.497009312614615,0.00027120761882368927,0.01517811606756756
1772.5,40.09679975879167,0.0002726646943295603,0.015257585102089681
1773.0,39.20761613912737,0.00027196982579409933,0.01521968679096046
1773.5,38.165412875783176,0.0002700885978725506,0.015117084657035405
1774.0,37.312790594996116,0.00026843588196181215,0.015026945235555979
1774.5,36.98647832583647,0.00026872497290463004,0.015042712313612984
1775.0,36.73294062142194,0.00026880421121883657,0.01504703387396122
1775.5,36.307881562987845,0.0002682961748812586,0.015019325529289529
1776.0,36.01372711009754,0.0002706651458095783,0.015148528455530224
1776.5,36.12637867283823,0.0002784132536790318,0.015571109149005898
1777.0,36.68115254806726,0.0002823332801729531,0.015784908772595436
1777.5,37.07314798700767,0.0002785412564275174,0.015578092664883799
1778.0,37.253341012437794,0.0002711128488059708,0.015172946917910483
1778.5,37.62191389896326,0.00026366003167306297,0.014766469772727267
1779.0,38.20971146248329,0.0002604736527288424,0.014592684019573953
1779.5,38.396494956164524,0.00026023803574652427,0.01457983313681241
1780.0,38.167518776869976,0.0002627771251071173,0.014718315835512004
1780.5,37.999363809264494,0.0002661530508963192,0.014902439338379453
1781.0,37.96254117909304,0.0002684032938634716,0.015025168186456076
1781.5,37.83034123962341,0.00027072695386081477,0.015151900599433683
1782.0,37.639137266594055,0.00027361665370261414,0.015309505510130708
1782.5,37.18669543879066,0.00027579630453624873,0.015428383518379827
1783.0,36.494617785568146,0.0002754540601901367,0.01540971716874629
1783.5,36.20796504950495,0.00027146135475247536,0.015191954665841589
1784.0,36.44528082379354,0.0002681039731986526,0.01500884300168347
1784.5,36.600477206490645,0.0002650915053118813,0.014844542585643572
1785.0,36.94578353403319,0.00026235215028223374,0.014695137710932837
1785.5,37.640110435641745,0.0002608214995553577,0.01461165561705289
1786.0,38.44947839848192,0.000261031651480198,0.014623117048811883
1786.5,38.716354930283266,0.0002622672319466346,0.014690506218112
1787.0,38.331261425878374,0.00026275571161770106,0.014717147801689309
1787.5,37.74288740433878,0.0002636632252820624,0.014766643996033486
1788.0,37.46462232586709,0.00026484987100072245,0.014831363630780341
1788.5,37.31457158916489,0.0002647829396374199,0.014827713430488781
1789.0,37.225822690175654,0.00026278880098477267,0.014718952551993594
1789.5,37.09945594448896,0.000260244991108774,0.014580212554387018
1790.0,37.049988259015954,0.00025952529544652026,0.014540960342742765
1790.5,37.28840006502058,0.0002626865463931624,0.014713374615099716
1791.0,38.1125715545233,0.00026953135283030506,0.015086690448699397
1791.5,38.8777811933372,0.00027231578201160746,0.015238554745181774
1792.0,38.74926083470322,0.00026893088261472655,0.015053942546489753
1792.5,38.49860873789701,0.0002612408729243756,0.014634528321577245
1793.0,38.2982035672236,0.0002546272162138664,0.014273818717983838
1793.5,37.63215724744691,0.00024950644894833026,0.013994530837905764
1794.0,37.04133493316262,0.00024992199319429195,0.014017195200329307
1794.5,36.40379019910591,0.0002531192309842245,0.014191572955189732
1795.0,36.02164011722972,0.00025553423920600084,0.014323287717526533
1795.5,36.136252242261634,0.00025628377258002556,0.014364167406347172
1796.0,36.924154206977335,0.0002555365009707293,0.014323411359135592
1796.5,37.71567823801398,0.0002556648273559539,0.014330410083501006
1797.0,38.27111697230477,0.0002584939491527553,0.014484710713354661
1797.5,38.44833680907204,0.0002615827956120627,0.014653176699243663
1798.0,38.596468135463304,0.00026434974033984535,0.014804085887667887
1798.5,38.61879573875097,0.00026679019917684216,0.014937188127085903
1799.0,38.008071418803425,0.00026651259186813187,0.014922047681318681
1799.5,36.81112291073049,0.00026364215805376536,0.014765494102866357
1800.0,35.50723188888889,0.00025929685,0.014528501
